experiment,seed,index,ply_path,true,pred,true_name,pred_name,confidence
plus_jitter,1,0,/home/nochi/NOCHI/M2_PAR/Apprenyissage_Pointcloud/Pointclouds-classification-with-the-POINTNET-Neural-network/PointNetLab/data/ModelNet10_PLY/bathtub/test/bathtub_0107.ply,0,0,bathtub,bathtub,0.9883484244346619
plus_jitter,1,1,/home/nochi/NOCHI/M2_PAR/Apprenyissage_Pointcloud/Pointclouds-classification-with-the-POINTNET-Neural-network/PointNetLab/data/ModelNet10_PLY/bathtub/test/bathtub_0108.ply,0,0,bathtub,bathtub,0.9925092458724976
plus_jitter,1,2,/home/nochi/NOCHI/M2_PAR/Apprenyissage_Pointcloud/Pointclouds-classification-with-the-POINTNET-Neural-network/PointNetLab/data/ModelNet10_PLY/bathtub/test/bathtub_0109.ply,0,0,bathtub,bathtub,0.9929273128509521
plus_jitter,1,3,/home/nochi/NOCHI/M2_PAR/Apprenyissage_Pointcloud/Pointclouds-classification-with-the-POINTNET-Neural-network/PointNetLab/data/ModelNet10_PLY/bathtub/test/bathtub_0110.ply,0,0,bathtub,bathtub,0.9898927211761475
plus_jitter,1,4,/home/nochi/NOCHI/M2_PAR/Apprenyissage_Pointcloud/Pointclouds-classification-with-the-POINTNET-Neural-network/PointNetLab/data/ModelNet10_PLY/bathtub/test/bathtub_0111.ply,0,1,bathtub,bed,0.7389371395111084
plus_jitter,1,5,/home/nochi/NOCHI/M2_PAR/Apprenyissage_Pointcloud/Pointclouds-classification-with-the-POINTNET-Neural-network/PointNetLab/data/ModelNet10_PLY/bathtub/test/bathtub_0112.ply,0,0,bathtub,bathtub,0.9721090197563171
plus_jitter,1,6,/home/nochi/NOCHI/M2_PAR/Apprenyissage_Pointcloud/Pointclouds-classification-with-the-POINTNET-Neural-network/PointNetLab/data/ModelNet10_PLY/bathtub/test/bathtub_0113.ply,0,0,bathtub,bathtub,0.9436338543891907
plus_jitter,1,7,/home/nochi/NOCHI/M2_PAR/Apprenyissage_Pointcloud/Pointclouds-classification-with-the-POINTNET-Neural-network/PointNetLab/data/ModelNet10_PLY/bathtub/test/bathtub_0114.ply,0,0,bathtub,bathtub,0.984001100063324
plus_jitter,1,8,/home/nochi/NOCHI/M2_PAR/Apprenyissage_Pointcloud/Pointclouds-classification-with-the-POINTNET-Neural-network/PointNetLab/data/ModelNet10_PLY/bathtub/test/bathtub_0115.ply,0,0,bathtub,bathtub,0.9668663740158081
plus_jitter,1,9,/home/nochi/NOCHI/M2_PAR/Apprenyissage_Pointcloud/Pointclouds-classification-with-the-POINTNET-Neural-network/PointNetLab/data/ModelNet10_PLY/bathtub/test/bathtub_0116.ply,0,0,bathtub,bathtub,0.9914233088493347
plus_jitter,1,10,/home/nochi/NOCHI/M2_PAR/Apprenyissage_Pointcloud/Pointclouds-classification-with-the-POINTNET-Neural-network/PointNetLab/data/ModelNet10_PLY/bathtub/test/bathtub_0117.ply,0,0,bathtub,bathtub,0.9894992709159851
plus_jitter,1,11,/home/nochi/NOCHI/M2_PAR/Apprenyissage_Pointcloud/Pointclouds-classification-with-the-POINTNET-Neural-network/PointNetLab/data/ModelNet10_PLY/bathtub/test/bathtub_0118.ply,0,0,bathtub,bathtub,0.9903562664985657
plus_jitter,1,12,/home/nochi/NOCHI/M2_PAR/Apprenyissage_Pointcloud/Pointclouds-classification-with-the-POINTNET-Neural-network/PointNetLab/data/ModelNet10_PLY/bathtub/test/bathtub_0119.ply,0,0,bathtub,bathtub,0.9678224921226501
plus_jitter,1,13,/home/nochi/NOCHI/M2_PAR/Apprenyissage_Pointcloud/Pointclouds-classification-with-the-POINTNET-Neural-network/PointNetLab/data/ModelNet10_PLY/bathtub/test/bathtub_0120.ply,0,1,bathtub,bed,0.6372584700584412
plus_jitter,1,14,/home/nochi/NOCHI/M2_PAR/Apprenyissage_Pointcloud/Pointclouds-classification-with-the-POINTNET-Neural-network/PointNetLab/data/ModelNet10_PLY/bathtub/test/bathtub_0121.ply,0,0,bathtub,bathtub,0.9899687170982361
plus_jitter,1,15,/home/nochi/NOCHI/M2_PAR/Apprenyissage_Pointcloud/Pointclouds-classification-with-the-POINTNET-Neural-network/PointNetLab/data/ModelNet10_PLY/bathtub/test/bathtub_0122.ply,0,0,bathtub,bathtub,0.9595575332641602
plus_jitter,1,16,/home/nochi/NOCHI/M2_PAR/Apprenyissage_Pointcloud/Pointclouds-classification-with-the-POINTNET-Neural-network/PointNetLab/data/ModelNet10_PLY/bathtub/test/bathtub_0123.ply,0,1,bathtub,bed,0.9027311205863953
plus_jitter,1,17,/home/nochi/NOCHI/M2_PAR/Apprenyissage_Pointcloud/Pointclouds-classification-with-the-POINTNET-Neural-network/PointNetLab/data/ModelNet10_PLY/bathtub/test/bathtub_0124.ply,0,0,bathtub,bathtub,0.8742439150810242
plus_jitter,1,18,/home/nochi/NOCHI/M2_PAR/Apprenyissage_Pointcloud/Pointclouds-classification-with-the-POINTNET-Neural-network/PointNetLab/data/ModelNet10_PLY/bathtub/test/bathtub_0125.ply,0,0,bathtub,bathtub,0.8565999269485474
plus_jitter,1,19,/home/nochi/NOCHI/M2_PAR/Apprenyissage_Pointcloud/Pointclouds-classification-with-the-POINTNET-Neural-network/PointNetLab/data/ModelNet10_PLY/bathtub/test/bathtub_0126.ply,0,0,bathtub,bathtub,0.99209064245224
plus_jitter,1,20,/home/nochi/NOCHI/M2_PAR/Apprenyissage_Pointcloud/Pointclouds-classification-with-the-POINTNET-Neural-network/PointNetLab/data/ModelNet10_PLY/bathtub/test/bathtub_0127.ply,0,1,bathtub,bed,0.9992538094520569
plus_jitter,1,21,/home/nochi/NOCHI/M2_PAR/Apprenyissage_Pointcloud/Pointclouds-classification-with-the-POINTNET-Neural-network/PointNetLab/data/ModelNet10_PLY/bathtub/test/bathtub_0128.ply,0,0,bathtub,bathtub,0.6789425015449524
plus_jitter,1,22,/home/nochi/NOCHI/M2_PAR/Apprenyissage_Pointcloud/Pointclouds-classification-with-the-POINTNET-Neural-network/PointNetLab/data/ModelNet10_PLY/bathtub/test/bathtub_0129.ply,0,0,bathtub,bathtub,0.8639877438545227
plus_jitter,1,23,/home/nochi/NOCHI/M2_PAR/Apprenyissage_Pointcloud/Pointclouds-classification-with-the-POINTNET-Neural-network/PointNetLab/data/ModelNet10_PLY/bathtub/test/bathtub_0130.ply,0,1,bathtub,bed,0.8438374996185303
plus_jitter,1,24,/home/nochi/NOCHI/M2_PAR/Apprenyissage_Pointcloud/Pointclouds-classification-with-the-POINTNET-Neural-network/PointNetLab/data/ModelNet10_PLY/bathtub/test/bathtub_0131.ply,0,0,bathtub,bathtub,0.9444988369941711
plus_jitter,1,25,/home/nochi/NOCHI/M2_PAR/Apprenyissage_Pointcloud/Pointclouds-classification-with-the-POINTNET-Neural-network/PointNetLab/data/ModelNet10_PLY/bathtub/test/bathtub_0132.ply,0,7,bathtub,sofa,0.7674828767776489
plus_jitter,1,26,/home/nochi/NOCHI/M2_PAR/Apprenyissage_Pointcloud/Pointclouds-classification-with-the-POINTNET-Neural-network/PointNetLab/data/ModelNet10_PLY/bathtub/test/bathtub_0133.ply,0,0,bathtub,bathtub,0.9905977845191956
plus_jitter,1,27,/home/nochi/NOCHI/M2_PAR/Apprenyissage_Pointcloud/Pointclouds-classification-with-the-POINTNET-Neural-network/PointNetLab/data/ModelNet10_PLY/bathtub/test/bathtub_0134.ply,0,1,bathtub,bed,0.9973891377449036
plus_jitter,1,28,/home/nochi/NOCHI/M2_PAR/Apprenyissage_Pointcloud/Pointclouds-classification-with-the-POINTNET-Neural-network/PointNetLab/data/ModelNet10_PLY/bathtub/test/bathtub_0135.ply,0,0,bathtub,bathtub,0.9731793999671936
plus_jitter,1,29,/home/nochi/NOCHI/M2_PAR/Apprenyissage_Pointcloud/Pointclouds-classification-with-the-POINTNET-Neural-network/PointNetLab/data/ModelNet10_PLY/bathtub/test/bathtub_0136.ply,0,0,bathtub,bathtub,0.9771566987037659
plus_jitter,1,30,/home/nochi/NOCHI/M2_PAR/Apprenyissage_Pointcloud/Pointclouds-classification-with-the-POINTNET-Neural-network/PointNetLab/data/ModelNet10_PLY/bathtub/test/bathtub_0137.ply,0,0,bathtub,bathtub,0.9815150499343872
plus_jitter,1,31,/home/nochi/NOCHI/M2_PAR/Apprenyissage_Pointcloud/Pointclouds-classification-with-the-POINTNET-Neural-network/PointNetLab/data/ModelNet10_PLY/bathtub/test/bathtub_0138.ply,0,1,bathtub,bed,0.9165802001953125
plus_jitter,1,32,/home/nochi/NOCHI/M2_PAR/Apprenyissage_Pointcloud/Pointclouds-classification-with-the-POINTNET-Neural-network/PointNetLab/data/ModelNet10_PLY/bathtub/test/bathtub_0139.ply,0,1,bathtub,bed,0.974035382270813
plus_jitter,1,33,/home/nochi/NOCHI/M2_PAR/Apprenyissage_Pointcloud/Pointclouds-classification-with-the-POINTNET-Neural-network/PointNetLab/data/ModelNet10_PLY/bathtub/test/bathtub_0140.ply,0,0,bathtub,bathtub,0.9953567385673523
plus_jitter,1,34,/home/nochi/NOCHI/M2_PAR/Apprenyissage_Pointcloud/Pointclouds-classification-with-the-POINTNET-Neural-network/PointNetLab/data/ModelNet10_PLY/bathtub/test/bathtub_0141.ply,0,0,bathtub,bathtub,0.7565792202949524
plus_jitter,1,35,/home/nochi/NOCHI/M2_PAR/Apprenyissage_Pointcloud/Pointclouds-classification-with-the-POINTNET-Neural-network/PointNetLab/data/ModelNet10_PLY/bathtub/test/bathtub_0142.ply,0,0,bathtub,bathtub,0.9931865334510803
plus_jitter,1,36,/home/nochi/NOCHI/M2_PAR/Apprenyissage_Pointcloud/Pointclouds-classification-with-the-POINTNET-Neural-network/PointNetLab/data/ModelNet10_PLY/bathtub/test/bathtub_0143.ply,0,0,bathtub,bathtub,0.9941065311431885
plus_jitter,1,37,/home/nochi/NOCHI/M2_PAR/Apprenyissage_Pointcloud/Pointclouds-classification-with-the-POINTNET-Neural-network/PointNetLab/data/ModelNet10_PLY/bathtub/test/bathtub_0144.ply,0,0,bathtub,bathtub,0.9881892800331116
plus_jitter,1,38,/home/nochi/NOCHI/M2_PAR/Apprenyissage_Pointcloud/Pointclouds-classification-with-the-POINTNET-Neural-network/PointNetLab/data/ModelNet10_PLY/bathtub/test/bathtub_0145.ply,0,0,bathtub,bathtub,0.9870886206626892
plus_jitter,1,39,/home/nochi/NOCHI/M2_PAR/Apprenyissage_Pointcloud/Pointclouds-classification-with-the-POINTNET-Neural-network/PointNetLab/data/ModelNet10_PLY/bathtub/test/bathtub_0146.ply,0,0,bathtub,bathtub,0.9944350123405457
plus_jitter,1,40,/home/nochi/NOCHI/M2_PAR/Apprenyissage_Pointcloud/Pointclouds-classification-with-the-POINTNET-Neural-network/PointNetLab/data/ModelNet10_PLY/bathtub/test/bathtub_0147.ply,0,0,bathtub,bathtub,0.9905765056610107
plus_jitter,1,41,/home/nochi/NOCHI/M2_PAR/Apprenyissage_Pointcloud/Pointclouds-classification-with-the-POINTNET-Neural-network/PointNetLab/data/ModelNet10_PLY/bathtub/test/bathtub_0148.ply,0,0,bathtub,bathtub,0.9925538301467896
plus_jitter,1,42,/home/nochi/NOCHI/M2_PAR/Apprenyissage_Pointcloud/Pointclouds-classification-with-the-POINTNET-Neural-network/PointNetLab/data/ModelNet10_PLY/bathtub/test/bathtub_0149.ply,0,0,bathtub,bathtub,0.994437575340271
plus_jitter,1,43,/home/nochi/NOCHI/M2_PAR/Apprenyissage_Pointcloud/Pointclouds-classification-with-the-POINTNET-Neural-network/PointNetLab/data/ModelNet10_PLY/bathtub/test/bathtub_0150.ply,0,0,bathtub,bathtub,0.9941478371620178
plus_jitter,1,44,/home/nochi/NOCHI/M2_PAR/Apprenyissage_Pointcloud/Pointclouds-classification-with-the-POINTNET-Neural-network/PointNetLab/data/ModelNet10_PLY/bathtub/test/bathtub_0151.ply,0,0,bathtub,bathtub,0.5932205319404602
plus_jitter,1,45,/home/nochi/NOCHI/M2_PAR/Apprenyissage_Pointcloud/Pointclouds-classification-with-the-POINTNET-Neural-network/PointNetLab/data/ModelNet10_PLY/bathtub/test/bathtub_0152.ply,0,0,bathtub,bathtub,0.517541229724884
plus_jitter,1,46,/home/nochi/NOCHI/M2_PAR/Apprenyissage_Pointcloud/Pointclouds-classification-with-the-POINTNET-Neural-network/PointNetLab/data/ModelNet10_PLY/bathtub/test/bathtub_0153.ply,0,0,bathtub,bathtub,0.9386908411979675
plus_jitter,1,47,/home/nochi/NOCHI/M2_PAR/Apprenyissage_Pointcloud/Pointclouds-classification-with-the-POINTNET-Neural-network/PointNetLab/data/ModelNet10_PLY/bathtub/test/bathtub_0154.ply,0,0,bathtub,bathtub,0.9788020253181458
plus_jitter,1,48,/home/nochi/NOCHI/M2_PAR/Apprenyissage_Pointcloud/Pointclouds-classification-with-the-POINTNET-Neural-network/PointNetLab/data/ModelNet10_PLY/bathtub/test/bathtub_0155.ply,0,0,bathtub,bathtub,0.994591236114502
plus_jitter,1,49,/home/nochi/NOCHI/M2_PAR/Apprenyissage_Pointcloud/Pointclouds-classification-with-the-POINTNET-Neural-network/PointNetLab/data/ModelNet10_PLY/bathtub/test/bathtub_0156.ply,0,0,bathtub,bathtub,0.9876949787139893
plus_jitter,1,50,/home/nochi/NOCHI/M2_PAR/Apprenyissage_Pointcloud/Pointclouds-classification-with-the-POINTNET-Neural-network/PointNetLab/data/ModelNet10_PLY/bed/test/bed_0516.ply,1,1,bed,bed,0.9313852787017822
plus_jitter,1,51,/home/nochi/NOCHI/M2_PAR/Apprenyissage_Pointcloud/Pointclouds-classification-with-the-POINTNET-Neural-network/PointNetLab/data/ModelNet10_PLY/bed/test/bed_0517.ply,1,1,bed,bed,0.9986535906791687
plus_jitter,1,52,/home/nochi/NOCHI/M2_PAR/Apprenyissage_Pointcloud/Pointclouds-classification-with-the-POINTNET-Neural-network/PointNetLab/data/ModelNet10_PLY/bed/test/bed_0518.ply,1,1,bed,bed,0.7205402255058289
plus_jitter,1,53,/home/nochi/NOCHI/M2_PAR/Apprenyissage_Pointcloud/Pointclouds-classification-with-the-POINTNET-Neural-network/PointNetLab/data/ModelNet10_PLY/bed/test/bed_0519.ply,1,2,bed,chair,0.952366292476654
plus_jitter,1,54,/home/nochi/NOCHI/M2_PAR/Apprenyissage_Pointcloud/Pointclouds-classification-with-the-POINTNET-Neural-network/PointNetLab/data/ModelNet10_PLY/bed/test/bed_0520.ply,1,1,bed,bed,0.9974772334098816
plus_jitter,1,55,/home/nochi/NOCHI/M2_PAR/Apprenyissage_Pointcloud/Pointclouds-classification-with-the-POINTNET-Neural-network/PointNetLab/data/ModelNet10_PLY/bed/test/bed_0521.ply,1,1,bed,bed,0.9922152757644653
plus_jitter,1,56,/home/nochi/NOCHI/M2_PAR/Apprenyissage_Pointcloud/Pointclouds-classification-with-the-POINTNET-Neural-network/PointNetLab/data/ModelNet10_PLY/bed/test/bed_0522.ply,1,1,bed,bed,0.996252715587616
plus_jitter,1,57,/home/nochi/NOCHI/M2_PAR/Apprenyissage_Pointcloud/Pointclouds-classification-with-the-POINTNET-Neural-network/PointNetLab/data/ModelNet10_PLY/bed/test/bed_0523.ply,1,1,bed,bed,0.9941656589508057
plus_jitter,1,58,/home/nochi/NOCHI/M2_PAR/Apprenyissage_Pointcloud/Pointclouds-classification-with-the-POINTNET-Neural-network/PointNetLab/data/ModelNet10_PLY/bed/test/bed_0524.ply,1,1,bed,bed,0.9940826296806335
plus_jitter,1,59,/home/nochi/NOCHI/M2_PAR/Apprenyissage_Pointcloud/Pointclouds-classification-with-the-POINTNET-Neural-network/PointNetLab/data/ModelNet10_PLY/bed/test/bed_0525.ply,1,1,bed,bed,0.9964315295219421
plus_jitter,1,60,/home/nochi/NOCHI/M2_PAR/Apprenyissage_Pointcloud/Pointclouds-classification-with-the-POINTNET-Neural-network/PointNetLab/data/ModelNet10_PLY/bed/test/bed_0526.ply,1,1,bed,bed,0.9970154762268066
plus_jitter,1,61,/home/nochi/NOCHI/M2_PAR/Apprenyissage_Pointcloud/Pointclouds-classification-with-the-POINTNET-Neural-network/PointNetLab/data/ModelNet10_PLY/bed/test/bed_0527.ply,1,1,bed,bed,0.9916559457778931
plus_jitter,1,62,/home/nochi/NOCHI/M2_PAR/Apprenyissage_Pointcloud/Pointclouds-classification-with-the-POINTNET-Neural-network/PointNetLab/data/ModelNet10_PLY/bed/test/bed_0528.ply,1,1,bed,bed,0.9985048770904541
plus_jitter,1,63,/home/nochi/NOCHI/M2_PAR/Apprenyissage_Pointcloud/Pointclouds-classification-with-the-POINTNET-Neural-network/PointNetLab/data/ModelNet10_PLY/bed/test/bed_0529.ply,1,1,bed,bed,0.9700719714164734
plus_jitter,1,64,/home/nochi/NOCHI/M2_PAR/Apprenyissage_Pointcloud/Pointclouds-classification-with-the-POINTNET-Neural-network/PointNetLab/data/ModelNet10_PLY/bed/test/bed_0530.ply,1,1,bed,bed,0.9698076844215393
plus_jitter,1,65,/home/nochi/NOCHI/M2_PAR/Apprenyissage_Pointcloud/Pointclouds-classification-with-the-POINTNET-Neural-network/PointNetLab/data/ModelNet10_PLY/bed/test/bed_0531.ply,1,1,bed,bed,0.9928337931632996
plus_jitter,1,66,/home/nochi/NOCHI/M2_PAR/Apprenyissage_Pointcloud/Pointclouds-classification-with-the-POINTNET-Neural-network/PointNetLab/data/ModelNet10_PLY/bed/test/bed_0532.ply,1,1,bed,bed,0.995733916759491
plus_jitter,1,67,/home/nochi/NOCHI/M2_PAR/Apprenyissage_Pointcloud/Pointclouds-classification-with-the-POINTNET-Neural-network/PointNetLab/data/ModelNet10_PLY/bed/test/bed_0533.ply,1,1,bed,bed,0.9892241954803467
plus_jitter,1,68,/home/nochi/NOCHI/M2_PAR/Apprenyissage_Pointcloud/Pointclouds-classification-with-the-POINTNET-Neural-network/PointNetLab/data/ModelNet10_PLY/bed/test/bed_0534.ply,1,1,bed,bed,0.9273030757904053
plus_jitter,1,69,/home/nochi/NOCHI/M2_PAR/Apprenyissage_Pointcloud/Pointclouds-classification-with-the-POINTNET-Neural-network/PointNetLab/data/ModelNet10_PLY/bed/test/bed_0535.ply,1,1,bed,bed,0.9968495965003967
plus_jitter,1,70,/home/nochi/NOCHI/M2_PAR/Apprenyissage_Pointcloud/Pointclouds-classification-with-the-POINTNET-Neural-network/PointNetLab/data/ModelNet10_PLY/bed/test/bed_0536.ply,1,1,bed,bed,0.996458113193512
plus_jitter,1,71,/home/nochi/NOCHI/M2_PAR/Apprenyissage_Pointcloud/Pointclouds-classification-with-the-POINTNET-Neural-network/PointNetLab/data/ModelNet10_PLY/bed/test/bed_0537.ply,1,1,bed,bed,0.9116032123565674
plus_jitter,1,72,/home/nochi/NOCHI/M2_PAR/Apprenyissage_Pointcloud/Pointclouds-classification-with-the-POINTNET-Neural-network/PointNetLab/data/ModelNet10_PLY/bed/test/bed_0538.ply,1,1,bed,bed,0.9836030006408691
plus_jitter,1,73,/home/nochi/NOCHI/M2_PAR/Apprenyissage_Pointcloud/Pointclouds-classification-with-the-POINTNET-Neural-network/PointNetLab/data/ModelNet10_PLY/bed/test/bed_0539.ply,1,1,bed,bed,0.997323751449585
plus_jitter,1,74,/home/nochi/NOCHI/M2_PAR/Apprenyissage_Pointcloud/Pointclouds-classification-with-the-POINTNET-Neural-network/PointNetLab/data/ModelNet10_PLY/bed/test/bed_0540.ply,1,1,bed,bed,0.9988206028938293
plus_jitter,1,75,/home/nochi/NOCHI/M2_PAR/Apprenyissage_Pointcloud/Pointclouds-classification-with-the-POINTNET-Neural-network/PointNetLab/data/ModelNet10_PLY/bed/test/bed_0541.ply,1,1,bed,bed,0.9895708560943604
plus_jitter,1,76,/home/nochi/NOCHI/M2_PAR/Apprenyissage_Pointcloud/Pointclouds-classification-with-the-POINTNET-Neural-network/PointNetLab/data/ModelNet10_PLY/bed/test/bed_0542.ply,1,1,bed,bed,0.6517464518547058
plus_jitter,1,77,/home/nochi/NOCHI/M2_PAR/Apprenyissage_Pointcloud/Pointclouds-classification-with-the-POINTNET-Neural-network/PointNetLab/data/ModelNet10_PLY/bed/test/bed_0543.ply,1,1,bed,bed,0.9366355538368225
plus_jitter,1,78,/home/nochi/NOCHI/M2_PAR/Apprenyissage_Pointcloud/Pointclouds-classification-with-the-POINTNET-Neural-network/PointNetLab/data/ModelNet10_PLY/bed/test/bed_0544.ply,1,1,bed,bed,0.9932265877723694
plus_jitter,1,79,/home/nochi/NOCHI/M2_PAR/Apprenyissage_Pointcloud/Pointclouds-classification-with-the-POINTNET-Neural-network/PointNetLab/data/ModelNet10_PLY/bed/test/bed_0545.ply,1,1,bed,bed,0.9928126335144043
plus_jitter,1,80,/home/nochi/NOCHI/M2_PAR/Apprenyissage_Pointcloud/Pointclouds-classification-with-the-POINTNET-Neural-network/PointNetLab/data/ModelNet10_PLY/bed/test/bed_0546.ply,1,1,bed,bed,0.9940821528434753
plus_jitter,1,81,/home/nochi/NOCHI/M2_PAR/Apprenyissage_Pointcloud/Pointclouds-classification-with-the-POINTNET-Neural-network/PointNetLab/data/ModelNet10_PLY/bed/test/bed_0547.ply,1,1,bed,bed,0.9048048853874207
plus_jitter,1,82,/home/nochi/NOCHI/M2_PAR/Apprenyissage_Pointcloud/Pointclouds-classification-with-the-POINTNET-Neural-network/PointNetLab/data/ModelNet10_PLY/bed/test/bed_0548.ply,1,1,bed,bed,0.9597673416137695
plus_jitter,1,83,/home/nochi/NOCHI/M2_PAR/Apprenyissage_Pointcloud/Pointclouds-classification-with-the-POINTNET-Neural-network/PointNetLab/data/ModelNet10_PLY/bed/test/bed_0549.ply,1,1,bed,bed,0.9983466863632202
plus_jitter,1,84,/home/nochi/NOCHI/M2_PAR/Apprenyissage_Pointcloud/Pointclouds-classification-with-the-POINTNET-Neural-network/PointNetLab/data/ModelNet10_PLY/bed/test/bed_0550.ply,1,1,bed,bed,0.9886067509651184
plus_jitter,1,85,/home/nochi/NOCHI/M2_PAR/Apprenyissage_Pointcloud/Pointclouds-classification-with-the-POINTNET-Neural-network/PointNetLab/data/ModelNet10_PLY/bed/test/bed_0551.ply,1,1,bed,bed,0.9898632764816284
plus_jitter,1,86,/home/nochi/NOCHI/M2_PAR/Apprenyissage_Pointcloud/Pointclouds-classification-with-the-POINTNET-Neural-network/PointNetLab/data/ModelNet10_PLY/bed/test/bed_0552.ply,1,1,bed,bed,0.7135902047157288
plus_jitter,1,87,/home/nochi/NOCHI/M2_PAR/Apprenyissage_Pointcloud/Pointclouds-classification-with-the-POINTNET-Neural-network/PointNetLab/data/ModelNet10_PLY/bed/test/bed_0553.ply,1,1,bed,bed,0.9981549978256226
plus_jitter,1,88,/home/nochi/NOCHI/M2_PAR/Apprenyissage_Pointcloud/Pointclouds-classification-with-the-POINTNET-Neural-network/PointNetLab/data/ModelNet10_PLY/bed/test/bed_0554.ply,1,1,bed,bed,0.9985588788986206
plus_jitter,1,89,/home/nochi/NOCHI/M2_PAR/Apprenyissage_Pointcloud/Pointclouds-classification-with-the-POINTNET-Neural-network/PointNetLab/data/ModelNet10_PLY/bed/test/bed_0555.ply,1,1,bed,bed,0.9946997761726379
plus_jitter,1,90,/home/nochi/NOCHI/M2_PAR/Apprenyissage_Pointcloud/Pointclouds-classification-with-the-POINTNET-Neural-network/PointNetLab/data/ModelNet10_PLY/bed/test/bed_0556.ply,1,1,bed,bed,0.9971069693565369
plus_jitter,1,91,/home/nochi/NOCHI/M2_PAR/Apprenyissage_Pointcloud/Pointclouds-classification-with-the-POINTNET-Neural-network/PointNetLab/data/ModelNet10_PLY/bed/test/bed_0557.ply,1,1,bed,bed,0.9791167974472046
plus_jitter,1,92,/home/nochi/NOCHI/M2_PAR/Apprenyissage_Pointcloud/Pointclouds-classification-with-the-POINTNET-Neural-network/PointNetLab/data/ModelNet10_PLY/bed/test/bed_0558.ply,1,1,bed,bed,0.9962735176086426
plus_jitter,1,93,/home/nochi/NOCHI/M2_PAR/Apprenyissage_Pointcloud/Pointclouds-classification-with-the-POINTNET-Neural-network/PointNetLab/data/ModelNet10_PLY/bed/test/bed_0559.ply,1,1,bed,bed,0.653793215751648
plus_jitter,1,94,/home/nochi/NOCHI/M2_PAR/Apprenyissage_Pointcloud/Pointclouds-classification-with-the-POINTNET-Neural-network/PointNetLab/data/ModelNet10_PLY/bed/test/bed_0560.ply,1,1,bed,bed,0.9731932282447815
plus_jitter,1,95,/home/nochi/NOCHI/M2_PAR/Apprenyissage_Pointcloud/Pointclouds-classification-with-the-POINTNET-Neural-network/PointNetLab/data/ModelNet10_PLY/bed/test/bed_0561.ply,1,1,bed,bed,0.9975041747093201
plus_jitter,1,96,/home/nochi/NOCHI/M2_PAR/Apprenyissage_Pointcloud/Pointclouds-classification-with-the-POINTNET-Neural-network/PointNetLab/data/ModelNet10_PLY/bed/test/bed_0562.ply,1,1,bed,bed,0.9725491404533386
plus_jitter,1,97,/home/nochi/NOCHI/M2_PAR/Apprenyissage_Pointcloud/Pointclouds-classification-with-the-POINTNET-Neural-network/PointNetLab/data/ModelNet10_PLY/bed/test/bed_0563.ply,1,1,bed,bed,0.9974522590637207
plus_jitter,1,98,/home/nochi/NOCHI/M2_PAR/Apprenyissage_Pointcloud/Pointclouds-classification-with-the-POINTNET-Neural-network/PointNetLab/data/ModelNet10_PLY/bed/test/bed_0564.ply,1,1,bed,bed,0.9873501658439636
plus_jitter,1,99,/home/nochi/NOCHI/M2_PAR/Apprenyissage_Pointcloud/Pointclouds-classification-with-the-POINTNET-Neural-network/PointNetLab/data/ModelNet10_PLY/bed/test/bed_0565.ply,1,1,bed,bed,0.9618644118309021
plus_jitter,1,100,/home/nochi/NOCHI/M2_PAR/Apprenyissage_Pointcloud/Pointclouds-classification-with-the-POINTNET-Neural-network/PointNetLab/data/ModelNet10_PLY/bed/test/bed_0566.ply,1,1,bed,bed,0.8659566640853882
plus_jitter,1,101,/home/nochi/NOCHI/M2_PAR/Apprenyissage_Pointcloud/Pointclouds-classification-with-the-POINTNET-Neural-network/PointNetLab/data/ModelNet10_PLY/bed/test/bed_0567.ply,1,1,bed,bed,0.9984806180000305
plus_jitter,1,102,/home/nochi/NOCHI/M2_PAR/Apprenyissage_Pointcloud/Pointclouds-classification-with-the-POINTNET-Neural-network/PointNetLab/data/ModelNet10_PLY/bed/test/bed_0568.ply,1,1,bed,bed,0.9942917823791504
plus_jitter,1,103,/home/nochi/NOCHI/M2_PAR/Apprenyissage_Pointcloud/Pointclouds-classification-with-the-POINTNET-Neural-network/PointNetLab/data/ModelNet10_PLY/bed/test/bed_0569.ply,1,1,bed,bed,0.9869039058685303
plus_jitter,1,104,/home/nochi/NOCHI/M2_PAR/Apprenyissage_Pointcloud/Pointclouds-classification-with-the-POINTNET-Neural-network/PointNetLab/data/ModelNet10_PLY/bed/test/bed_0570.ply,1,1,bed,bed,0.9949014186859131
plus_jitter,1,105,/home/nochi/NOCHI/M2_PAR/Apprenyissage_Pointcloud/Pointclouds-classification-with-the-POINTNET-Neural-network/PointNetLab/data/ModelNet10_PLY/bed/test/bed_0571.ply,1,1,bed,bed,0.9908170700073242
plus_jitter,1,106,/home/nochi/NOCHI/M2_PAR/Apprenyissage_Pointcloud/Pointclouds-classification-with-the-POINTNET-Neural-network/PointNetLab/data/ModelNet10_PLY/bed/test/bed_0572.ply,1,1,bed,bed,0.9935271143913269
plus_jitter,1,107,/home/nochi/NOCHI/M2_PAR/Apprenyissage_Pointcloud/Pointclouds-classification-with-the-POINTNET-Neural-network/PointNetLab/data/ModelNet10_PLY/bed/test/bed_0573.ply,1,1,bed,bed,0.9912500977516174
plus_jitter,1,108,/home/nochi/NOCHI/M2_PAR/Apprenyissage_Pointcloud/Pointclouds-classification-with-the-POINTNET-Neural-network/PointNetLab/data/ModelNet10_PLY/bed/test/bed_0574.ply,1,1,bed,bed,0.9747616648674011
plus_jitter,1,109,/home/nochi/NOCHI/M2_PAR/Apprenyissage_Pointcloud/Pointclouds-classification-with-the-POINTNET-Neural-network/PointNetLab/data/ModelNet10_PLY/bed/test/bed_0575.ply,1,1,bed,bed,0.9948017001152039
plus_jitter,1,110,/home/nochi/NOCHI/M2_PAR/Apprenyissage_Pointcloud/Pointclouds-classification-with-the-POINTNET-Neural-network/PointNetLab/data/ModelNet10_PLY/bed/test/bed_0576.ply,1,1,bed,bed,0.9707443118095398
plus_jitter,1,111,/home/nochi/NOCHI/M2_PAR/Apprenyissage_Pointcloud/Pointclouds-classification-with-the-POINTNET-Neural-network/PointNetLab/data/ModelNet10_PLY/bed/test/bed_0577.ply,1,1,bed,bed,0.9937593936920166
plus_jitter,1,112,/home/nochi/NOCHI/M2_PAR/Apprenyissage_Pointcloud/Pointclouds-classification-with-the-POINTNET-Neural-network/PointNetLab/data/ModelNet10_PLY/bed/test/bed_0578.ply,1,1,bed,bed,0.9204748272895813
plus_jitter,1,113,/home/nochi/NOCHI/M2_PAR/Apprenyissage_Pointcloud/Pointclouds-classification-with-the-POINTNET-Neural-network/PointNetLab/data/ModelNet10_PLY/bed/test/bed_0579.ply,1,1,bed,bed,0.9963271021842957
plus_jitter,1,114,/home/nochi/NOCHI/M2_PAR/Apprenyissage_Pointcloud/Pointclouds-classification-with-the-POINTNET-Neural-network/PointNetLab/data/ModelNet10_PLY/bed/test/bed_0580.ply,1,1,bed,bed,0.9960520267486572
plus_jitter,1,115,/home/nochi/NOCHI/M2_PAR/Apprenyissage_Pointcloud/Pointclouds-classification-with-the-POINTNET-Neural-network/PointNetLab/data/ModelNet10_PLY/bed/test/bed_0581.ply,1,1,bed,bed,0.995111882686615
plus_jitter,1,116,/home/nochi/NOCHI/M2_PAR/Apprenyissage_Pointcloud/Pointclouds-classification-with-the-POINTNET-Neural-network/PointNetLab/data/ModelNet10_PLY/bed/test/bed_0582.ply,1,1,bed,bed,0.992211103439331
plus_jitter,1,117,/home/nochi/NOCHI/M2_PAR/Apprenyissage_Pointcloud/Pointclouds-classification-with-the-POINTNET-Neural-network/PointNetLab/data/ModelNet10_PLY/bed/test/bed_0583.ply,1,1,bed,bed,0.9885187149047852
plus_jitter,1,118,/home/nochi/NOCHI/M2_PAR/Apprenyissage_Pointcloud/Pointclouds-classification-with-the-POINTNET-Neural-network/PointNetLab/data/ModelNet10_PLY/bed/test/bed_0584.ply,1,1,bed,bed,0.9946837425231934
plus_jitter,1,119,/home/nochi/NOCHI/M2_PAR/Apprenyissage_Pointcloud/Pointclouds-classification-with-the-POINTNET-Neural-network/PointNetLab/data/ModelNet10_PLY/bed/test/bed_0585.ply,1,1,bed,bed,0.9976394772529602
plus_jitter,1,120,/home/nochi/NOCHI/M2_PAR/Apprenyissage_Pointcloud/Pointclouds-classification-with-the-POINTNET-Neural-network/PointNetLab/data/ModelNet10_PLY/bed/test/bed_0586.ply,1,1,bed,bed,0.9919610619544983
plus_jitter,1,121,/home/nochi/NOCHI/M2_PAR/Apprenyissage_Pointcloud/Pointclouds-classification-with-the-POINTNET-Neural-network/PointNetLab/data/ModelNet10_PLY/bed/test/bed_0587.ply,1,1,bed,bed,0.9881622195243835
plus_jitter,1,122,/home/nochi/NOCHI/M2_PAR/Apprenyissage_Pointcloud/Pointclouds-classification-with-the-POINTNET-Neural-network/PointNetLab/data/ModelNet10_PLY/bed/test/bed_0588.ply,1,1,bed,bed,0.9910165667533875
plus_jitter,1,123,/home/nochi/NOCHI/M2_PAR/Apprenyissage_Pointcloud/Pointclouds-classification-with-the-POINTNET-Neural-network/PointNetLab/data/ModelNet10_PLY/bed/test/bed_0589.ply,1,1,bed,bed,0.9900704026222229
plus_jitter,1,124,/home/nochi/NOCHI/M2_PAR/Apprenyissage_Pointcloud/Pointclouds-classification-with-the-POINTNET-Neural-network/PointNetLab/data/ModelNet10_PLY/bed/test/bed_0590.ply,1,1,bed,bed,0.7782338261604309
plus_jitter,1,125,/home/nochi/NOCHI/M2_PAR/Apprenyissage_Pointcloud/Pointclouds-classification-with-the-POINTNET-Neural-network/PointNetLab/data/ModelNet10_PLY/bed/test/bed_0591.ply,1,1,bed,bed,0.8435097932815552
plus_jitter,1,126,/home/nochi/NOCHI/M2_PAR/Apprenyissage_Pointcloud/Pointclouds-classification-with-the-POINTNET-Neural-network/PointNetLab/data/ModelNet10_PLY/bed/test/bed_0592.ply,1,1,bed,bed,0.9462692737579346
plus_jitter,1,127,/home/nochi/NOCHI/M2_PAR/Apprenyissage_Pointcloud/Pointclouds-classification-with-the-POINTNET-Neural-network/PointNetLab/data/ModelNet10_PLY/bed/test/bed_0593.ply,1,1,bed,bed,0.9976044297218323
plus_jitter,1,128,/home/nochi/NOCHI/M2_PAR/Apprenyissage_Pointcloud/Pointclouds-classification-with-the-POINTNET-Neural-network/PointNetLab/data/ModelNet10_PLY/bed/test/bed_0594.ply,1,1,bed,bed,0.9877009391784668
plus_jitter,1,129,/home/nochi/NOCHI/M2_PAR/Apprenyissage_Pointcloud/Pointclouds-classification-with-the-POINTNET-Neural-network/PointNetLab/data/ModelNet10_PLY/bed/test/bed_0595.ply,1,1,bed,bed,0.9969743490219116
plus_jitter,1,130,/home/nochi/NOCHI/M2_PAR/Apprenyissage_Pointcloud/Pointclouds-classification-with-the-POINTNET-Neural-network/PointNetLab/data/ModelNet10_PLY/bed/test/bed_0596.ply,1,1,bed,bed,0.9971992373466492
plus_jitter,1,131,/home/nochi/NOCHI/M2_PAR/Apprenyissage_Pointcloud/Pointclouds-classification-with-the-POINTNET-Neural-network/PointNetLab/data/ModelNet10_PLY/bed/test/bed_0597.ply,1,1,bed,bed,0.9941250085830688
plus_jitter,1,132,/home/nochi/NOCHI/M2_PAR/Apprenyissage_Pointcloud/Pointclouds-classification-with-the-POINTNET-Neural-network/PointNetLab/data/ModelNet10_PLY/bed/test/bed_0598.ply,1,1,bed,bed,0.9967491626739502
plus_jitter,1,133,/home/nochi/NOCHI/M2_PAR/Apprenyissage_Pointcloud/Pointclouds-classification-with-the-POINTNET-Neural-network/PointNetLab/data/ModelNet10_PLY/bed/test/bed_0599.ply,1,1,bed,bed,0.9979763627052307
plus_jitter,1,134,/home/nochi/NOCHI/M2_PAR/Apprenyissage_Pointcloud/Pointclouds-classification-with-the-POINTNET-Neural-network/PointNetLab/data/ModelNet10_PLY/bed/test/bed_0600.ply,1,1,bed,bed,0.9989548325538635
plus_jitter,1,135,/home/nochi/NOCHI/M2_PAR/Apprenyissage_Pointcloud/Pointclouds-classification-with-the-POINTNET-Neural-network/PointNetLab/data/ModelNet10_PLY/bed/test/bed_0601.ply,1,1,bed,bed,0.99128258228302
plus_jitter,1,136,/home/nochi/NOCHI/M2_PAR/Apprenyissage_Pointcloud/Pointclouds-classification-with-the-POINTNET-Neural-network/PointNetLab/data/ModelNet10_PLY/bed/test/bed_0602.ply,1,1,bed,bed,0.9971978068351746
plus_jitter,1,137,/home/nochi/NOCHI/M2_PAR/Apprenyissage_Pointcloud/Pointclouds-classification-with-the-POINTNET-Neural-network/PointNetLab/data/ModelNet10_PLY/bed/test/bed_0603.ply,1,1,bed,bed,0.9937475323677063
plus_jitter,1,138,/home/nochi/NOCHI/M2_PAR/Apprenyissage_Pointcloud/Pointclouds-classification-with-the-POINTNET-Neural-network/PointNetLab/data/ModelNet10_PLY/bed/test/bed_0604.ply,1,1,bed,bed,0.8288315534591675
plus_jitter,1,139,/home/nochi/NOCHI/M2_PAR/Apprenyissage_Pointcloud/Pointclouds-classification-with-the-POINTNET-Neural-network/PointNetLab/data/ModelNet10_PLY/bed/test/bed_0605.ply,1,1,bed,bed,0.9948848485946655
plus_jitter,1,140,/home/nochi/NOCHI/M2_PAR/Apprenyissage_Pointcloud/Pointclouds-classification-with-the-POINTNET-Neural-network/PointNetLab/data/ModelNet10_PLY/bed/test/bed_0606.ply,1,1,bed,bed,0.862088680267334
plus_jitter,1,141,/home/nochi/NOCHI/M2_PAR/Apprenyissage_Pointcloud/Pointclouds-classification-with-the-POINTNET-Neural-network/PointNetLab/data/ModelNet10_PLY/bed/test/bed_0607.ply,1,1,bed,bed,0.9533775448799133
plus_jitter,1,142,/home/nochi/NOCHI/M2_PAR/Apprenyissage_Pointcloud/Pointclouds-classification-with-the-POINTNET-Neural-network/PointNetLab/data/ModelNet10_PLY/bed/test/bed_0608.ply,1,1,bed,bed,0.9978589415550232
plus_jitter,1,143,/home/nochi/NOCHI/M2_PAR/Apprenyissage_Pointcloud/Pointclouds-classification-with-the-POINTNET-Neural-network/PointNetLab/data/ModelNet10_PLY/bed/test/bed_0609.ply,1,1,bed,bed,0.9975209832191467
plus_jitter,1,144,/home/nochi/NOCHI/M2_PAR/Apprenyissage_Pointcloud/Pointclouds-classification-with-the-POINTNET-Neural-network/PointNetLab/data/ModelNet10_PLY/bed/test/bed_0610.ply,1,1,bed,bed,0.9973301887512207
plus_jitter,1,145,/home/nochi/NOCHI/M2_PAR/Apprenyissage_Pointcloud/Pointclouds-classification-with-the-POINTNET-Neural-network/PointNetLab/data/ModelNet10_PLY/bed/test/bed_0611.ply,1,1,bed,bed,0.9495746493339539
plus_jitter,1,146,/home/nochi/NOCHI/M2_PAR/Apprenyissage_Pointcloud/Pointclouds-classification-with-the-POINTNET-Neural-network/PointNetLab/data/ModelNet10_PLY/bed/test/bed_0612.ply,1,1,bed,bed,0.8341733813285828
plus_jitter,1,147,/home/nochi/NOCHI/M2_PAR/Apprenyissage_Pointcloud/Pointclouds-classification-with-the-POINTNET-Neural-network/PointNetLab/data/ModelNet10_PLY/bed/test/bed_0613.ply,1,1,bed,bed,0.9972689747810364
plus_jitter,1,148,/home/nochi/NOCHI/M2_PAR/Apprenyissage_Pointcloud/Pointclouds-classification-with-the-POINTNET-Neural-network/PointNetLab/data/ModelNet10_PLY/bed/test/bed_0614.ply,1,1,bed,bed,0.770490288734436
plus_jitter,1,149,/home/nochi/NOCHI/M2_PAR/Apprenyissage_Pointcloud/Pointclouds-classification-with-the-POINTNET-Neural-network/PointNetLab/data/ModelNet10_PLY/bed/test/bed_0615.ply,1,1,bed,bed,0.9985888004302979
plus_jitter,1,150,/home/nochi/NOCHI/M2_PAR/Apprenyissage_Pointcloud/Pointclouds-classification-with-the-POINTNET-Neural-network/PointNetLab/data/ModelNet10_PLY/chair/test/chair_0890.ply,2,2,chair,chair,0.999129593372345
plus_jitter,1,151,/home/nochi/NOCHI/M2_PAR/Apprenyissage_Pointcloud/Pointclouds-classification-with-the-POINTNET-Neural-network/PointNetLab/data/ModelNet10_PLY/chair/test/chair_0891.ply,2,2,chair,chair,0.9966113567352295
plus_jitter,1,152,/home/nochi/NOCHI/M2_PAR/Apprenyissage_Pointcloud/Pointclouds-classification-with-the-POINTNET-Neural-network/PointNetLab/data/ModelNet10_PLY/chair/test/chair_0892.ply,2,2,chair,chair,0.9965131878852844
plus_jitter,1,153,/home/nochi/NOCHI/M2_PAR/Apprenyissage_Pointcloud/Pointclouds-classification-with-the-POINTNET-Neural-network/PointNetLab/data/ModelNet10_PLY/chair/test/chair_0893.ply,2,2,chair,chair,0.99940025806427
plus_jitter,1,154,/home/nochi/NOCHI/M2_PAR/Apprenyissage_Pointcloud/Pointclouds-classification-with-the-POINTNET-Neural-network/PointNetLab/data/ModelNet10_PLY/chair/test/chair_0894.ply,2,2,chair,chair,0.9988973736763
plus_jitter,1,155,/home/nochi/NOCHI/M2_PAR/Apprenyissage_Pointcloud/Pointclouds-classification-with-the-POINTNET-Neural-network/PointNetLab/data/ModelNet10_PLY/chair/test/chair_0895.ply,2,2,chair,chair,0.99808669090271
plus_jitter,1,156,/home/nochi/NOCHI/M2_PAR/Apprenyissage_Pointcloud/Pointclouds-classification-with-the-POINTNET-Neural-network/PointNetLab/data/ModelNet10_PLY/chair/test/chair_0896.ply,2,2,chair,chair,0.9943623542785645
plus_jitter,1,157,/home/nochi/NOCHI/M2_PAR/Apprenyissage_Pointcloud/Pointclouds-classification-with-the-POINTNET-Neural-network/PointNetLab/data/ModelNet10_PLY/chair/test/chair_0897.ply,2,2,chair,chair,0.5430436730384827
plus_jitter,1,158,/home/nochi/NOCHI/M2_PAR/Apprenyissage_Pointcloud/Pointclouds-classification-with-the-POINTNET-Neural-network/PointNetLab/data/ModelNet10_PLY/chair/test/chair_0898.ply,2,2,chair,chair,0.9994717836380005
plus_jitter,1,159,/home/nochi/NOCHI/M2_PAR/Apprenyissage_Pointcloud/Pointclouds-classification-with-the-POINTNET-Neural-network/PointNetLab/data/ModelNet10_PLY/chair/test/chair_0899.ply,2,2,chair,chair,0.9998176693916321
plus_jitter,1,160,/home/nochi/NOCHI/M2_PAR/Apprenyissage_Pointcloud/Pointclouds-classification-with-the-POINTNET-Neural-network/PointNetLab/data/ModelNet10_PLY/chair/test/chair_0900.ply,2,2,chair,chair,0.9962714910507202
plus_jitter,1,161,/home/nochi/NOCHI/M2_PAR/Apprenyissage_Pointcloud/Pointclouds-classification-with-the-POINTNET-Neural-network/PointNetLab/data/ModelNet10_PLY/chair/test/chair_0901.ply,2,2,chair,chair,0.9993255138397217
plus_jitter,1,162,/home/nochi/NOCHI/M2_PAR/Apprenyissage_Pointcloud/Pointclouds-classification-with-the-POINTNET-Neural-network/PointNetLab/data/ModelNet10_PLY/chair/test/chair_0902.ply,2,2,chair,chair,0.9998238682746887
plus_jitter,1,163,/home/nochi/NOCHI/M2_PAR/Apprenyissage_Pointcloud/Pointclouds-classification-with-the-POINTNET-Neural-network/PointNetLab/data/ModelNet10_PLY/chair/test/chair_0903.ply,2,2,chair,chair,0.9973027110099792
plus_jitter,1,164,/home/nochi/NOCHI/M2_PAR/Apprenyissage_Pointcloud/Pointclouds-classification-with-the-POINTNET-Neural-network/PointNetLab/data/ModelNet10_PLY/chair/test/chair_0904.ply,2,2,chair,chair,0.9965172410011292
plus_jitter,1,165,/home/nochi/NOCHI/M2_PAR/Apprenyissage_Pointcloud/Pointclouds-classification-with-the-POINTNET-Neural-network/PointNetLab/data/ModelNet10_PLY/chair/test/chair_0905.ply,2,2,chair,chair,0.9950355291366577
plus_jitter,1,166,/home/nochi/NOCHI/M2_PAR/Apprenyissage_Pointcloud/Pointclouds-classification-with-the-POINTNET-Neural-network/PointNetLab/data/ModelNet10_PLY/chair/test/chair_0906.ply,2,2,chair,chair,0.9973198771476746
plus_jitter,1,167,/home/nochi/NOCHI/M2_PAR/Apprenyissage_Pointcloud/Pointclouds-classification-with-the-POINTNET-Neural-network/PointNetLab/data/ModelNet10_PLY/chair/test/chair_0907.ply,2,2,chair,chair,0.9727457165718079
plus_jitter,1,168,/home/nochi/NOCHI/M2_PAR/Apprenyissage_Pointcloud/Pointclouds-classification-with-the-POINTNET-Neural-network/PointNetLab/data/ModelNet10_PLY/chair/test/chair_0908.ply,2,2,chair,chair,0.9991286993026733
plus_jitter,1,169,/home/nochi/NOCHI/M2_PAR/Apprenyissage_Pointcloud/Pointclouds-classification-with-the-POINTNET-Neural-network/PointNetLab/data/ModelNet10_PLY/chair/test/chair_0909.ply,2,2,chair,chair,0.9975082874298096
plus_jitter,1,170,/home/nochi/NOCHI/M2_PAR/Apprenyissage_Pointcloud/Pointclouds-classification-with-the-POINTNET-Neural-network/PointNetLab/data/ModelNet10_PLY/chair/test/chair_0910.ply,2,2,chair,chair,0.9996277689933777
plus_jitter,1,171,/home/nochi/NOCHI/M2_PAR/Apprenyissage_Pointcloud/Pointclouds-classification-with-the-POINTNET-Neural-network/PointNetLab/data/ModelNet10_PLY/chair/test/chair_0911.ply,2,2,chair,chair,0.9998007416725159
plus_jitter,1,172,/home/nochi/NOCHI/M2_PAR/Apprenyissage_Pointcloud/Pointclouds-classification-with-the-POINTNET-Neural-network/PointNetLab/data/ModelNet10_PLY/chair/test/chair_0912.ply,2,2,chair,chair,0.9997848272323608
plus_jitter,1,173,/home/nochi/NOCHI/M2_PAR/Apprenyissage_Pointcloud/Pointclouds-classification-with-the-POINTNET-Neural-network/PointNetLab/data/ModelNet10_PLY/chair/test/chair_0913.ply,2,2,chair,chair,0.9946317672729492
plus_jitter,1,174,/home/nochi/NOCHI/M2_PAR/Apprenyissage_Pointcloud/Pointclouds-classification-with-the-POINTNET-Neural-network/PointNetLab/data/ModelNet10_PLY/chair/test/chair_0914.ply,2,2,chair,chair,0.9980818033218384
plus_jitter,1,175,/home/nochi/NOCHI/M2_PAR/Apprenyissage_Pointcloud/Pointclouds-classification-with-the-POINTNET-Neural-network/PointNetLab/data/ModelNet10_PLY/chair/test/chair_0915.ply,2,2,chair,chair,0.4578169882297516
plus_jitter,1,176,/home/nochi/NOCHI/M2_PAR/Apprenyissage_Pointcloud/Pointclouds-classification-with-the-POINTNET-Neural-network/PointNetLab/data/ModelNet10_PLY/chair/test/chair_0916.ply,2,2,chair,chair,0.9997827410697937
plus_jitter,1,177,/home/nochi/NOCHI/M2_PAR/Apprenyissage_Pointcloud/Pointclouds-classification-with-the-POINTNET-Neural-network/PointNetLab/data/ModelNet10_PLY/chair/test/chair_0917.ply,2,2,chair,chair,0.9998465180397034
plus_jitter,1,178,/home/nochi/NOCHI/M2_PAR/Apprenyissage_Pointcloud/Pointclouds-classification-with-the-POINTNET-Neural-network/PointNetLab/data/ModelNet10_PLY/chair/test/chair_0918.ply,2,2,chair,chair,0.999251127243042
plus_jitter,1,179,/home/nochi/NOCHI/M2_PAR/Apprenyissage_Pointcloud/Pointclouds-classification-with-the-POINTNET-Neural-network/PointNetLab/data/ModelNet10_PLY/chair/test/chair_0919.ply,2,2,chair,chair,0.9841779470443726
plus_jitter,1,180,/home/nochi/NOCHI/M2_PAR/Apprenyissage_Pointcloud/Pointclouds-classification-with-the-POINTNET-Neural-network/PointNetLab/data/ModelNet10_PLY/chair/test/chair_0920.ply,2,2,chair,chair,0.9420772194862366
plus_jitter,1,181,/home/nochi/NOCHI/M2_PAR/Apprenyissage_Pointcloud/Pointclouds-classification-with-the-POINTNET-Neural-network/PointNetLab/data/ModelNet10_PLY/chair/test/chair_0921.ply,2,2,chair,chair,0.9982434511184692
plus_jitter,1,182,/home/nochi/NOCHI/M2_PAR/Apprenyissage_Pointcloud/Pointclouds-classification-with-the-POINTNET-Neural-network/PointNetLab/data/ModelNet10_PLY/chair/test/chair_0922.ply,2,2,chair,chair,0.9997814297676086
plus_jitter,1,183,/home/nochi/NOCHI/M2_PAR/Apprenyissage_Pointcloud/Pointclouds-classification-with-the-POINTNET-Neural-network/PointNetLab/data/ModelNet10_PLY/chair/test/chair_0923.ply,2,2,chair,chair,0.9985809922218323
plus_jitter,1,184,/home/nochi/NOCHI/M2_PAR/Apprenyissage_Pointcloud/Pointclouds-classification-with-the-POINTNET-Neural-network/PointNetLab/data/ModelNet10_PLY/chair/test/chair_0924.ply,2,2,chair,chair,0.9997305274009705
plus_jitter,1,185,/home/nochi/NOCHI/M2_PAR/Apprenyissage_Pointcloud/Pointclouds-classification-with-the-POINTNET-Neural-network/PointNetLab/data/ModelNet10_PLY/chair/test/chair_0925.ply,2,2,chair,chair,0.9998199939727783
plus_jitter,1,186,/home/nochi/NOCHI/M2_PAR/Apprenyissage_Pointcloud/Pointclouds-classification-with-the-POINTNET-Neural-network/PointNetLab/data/ModelNet10_PLY/chair/test/chair_0926.ply,2,2,chair,chair,0.7233024835586548
plus_jitter,1,187,/home/nochi/NOCHI/M2_PAR/Apprenyissage_Pointcloud/Pointclouds-classification-with-the-POINTNET-Neural-network/PointNetLab/data/ModelNet10_PLY/chair/test/chair_0927.ply,2,2,chair,chair,0.9977619051933289
plus_jitter,1,188,/home/nochi/NOCHI/M2_PAR/Apprenyissage_Pointcloud/Pointclouds-classification-with-the-POINTNET-Neural-network/PointNetLab/data/ModelNet10_PLY/chair/test/chair_0928.ply,2,2,chair,chair,0.9999562501907349
plus_jitter,1,189,/home/nochi/NOCHI/M2_PAR/Apprenyissage_Pointcloud/Pointclouds-classification-with-the-POINTNET-Neural-network/PointNetLab/data/ModelNet10_PLY/chair/test/chair_0929.ply,2,2,chair,chair,0.9950188398361206
plus_jitter,1,190,/home/nochi/NOCHI/M2_PAR/Apprenyissage_Pointcloud/Pointclouds-classification-with-the-POINTNET-Neural-network/PointNetLab/data/ModelNet10_PLY/chair/test/chair_0930.ply,2,2,chair,chair,0.9997707009315491
plus_jitter,1,191,/home/nochi/NOCHI/M2_PAR/Apprenyissage_Pointcloud/Pointclouds-classification-with-the-POINTNET-Neural-network/PointNetLab/data/ModelNet10_PLY/chair/test/chair_0931.ply,2,2,chair,chair,0.9994055032730103
plus_jitter,1,192,/home/nochi/NOCHI/M2_PAR/Apprenyissage_Pointcloud/Pointclouds-classification-with-the-POINTNET-Neural-network/PointNetLab/data/ModelNet10_PLY/chair/test/chair_0932.ply,2,2,chair,chair,0.9968079328536987
plus_jitter,1,193,/home/nochi/NOCHI/M2_PAR/Apprenyissage_Pointcloud/Pointclouds-classification-with-the-POINTNET-Neural-network/PointNetLab/data/ModelNet10_PLY/chair/test/chair_0933.ply,2,2,chair,chair,0.9988409876823425
plus_jitter,1,194,/home/nochi/NOCHI/M2_PAR/Apprenyissage_Pointcloud/Pointclouds-classification-with-the-POINTNET-Neural-network/PointNetLab/data/ModelNet10_PLY/chair/test/chair_0934.ply,2,2,chair,chair,0.9993150234222412
plus_jitter,1,195,/home/nochi/NOCHI/M2_PAR/Apprenyissage_Pointcloud/Pointclouds-classification-with-the-POINTNET-Neural-network/PointNetLab/data/ModelNet10_PLY/chair/test/chair_0935.ply,2,2,chair,chair,0.9970800280570984
plus_jitter,1,196,/home/nochi/NOCHI/M2_PAR/Apprenyissage_Pointcloud/Pointclouds-classification-with-the-POINTNET-Neural-network/PointNetLab/data/ModelNet10_PLY/chair/test/chair_0936.ply,2,2,chair,chair,0.9985569715499878
plus_jitter,1,197,/home/nochi/NOCHI/M2_PAR/Apprenyissage_Pointcloud/Pointclouds-classification-with-the-POINTNET-Neural-network/PointNetLab/data/ModelNet10_PLY/chair/test/chair_0937.ply,2,2,chair,chair,0.9993797540664673
plus_jitter,1,198,/home/nochi/NOCHI/M2_PAR/Apprenyissage_Pointcloud/Pointclouds-classification-with-the-POINTNET-Neural-network/PointNetLab/data/ModelNet10_PLY/chair/test/chair_0938.ply,2,2,chair,chair,0.9995949864387512
plus_jitter,1,199,/home/nochi/NOCHI/M2_PAR/Apprenyissage_Pointcloud/Pointclouds-classification-with-the-POINTNET-Neural-network/PointNetLab/data/ModelNet10_PLY/chair/test/chair_0939.ply,2,2,chair,chair,0.9942120909690857
plus_jitter,1,200,/home/nochi/NOCHI/M2_PAR/Apprenyissage_Pointcloud/Pointclouds-classification-with-the-POINTNET-Neural-network/PointNetLab/data/ModelNet10_PLY/chair/test/chair_0940.ply,2,2,chair,chair,0.9995763897895813
plus_jitter,1,201,/home/nochi/NOCHI/M2_PAR/Apprenyissage_Pointcloud/Pointclouds-classification-with-the-POINTNET-Neural-network/PointNetLab/data/ModelNet10_PLY/chair/test/chair_0941.ply,2,2,chair,chair,0.9993640184402466
plus_jitter,1,202,/home/nochi/NOCHI/M2_PAR/Apprenyissage_Pointcloud/Pointclouds-classification-with-the-POINTNET-Neural-network/PointNetLab/data/ModelNet10_PLY/chair/test/chair_0942.ply,2,2,chair,chair,0.9991114735603333
plus_jitter,1,203,/home/nochi/NOCHI/M2_PAR/Apprenyissage_Pointcloud/Pointclouds-classification-with-the-POINTNET-Neural-network/PointNetLab/data/ModelNet10_PLY/chair/test/chair_0943.ply,2,2,chair,chair,0.9950998425483704
plus_jitter,1,204,/home/nochi/NOCHI/M2_PAR/Apprenyissage_Pointcloud/Pointclouds-classification-with-the-POINTNET-Neural-network/PointNetLab/data/ModelNet10_PLY/chair/test/chair_0944.ply,2,2,chair,chair,0.9983838796615601
plus_jitter,1,205,/home/nochi/NOCHI/M2_PAR/Apprenyissage_Pointcloud/Pointclouds-classification-with-the-POINTNET-Neural-network/PointNetLab/data/ModelNet10_PLY/chair/test/chair_0945.ply,2,2,chair,chair,0.9991511106491089
plus_jitter,1,206,/home/nochi/NOCHI/M2_PAR/Apprenyissage_Pointcloud/Pointclouds-classification-with-the-POINTNET-Neural-network/PointNetLab/data/ModelNet10_PLY/chair/test/chair_0946.ply,2,2,chair,chair,0.9996057748794556
plus_jitter,1,207,/home/nochi/NOCHI/M2_PAR/Apprenyissage_Pointcloud/Pointclouds-classification-with-the-POINTNET-Neural-network/PointNetLab/data/ModelNet10_PLY/chair/test/chair_0947.ply,2,2,chair,chair,0.9862285852432251
plus_jitter,1,208,/home/nochi/NOCHI/M2_PAR/Apprenyissage_Pointcloud/Pointclouds-classification-with-the-POINTNET-Neural-network/PointNetLab/data/ModelNet10_PLY/chair/test/chair_0948.ply,2,2,chair,chair,0.9950265884399414
plus_jitter,1,209,/home/nochi/NOCHI/M2_PAR/Apprenyissage_Pointcloud/Pointclouds-classification-with-the-POINTNET-Neural-network/PointNetLab/data/ModelNet10_PLY/chair/test/chair_0949.ply,2,2,chair,chair,0.9984103441238403
plus_jitter,1,210,/home/nochi/NOCHI/M2_PAR/Apprenyissage_Pointcloud/Pointclouds-classification-with-the-POINTNET-Neural-network/PointNetLab/data/ModelNet10_PLY/chair/test/chair_0950.ply,2,2,chair,chair,0.994328498840332
plus_jitter,1,211,/home/nochi/NOCHI/M2_PAR/Apprenyissage_Pointcloud/Pointclouds-classification-with-the-POINTNET-Neural-network/PointNetLab/data/ModelNet10_PLY/chair/test/chair_0951.ply,2,2,chair,chair,0.9996547102928162
plus_jitter,1,212,/home/nochi/NOCHI/M2_PAR/Apprenyissage_Pointcloud/Pointclouds-classification-with-the-POINTNET-Neural-network/PointNetLab/data/ModelNet10_PLY/chair/test/chair_0952.ply,2,2,chair,chair,0.999921441078186
plus_jitter,1,213,/home/nochi/NOCHI/M2_PAR/Apprenyissage_Pointcloud/Pointclouds-classification-with-the-POINTNET-Neural-network/PointNetLab/data/ModelNet10_PLY/chair/test/chair_0953.ply,2,2,chair,chair,0.9951359033584595
plus_jitter,1,214,/home/nochi/NOCHI/M2_PAR/Apprenyissage_Pointcloud/Pointclouds-classification-with-the-POINTNET-Neural-network/PointNetLab/data/ModelNet10_PLY/chair/test/chair_0954.ply,2,2,chair,chair,0.9999340772628784
plus_jitter,1,215,/home/nochi/NOCHI/M2_PAR/Apprenyissage_Pointcloud/Pointclouds-classification-with-the-POINTNET-Neural-network/PointNetLab/data/ModelNet10_PLY/chair/test/chair_0955.ply,2,2,chair,chair,0.9954834580421448
plus_jitter,1,216,/home/nochi/NOCHI/M2_PAR/Apprenyissage_Pointcloud/Pointclouds-classification-with-the-POINTNET-Neural-network/PointNetLab/data/ModelNet10_PLY/chair/test/chair_0956.ply,2,2,chair,chair,0.9990738034248352
plus_jitter,1,217,/home/nochi/NOCHI/M2_PAR/Apprenyissage_Pointcloud/Pointclouds-classification-with-the-POINTNET-Neural-network/PointNetLab/data/ModelNet10_PLY/chair/test/chair_0957.ply,2,2,chair,chair,0.999812126159668
plus_jitter,1,218,/home/nochi/NOCHI/M2_PAR/Apprenyissage_Pointcloud/Pointclouds-classification-with-the-POINTNET-Neural-network/PointNetLab/data/ModelNet10_PLY/chair/test/chair_0958.ply,2,2,chair,chair,0.994549572467804
plus_jitter,1,219,/home/nochi/NOCHI/M2_PAR/Apprenyissage_Pointcloud/Pointclouds-classification-with-the-POINTNET-Neural-network/PointNetLab/data/ModelNet10_PLY/chair/test/chair_0959.ply,2,2,chair,chair,0.9992945194244385
plus_jitter,1,220,/home/nochi/NOCHI/M2_PAR/Apprenyissage_Pointcloud/Pointclouds-classification-with-the-POINTNET-Neural-network/PointNetLab/data/ModelNet10_PLY/chair/test/chair_0960.ply,2,2,chair,chair,0.9998506307601929
plus_jitter,1,221,/home/nochi/NOCHI/M2_PAR/Apprenyissage_Pointcloud/Pointclouds-classification-with-the-POINTNET-Neural-network/PointNetLab/data/ModelNet10_PLY/chair/test/chair_0961.ply,2,2,chair,chair,0.9983476400375366
plus_jitter,1,222,/home/nochi/NOCHI/M2_PAR/Apprenyissage_Pointcloud/Pointclouds-classification-with-the-POINTNET-Neural-network/PointNetLab/data/ModelNet10_PLY/chair/test/chair_0962.ply,2,2,chair,chair,0.9997121691703796
plus_jitter,1,223,/home/nochi/NOCHI/M2_PAR/Apprenyissage_Pointcloud/Pointclouds-classification-with-the-POINTNET-Neural-network/PointNetLab/data/ModelNet10_PLY/chair/test/chair_0963.ply,2,2,chair,chair,0.999888002872467
plus_jitter,1,224,/home/nochi/NOCHI/M2_PAR/Apprenyissage_Pointcloud/Pointclouds-classification-with-the-POINTNET-Neural-network/PointNetLab/data/ModelNet10_PLY/chair/test/chair_0964.ply,2,2,chair,chair,0.9996752738952637
plus_jitter,1,225,/home/nochi/NOCHI/M2_PAR/Apprenyissage_Pointcloud/Pointclouds-classification-with-the-POINTNET-Neural-network/PointNetLab/data/ModelNet10_PLY/chair/test/chair_0965.ply,2,2,chair,chair,0.9999282360076904
plus_jitter,1,226,/home/nochi/NOCHI/M2_PAR/Apprenyissage_Pointcloud/Pointclouds-classification-with-the-POINTNET-Neural-network/PointNetLab/data/ModelNet10_PLY/chair/test/chair_0966.ply,2,2,chair,chair,0.9988656640052795
plus_jitter,1,227,/home/nochi/NOCHI/M2_PAR/Apprenyissage_Pointcloud/Pointclouds-classification-with-the-POINTNET-Neural-network/PointNetLab/data/ModelNet10_PLY/chair/test/chair_0967.ply,2,2,chair,chair,0.9994004964828491
plus_jitter,1,228,/home/nochi/NOCHI/M2_PAR/Apprenyissage_Pointcloud/Pointclouds-classification-with-the-POINTNET-Neural-network/PointNetLab/data/ModelNet10_PLY/chair/test/chair_0968.ply,2,2,chair,chair,0.9996577501296997
plus_jitter,1,229,/home/nochi/NOCHI/M2_PAR/Apprenyissage_Pointcloud/Pointclouds-classification-with-the-POINTNET-Neural-network/PointNetLab/data/ModelNet10_PLY/chair/test/chair_0969.ply,2,2,chair,chair,0.9999173879623413
plus_jitter,1,230,/home/nochi/NOCHI/M2_PAR/Apprenyissage_Pointcloud/Pointclouds-classification-with-the-POINTNET-Neural-network/PointNetLab/data/ModelNet10_PLY/chair/test/chair_0970.ply,2,2,chair,chair,0.9998486638069153
plus_jitter,1,231,/home/nochi/NOCHI/M2_PAR/Apprenyissage_Pointcloud/Pointclouds-classification-with-the-POINTNET-Neural-network/PointNetLab/data/ModelNet10_PLY/chair/test/chair_0971.ply,2,2,chair,chair,0.9998603463172913
plus_jitter,1,232,/home/nochi/NOCHI/M2_PAR/Apprenyissage_Pointcloud/Pointclouds-classification-with-the-POINTNET-Neural-network/PointNetLab/data/ModelNet10_PLY/chair/test/chair_0972.ply,2,2,chair,chair,0.9983223080635071
plus_jitter,1,233,/home/nochi/NOCHI/M2_PAR/Apprenyissage_Pointcloud/Pointclouds-classification-with-the-POINTNET-Neural-network/PointNetLab/data/ModelNet10_PLY/chair/test/chair_0973.ply,2,2,chair,chair,0.9954301118850708
plus_jitter,1,234,/home/nochi/NOCHI/M2_PAR/Apprenyissage_Pointcloud/Pointclouds-classification-with-the-POINTNET-Neural-network/PointNetLab/data/ModelNet10_PLY/chair/test/chair_0974.ply,2,2,chair,chair,0.927100658416748
plus_jitter,1,235,/home/nochi/NOCHI/M2_PAR/Apprenyissage_Pointcloud/Pointclouds-classification-with-the-POINTNET-Neural-network/PointNetLab/data/ModelNet10_PLY/chair/test/chair_0975.ply,2,2,chair,chair,0.9944556951522827
plus_jitter,1,236,/home/nochi/NOCHI/M2_PAR/Apprenyissage_Pointcloud/Pointclouds-classification-with-the-POINTNET-Neural-network/PointNetLab/data/ModelNet10_PLY/chair/test/chair_0976.ply,2,2,chair,chair,0.9414669275283813
plus_jitter,1,237,/home/nochi/NOCHI/M2_PAR/Apprenyissage_Pointcloud/Pointclouds-classification-with-the-POINTNET-Neural-network/PointNetLab/data/ModelNet10_PLY/chair/test/chair_0977.ply,2,2,chair,chair,0.9989944696426392
plus_jitter,1,238,/home/nochi/NOCHI/M2_PAR/Apprenyissage_Pointcloud/Pointclouds-classification-with-the-POINTNET-Neural-network/PointNetLab/data/ModelNet10_PLY/chair/test/chair_0978.ply,2,2,chair,chair,0.9982165694236755
plus_jitter,1,239,/home/nochi/NOCHI/M2_PAR/Apprenyissage_Pointcloud/Pointclouds-classification-with-the-POINTNET-Neural-network/PointNetLab/data/ModelNet10_PLY/chair/test/chair_0979.ply,2,2,chair,chair,0.9995947480201721
plus_jitter,1,240,/home/nochi/NOCHI/M2_PAR/Apprenyissage_Pointcloud/Pointclouds-classification-with-the-POINTNET-Neural-network/PointNetLab/data/ModelNet10_PLY/chair/test/chair_0980.ply,2,2,chair,chair,0.9990221858024597
plus_jitter,1,241,/home/nochi/NOCHI/M2_PAR/Apprenyissage_Pointcloud/Pointclouds-classification-with-the-POINTNET-Neural-network/PointNetLab/data/ModelNet10_PLY/chair/test/chair_0981.ply,2,2,chair,chair,0.9940341711044312
plus_jitter,1,242,/home/nochi/NOCHI/M2_PAR/Apprenyissage_Pointcloud/Pointclouds-classification-with-the-POINTNET-Neural-network/PointNetLab/data/ModelNet10_PLY/chair/test/chair_0982.ply,2,2,chair,chair,0.9958783984184265
plus_jitter,1,243,/home/nochi/NOCHI/M2_PAR/Apprenyissage_Pointcloud/Pointclouds-classification-with-the-POINTNET-Neural-network/PointNetLab/data/ModelNet10_PLY/chair/test/chair_0983.ply,2,2,chair,chair,0.9999470114707947
plus_jitter,1,244,/home/nochi/NOCHI/M2_PAR/Apprenyissage_Pointcloud/Pointclouds-classification-with-the-POINTNET-Neural-network/PointNetLab/data/ModelNet10_PLY/chair/test/chair_0984.ply,2,2,chair,chair,0.9869611263275146
plus_jitter,1,245,/home/nochi/NOCHI/M2_PAR/Apprenyissage_Pointcloud/Pointclouds-classification-with-the-POINTNET-Neural-network/PointNetLab/data/ModelNet10_PLY/chair/test/chair_0985.ply,2,2,chair,chair,0.99808269739151
plus_jitter,1,246,/home/nochi/NOCHI/M2_PAR/Apprenyissage_Pointcloud/Pointclouds-classification-with-the-POINTNET-Neural-network/PointNetLab/data/ModelNet10_PLY/chair/test/chair_0986.ply,2,2,chair,chair,0.9973909258842468
plus_jitter,1,247,/home/nochi/NOCHI/M2_PAR/Apprenyissage_Pointcloud/Pointclouds-classification-with-the-POINTNET-Neural-network/PointNetLab/data/ModelNet10_PLY/chair/test/chair_0987.ply,2,2,chair,chair,0.9998574256896973
plus_jitter,1,248,/home/nochi/NOCHI/M2_PAR/Apprenyissage_Pointcloud/Pointclouds-classification-with-the-POINTNET-Neural-network/PointNetLab/data/ModelNet10_PLY/chair/test/chair_0988.ply,2,2,chair,chair,0.9978315234184265
plus_jitter,1,249,/home/nochi/NOCHI/M2_PAR/Apprenyissage_Pointcloud/Pointclouds-classification-with-the-POINTNET-Neural-network/PointNetLab/data/ModelNet10_PLY/chair/test/chair_0989.ply,2,2,chair,chair,0.9997978806495667
plus_jitter,1,250,/home/nochi/NOCHI/M2_PAR/Apprenyissage_Pointcloud/Pointclouds-classification-with-the-POINTNET-Neural-network/PointNetLab/data/ModelNet10_PLY/desk/test/desk_0201.ply,3,3,desk,desk,0.6552598476409912
plus_jitter,1,251,/home/nochi/NOCHI/M2_PAR/Apprenyissage_Pointcloud/Pointclouds-classification-with-the-POINTNET-Neural-network/PointNetLab/data/ModelNet10_PLY/desk/test/desk_0202.ply,3,8,desk,table,0.9606372117996216
plus_jitter,1,252,/home/nochi/NOCHI/M2_PAR/Apprenyissage_Pointcloud/Pointclouds-classification-with-the-POINTNET-Neural-network/PointNetLab/data/ModelNet10_PLY/desk/test/desk_0203.ply,3,3,desk,desk,0.505800187587738
plus_jitter,1,253,/home/nochi/NOCHI/M2_PAR/Apprenyissage_Pointcloud/Pointclouds-classification-with-the-POINTNET-Neural-network/PointNetLab/data/ModelNet10_PLY/desk/test/desk_0204.ply,3,3,desk,desk,0.7455058693885803
plus_jitter,1,254,/home/nochi/NOCHI/M2_PAR/Apprenyissage_Pointcloud/Pointclouds-classification-with-the-POINTNET-Neural-network/PointNetLab/data/ModelNet10_PLY/desk/test/desk_0205.ply,3,3,desk,desk,0.9415189623832703
plus_jitter,1,255,/home/nochi/NOCHI/M2_PAR/Apprenyissage_Pointcloud/Pointclouds-classification-with-the-POINTNET-Neural-network/PointNetLab/data/ModelNet10_PLY/desk/test/desk_0206.ply,3,3,desk,desk,0.9684455394744873
plus_jitter,1,256,/home/nochi/NOCHI/M2_PAR/Apprenyissage_Pointcloud/Pointclouds-classification-with-the-POINTNET-Neural-network/PointNetLab/data/ModelNet10_PLY/desk/test/desk_0207.ply,3,3,desk,desk,0.9615509510040283
plus_jitter,1,257,/home/nochi/NOCHI/M2_PAR/Apprenyissage_Pointcloud/Pointclouds-classification-with-the-POINTNET-Neural-network/PointNetLab/data/ModelNet10_PLY/desk/test/desk_0208.ply,3,3,desk,desk,0.6685780882835388
plus_jitter,1,258,/home/nochi/NOCHI/M2_PAR/Apprenyissage_Pointcloud/Pointclouds-classification-with-the-POINTNET-Neural-network/PointNetLab/data/ModelNet10_PLY/desk/test/desk_0209.ply,3,3,desk,desk,0.756349503993988
plus_jitter,1,259,/home/nochi/NOCHI/M2_PAR/Apprenyissage_Pointcloud/Pointclouds-classification-with-the-POINTNET-Neural-network/PointNetLab/data/ModelNet10_PLY/desk/test/desk_0210.ply,3,7,desk,sofa,0.9783604145050049
plus_jitter,1,260,/home/nochi/NOCHI/M2_PAR/Apprenyissage_Pointcloud/Pointclouds-classification-with-the-POINTNET-Neural-network/PointNetLab/data/ModelNet10_PLY/desk/test/desk_0211.ply,3,8,desk,table,0.8960214257240295
plus_jitter,1,261,/home/nochi/NOCHI/M2_PAR/Apprenyissage_Pointcloud/Pointclouds-classification-with-the-POINTNET-Neural-network/PointNetLab/data/ModelNet10_PLY/desk/test/desk_0212.ply,3,7,desk,sofa,0.7372593283653259
plus_jitter,1,262,/home/nochi/NOCHI/M2_PAR/Apprenyissage_Pointcloud/Pointclouds-classification-with-the-POINTNET-Neural-network/PointNetLab/data/ModelNet10_PLY/desk/test/desk_0213.ply,3,3,desk,desk,0.9796379208564758
plus_jitter,1,263,/home/nochi/NOCHI/M2_PAR/Apprenyissage_Pointcloud/Pointclouds-classification-with-the-POINTNET-Neural-network/PointNetLab/data/ModelNet10_PLY/desk/test/desk_0214.ply,3,3,desk,desk,0.9613785743713379
plus_jitter,1,264,/home/nochi/NOCHI/M2_PAR/Apprenyissage_Pointcloud/Pointclouds-classification-with-the-POINTNET-Neural-network/PointNetLab/data/ModelNet10_PLY/desk/test/desk_0215.ply,3,3,desk,desk,0.9393754005432129
plus_jitter,1,265,/home/nochi/NOCHI/M2_PAR/Apprenyissage_Pointcloud/Pointclouds-classification-with-the-POINTNET-Neural-network/PointNetLab/data/ModelNet10_PLY/desk/test/desk_0216.ply,3,3,desk,desk,0.7008570432662964
plus_jitter,1,266,/home/nochi/NOCHI/M2_PAR/Apprenyissage_Pointcloud/Pointclouds-classification-with-the-POINTNET-Neural-network/PointNetLab/data/ModelNet10_PLY/desk/test/desk_0217.ply,3,5,desk,monitor,0.7876741886138916
plus_jitter,1,267,/home/nochi/NOCHI/M2_PAR/Apprenyissage_Pointcloud/Pointclouds-classification-with-the-POINTNET-Neural-network/PointNetLab/data/ModelNet10_PLY/desk/test/desk_0218.ply,3,3,desk,desk,0.649976909160614
plus_jitter,1,268,/home/nochi/NOCHI/M2_PAR/Apprenyissage_Pointcloud/Pointclouds-classification-with-the-POINTNET-Neural-network/PointNetLab/data/ModelNet10_PLY/desk/test/desk_0219.ply,3,7,desk,sofa,0.5987258553504944
plus_jitter,1,269,/home/nochi/NOCHI/M2_PAR/Apprenyissage_Pointcloud/Pointclouds-classification-with-the-POINTNET-Neural-network/PointNetLab/data/ModelNet10_PLY/desk/test/desk_0220.ply,3,3,desk,desk,0.6986128091812134
plus_jitter,1,270,/home/nochi/NOCHI/M2_PAR/Apprenyissage_Pointcloud/Pointclouds-classification-with-the-POINTNET-Neural-network/PointNetLab/data/ModelNet10_PLY/desk/test/desk_0221.ply,3,3,desk,desk,0.6838086843490601
plus_jitter,1,271,/home/nochi/NOCHI/M2_PAR/Apprenyissage_Pointcloud/Pointclouds-classification-with-the-POINTNET-Neural-network/PointNetLab/data/ModelNet10_PLY/desk/test/desk_0222.ply,3,3,desk,desk,0.6276072263717651
plus_jitter,1,272,/home/nochi/NOCHI/M2_PAR/Apprenyissage_Pointcloud/Pointclouds-classification-with-the-POINTNET-Neural-network/PointNetLab/data/ModelNet10_PLY/desk/test/desk_0223.ply,3,3,desk,desk,0.8972961902618408
plus_jitter,1,273,/home/nochi/NOCHI/M2_PAR/Apprenyissage_Pointcloud/Pointclouds-classification-with-the-POINTNET-Neural-network/PointNetLab/data/ModelNet10_PLY/desk/test/desk_0224.ply,3,8,desk,table,0.7776379585266113
plus_jitter,1,274,/home/nochi/NOCHI/M2_PAR/Apprenyissage_Pointcloud/Pointclouds-classification-with-the-POINTNET-Neural-network/PointNetLab/data/ModelNet10_PLY/desk/test/desk_0225.ply,3,8,desk,table,0.547680675983429
plus_jitter,1,275,/home/nochi/NOCHI/M2_PAR/Apprenyissage_Pointcloud/Pointclouds-classification-with-the-POINTNET-Neural-network/PointNetLab/data/ModelNet10_PLY/desk/test/desk_0226.ply,3,3,desk,desk,0.8384507894515991
plus_jitter,1,276,/home/nochi/NOCHI/M2_PAR/Apprenyissage_Pointcloud/Pointclouds-classification-with-the-POINTNET-Neural-network/PointNetLab/data/ModelNet10_PLY/desk/test/desk_0227.ply,3,3,desk,desk,0.7663553953170776
plus_jitter,1,277,/home/nochi/NOCHI/M2_PAR/Apprenyissage_Pointcloud/Pointclouds-classification-with-the-POINTNET-Neural-network/PointNetLab/data/ModelNet10_PLY/desk/test/desk_0228.ply,3,3,desk,desk,0.7898576259613037
plus_jitter,1,278,/home/nochi/NOCHI/M2_PAR/Apprenyissage_Pointcloud/Pointclouds-classification-with-the-POINTNET-Neural-network/PointNetLab/data/ModelNet10_PLY/desk/test/desk_0229.ply,3,3,desk,desk,0.5754271745681763
plus_jitter,1,279,/home/nochi/NOCHI/M2_PAR/Apprenyissage_Pointcloud/Pointclouds-classification-with-the-POINTNET-Neural-network/PointNetLab/data/ModelNet10_PLY/desk/test/desk_0230.ply,3,3,desk,desk,0.5368370413780212
plus_jitter,1,280,/home/nochi/NOCHI/M2_PAR/Apprenyissage_Pointcloud/Pointclouds-classification-with-the-POINTNET-Neural-network/PointNetLab/data/ModelNet10_PLY/desk/test/desk_0231.ply,3,3,desk,desk,0.9512196779251099
plus_jitter,1,281,/home/nochi/NOCHI/M2_PAR/Apprenyissage_Pointcloud/Pointclouds-classification-with-the-POINTNET-Neural-network/PointNetLab/data/ModelNet10_PLY/desk/test/desk_0232.ply,3,3,desk,desk,0.7789559960365295
plus_jitter,1,282,/home/nochi/NOCHI/M2_PAR/Apprenyissage_Pointcloud/Pointclouds-classification-with-the-POINTNET-Neural-network/PointNetLab/data/ModelNet10_PLY/desk/test/desk_0233.ply,3,3,desk,desk,0.8982897400856018
plus_jitter,1,283,/home/nochi/NOCHI/M2_PAR/Apprenyissage_Pointcloud/Pointclouds-classification-with-the-POINTNET-Neural-network/PointNetLab/data/ModelNet10_PLY/desk/test/desk_0234.ply,3,8,desk,table,0.6826056241989136
plus_jitter,1,284,/home/nochi/NOCHI/M2_PAR/Apprenyissage_Pointcloud/Pointclouds-classification-with-the-POINTNET-Neural-network/PointNetLab/data/ModelNet10_PLY/desk/test/desk_0235.ply,3,3,desk,desk,0.820176362991333
plus_jitter,1,285,/home/nochi/NOCHI/M2_PAR/Apprenyissage_Pointcloud/Pointclouds-classification-with-the-POINTNET-Neural-network/PointNetLab/data/ModelNet10_PLY/desk/test/desk_0236.ply,3,3,desk,desk,0.6733933091163635
plus_jitter,1,286,/home/nochi/NOCHI/M2_PAR/Apprenyissage_Pointcloud/Pointclouds-classification-with-the-POINTNET-Neural-network/PointNetLab/data/ModelNet10_PLY/desk/test/desk_0237.ply,3,3,desk,desk,0.7486843466758728
plus_jitter,1,287,/home/nochi/NOCHI/M2_PAR/Apprenyissage_Pointcloud/Pointclouds-classification-with-the-POINTNET-Neural-network/PointNetLab/data/ModelNet10_PLY/desk/test/desk_0238.ply,3,3,desk,desk,0.5212823748588562
plus_jitter,1,288,/home/nochi/NOCHI/M2_PAR/Apprenyissage_Pointcloud/Pointclouds-classification-with-the-POINTNET-Neural-network/PointNetLab/data/ModelNet10_PLY/desk/test/desk_0239.ply,3,7,desk,sofa,0.5339010953903198
plus_jitter,1,289,/home/nochi/NOCHI/M2_PAR/Apprenyissage_Pointcloud/Pointclouds-classification-with-the-POINTNET-Neural-network/PointNetLab/data/ModelNet10_PLY/desk/test/desk_0240.ply,3,3,desk,desk,0.7692310810089111
plus_jitter,1,290,/home/nochi/NOCHI/M2_PAR/Apprenyissage_Pointcloud/Pointclouds-classification-with-the-POINTNET-Neural-network/PointNetLab/data/ModelNet10_PLY/desk/test/desk_0241.ply,3,3,desk,desk,0.6859890222549438
plus_jitter,1,291,/home/nochi/NOCHI/M2_PAR/Apprenyissage_Pointcloud/Pointclouds-classification-with-the-POINTNET-Neural-network/PointNetLab/data/ModelNet10_PLY/desk/test/desk_0242.ply,3,8,desk,table,0.8249678015708923
plus_jitter,1,292,/home/nochi/NOCHI/M2_PAR/Apprenyissage_Pointcloud/Pointclouds-classification-with-the-POINTNET-Neural-network/PointNetLab/data/ModelNet10_PLY/desk/test/desk_0243.ply,3,7,desk,sofa,0.7075783014297485
plus_jitter,1,293,/home/nochi/NOCHI/M2_PAR/Apprenyissage_Pointcloud/Pointclouds-classification-with-the-POINTNET-Neural-network/PointNetLab/data/ModelNet10_PLY/desk/test/desk_0244.ply,3,3,desk,desk,0.4388478994369507
plus_jitter,1,294,/home/nochi/NOCHI/M2_PAR/Apprenyissage_Pointcloud/Pointclouds-classification-with-the-POINTNET-Neural-network/PointNetLab/data/ModelNet10_PLY/desk/test/desk_0245.ply,3,3,desk,desk,0.7715371251106262
plus_jitter,1,295,/home/nochi/NOCHI/M2_PAR/Apprenyissage_Pointcloud/Pointclouds-classification-with-the-POINTNET-Neural-network/PointNetLab/data/ModelNet10_PLY/desk/test/desk_0246.ply,3,8,desk,table,0.8002836108207703
plus_jitter,1,296,/home/nochi/NOCHI/M2_PAR/Apprenyissage_Pointcloud/Pointclouds-classification-with-the-POINTNET-Neural-network/PointNetLab/data/ModelNet10_PLY/desk/test/desk_0247.ply,3,7,desk,sofa,0.799025297164917
plus_jitter,1,297,/home/nochi/NOCHI/M2_PAR/Apprenyissage_Pointcloud/Pointclouds-classification-with-the-POINTNET-Neural-network/PointNetLab/data/ModelNet10_PLY/desk/test/desk_0248.ply,3,3,desk,desk,0.36626437306404114
plus_jitter,1,298,/home/nochi/NOCHI/M2_PAR/Apprenyissage_Pointcloud/Pointclouds-classification-with-the-POINTNET-Neural-network/PointNetLab/data/ModelNet10_PLY/desk/test/desk_0249.ply,3,8,desk,table,0.9053487181663513
plus_jitter,1,299,/home/nochi/NOCHI/M2_PAR/Apprenyissage_Pointcloud/Pointclouds-classification-with-the-POINTNET-Neural-network/PointNetLab/data/ModelNet10_PLY/desk/test/desk_0250.ply,3,3,desk,desk,0.4696148633956909
plus_jitter,1,300,/home/nochi/NOCHI/M2_PAR/Apprenyissage_Pointcloud/Pointclouds-classification-with-the-POINTNET-Neural-network/PointNetLab/data/ModelNet10_PLY/desk/test/desk_0251.ply,3,3,desk,desk,0.7834027409553528
plus_jitter,1,301,/home/nochi/NOCHI/M2_PAR/Apprenyissage_Pointcloud/Pointclouds-classification-with-the-POINTNET-Neural-network/PointNetLab/data/ModelNet10_PLY/desk/test/desk_0252.ply,3,4,desk,dresser,0.5079411864280701
plus_jitter,1,302,/home/nochi/NOCHI/M2_PAR/Apprenyissage_Pointcloud/Pointclouds-classification-with-the-POINTNET-Neural-network/PointNetLab/data/ModelNet10_PLY/desk/test/desk_0253.ply,3,7,desk,sofa,0.9016838073730469
plus_jitter,1,303,/home/nochi/NOCHI/M2_PAR/Apprenyissage_Pointcloud/Pointclouds-classification-with-the-POINTNET-Neural-network/PointNetLab/data/ModelNet10_PLY/desk/test/desk_0254.ply,3,3,desk,desk,0.9046837687492371
plus_jitter,1,304,/home/nochi/NOCHI/M2_PAR/Apprenyissage_Pointcloud/Pointclouds-classification-with-the-POINTNET-Neural-network/PointNetLab/data/ModelNet10_PLY/desk/test/desk_0255.ply,3,3,desk,desk,0.8876009583473206
plus_jitter,1,305,/home/nochi/NOCHI/M2_PAR/Apprenyissage_Pointcloud/Pointclouds-classification-with-the-POINTNET-Neural-network/PointNetLab/data/ModelNet10_PLY/desk/test/desk_0256.ply,3,3,desk,desk,0.7886882424354553
plus_jitter,1,306,/home/nochi/NOCHI/M2_PAR/Apprenyissage_Pointcloud/Pointclouds-classification-with-the-POINTNET-Neural-network/PointNetLab/data/ModelNet10_PLY/desk/test/desk_0257.ply,3,3,desk,desk,0.7810683250427246
plus_jitter,1,307,/home/nochi/NOCHI/M2_PAR/Apprenyissage_Pointcloud/Pointclouds-classification-with-the-POINTNET-Neural-network/PointNetLab/data/ModelNet10_PLY/desk/test/desk_0258.ply,3,3,desk,desk,0.6282052993774414
plus_jitter,1,308,/home/nochi/NOCHI/M2_PAR/Apprenyissage_Pointcloud/Pointclouds-classification-with-the-POINTNET-Neural-network/PointNetLab/data/ModelNet10_PLY/desk/test/desk_0259.ply,3,3,desk,desk,0.32229194045066833
plus_jitter,1,309,/home/nochi/NOCHI/M2_PAR/Apprenyissage_Pointcloud/Pointclouds-classification-with-the-POINTNET-Neural-network/PointNetLab/data/ModelNet10_PLY/desk/test/desk_0260.ply,3,3,desk,desk,0.6656652092933655
plus_jitter,1,310,/home/nochi/NOCHI/M2_PAR/Apprenyissage_Pointcloud/Pointclouds-classification-with-the-POINTNET-Neural-network/PointNetLab/data/ModelNet10_PLY/desk/test/desk_0261.ply,3,3,desk,desk,0.9519291520118713
plus_jitter,1,311,/home/nochi/NOCHI/M2_PAR/Apprenyissage_Pointcloud/Pointclouds-classification-with-the-POINTNET-Neural-network/PointNetLab/data/ModelNet10_PLY/desk/test/desk_0262.ply,3,1,desk,bed,0.40767931938171387
plus_jitter,1,312,/home/nochi/NOCHI/M2_PAR/Apprenyissage_Pointcloud/Pointclouds-classification-with-the-POINTNET-Neural-network/PointNetLab/data/ModelNet10_PLY/desk/test/desk_0263.ply,3,8,desk,table,0.6245438456535339
plus_jitter,1,313,/home/nochi/NOCHI/M2_PAR/Apprenyissage_Pointcloud/Pointclouds-classification-with-the-POINTNET-Neural-network/PointNetLab/data/ModelNet10_PLY/desk/test/desk_0264.ply,3,3,desk,desk,0.964015007019043
plus_jitter,1,314,/home/nochi/NOCHI/M2_PAR/Apprenyissage_Pointcloud/Pointclouds-classification-with-the-POINTNET-Neural-network/PointNetLab/data/ModelNet10_PLY/desk/test/desk_0265.ply,3,3,desk,desk,0.5189887285232544
plus_jitter,1,315,/home/nochi/NOCHI/M2_PAR/Apprenyissage_Pointcloud/Pointclouds-classification-with-the-POINTNET-Neural-network/PointNetLab/data/ModelNet10_PLY/desk/test/desk_0266.ply,3,4,desk,dresser,0.633055567741394
plus_jitter,1,316,/home/nochi/NOCHI/M2_PAR/Apprenyissage_Pointcloud/Pointclouds-classification-with-the-POINTNET-Neural-network/PointNetLab/data/ModelNet10_PLY/desk/test/desk_0267.ply,3,8,desk,table,0.8628787398338318
plus_jitter,1,317,/home/nochi/NOCHI/M2_PAR/Apprenyissage_Pointcloud/Pointclouds-classification-with-the-POINTNET-Neural-network/PointNetLab/data/ModelNet10_PLY/desk/test/desk_0268.ply,3,3,desk,desk,0.7847065925598145
plus_jitter,1,318,/home/nochi/NOCHI/M2_PAR/Apprenyissage_Pointcloud/Pointclouds-classification-with-the-POINTNET-Neural-network/PointNetLab/data/ModelNet10_PLY/desk/test/desk_0269.ply,3,3,desk,desk,0.44508859515190125
plus_jitter,1,319,/home/nochi/NOCHI/M2_PAR/Apprenyissage_Pointcloud/Pointclouds-classification-with-the-POINTNET-Neural-network/PointNetLab/data/ModelNet10_PLY/desk/test/desk_0270.ply,3,3,desk,desk,0.38764116168022156
plus_jitter,1,320,/home/nochi/NOCHI/M2_PAR/Apprenyissage_Pointcloud/Pointclouds-classification-with-the-POINTNET-Neural-network/PointNetLab/data/ModelNet10_PLY/desk/test/desk_0271.ply,3,3,desk,desk,0.7891190052032471
plus_jitter,1,321,/home/nochi/NOCHI/M2_PAR/Apprenyissage_Pointcloud/Pointclouds-classification-with-the-POINTNET-Neural-network/PointNetLab/data/ModelNet10_PLY/desk/test/desk_0272.ply,3,3,desk,desk,0.9548234343528748
plus_jitter,1,322,/home/nochi/NOCHI/M2_PAR/Apprenyissage_Pointcloud/Pointclouds-classification-with-the-POINTNET-Neural-network/PointNetLab/data/ModelNet10_PLY/desk/test/desk_0273.ply,3,7,desk,sofa,0.3075597286224365
plus_jitter,1,323,/home/nochi/NOCHI/M2_PAR/Apprenyissage_Pointcloud/Pointclouds-classification-with-the-POINTNET-Neural-network/PointNetLab/data/ModelNet10_PLY/desk/test/desk_0274.ply,3,3,desk,desk,0.6135276556015015
plus_jitter,1,324,/home/nochi/NOCHI/M2_PAR/Apprenyissage_Pointcloud/Pointclouds-classification-with-the-POINTNET-Neural-network/PointNetLab/data/ModelNet10_PLY/desk/test/desk_0275.ply,3,3,desk,desk,0.6460592746734619
plus_jitter,1,325,/home/nochi/NOCHI/M2_PAR/Apprenyissage_Pointcloud/Pointclouds-classification-with-the-POINTNET-Neural-network/PointNetLab/data/ModelNet10_PLY/desk/test/desk_0276.ply,3,4,desk,dresser,0.32819586992263794
plus_jitter,1,326,/home/nochi/NOCHI/M2_PAR/Apprenyissage_Pointcloud/Pointclouds-classification-with-the-POINTNET-Neural-network/PointNetLab/data/ModelNet10_PLY/desk/test/desk_0277.ply,3,3,desk,desk,0.7962979674339294
plus_jitter,1,327,/home/nochi/NOCHI/M2_PAR/Apprenyissage_Pointcloud/Pointclouds-classification-with-the-POINTNET-Neural-network/PointNetLab/data/ModelNet10_PLY/desk/test/desk_0278.ply,3,3,desk,desk,0.3369158208370209
plus_jitter,1,328,/home/nochi/NOCHI/M2_PAR/Apprenyissage_Pointcloud/Pointclouds-classification-with-the-POINTNET-Neural-network/PointNetLab/data/ModelNet10_PLY/desk/test/desk_0279.ply,3,3,desk,desk,0.6147313714027405
plus_jitter,1,329,/home/nochi/NOCHI/M2_PAR/Apprenyissage_Pointcloud/Pointclouds-classification-with-the-POINTNET-Neural-network/PointNetLab/data/ModelNet10_PLY/desk/test/desk_0280.ply,3,3,desk,desk,0.6987161040306091
plus_jitter,1,330,/home/nochi/NOCHI/M2_PAR/Apprenyissage_Pointcloud/Pointclouds-classification-with-the-POINTNET-Neural-network/PointNetLab/data/ModelNet10_PLY/desk/test/desk_0281.ply,3,3,desk,desk,0.8329266905784607
plus_jitter,1,331,/home/nochi/NOCHI/M2_PAR/Apprenyissage_Pointcloud/Pointclouds-classification-with-the-POINTNET-Neural-network/PointNetLab/data/ModelNet10_PLY/desk/test/desk_0282.ply,3,3,desk,desk,0.9286874532699585
plus_jitter,1,332,/home/nochi/NOCHI/M2_PAR/Apprenyissage_Pointcloud/Pointclouds-classification-with-the-POINTNET-Neural-network/PointNetLab/data/ModelNet10_PLY/desk/test/desk_0283.ply,3,3,desk,desk,0.5485607385635376
plus_jitter,1,333,/home/nochi/NOCHI/M2_PAR/Apprenyissage_Pointcloud/Pointclouds-classification-with-the-POINTNET-Neural-network/PointNetLab/data/ModelNet10_PLY/desk/test/desk_0284.ply,3,3,desk,desk,0.3696052134037018
plus_jitter,1,334,/home/nochi/NOCHI/M2_PAR/Apprenyissage_Pointcloud/Pointclouds-classification-with-the-POINTNET-Neural-network/PointNetLab/data/ModelNet10_PLY/desk/test/desk_0285.ply,3,3,desk,desk,0.9724205136299133
plus_jitter,1,335,/home/nochi/NOCHI/M2_PAR/Apprenyissage_Pointcloud/Pointclouds-classification-with-the-POINTNET-Neural-network/PointNetLab/data/ModelNet10_PLY/desk/test/desk_0286.ply,3,3,desk,desk,0.9431068897247314
plus_jitter,1,336,/home/nochi/NOCHI/M2_PAR/Apprenyissage_Pointcloud/Pointclouds-classification-with-the-POINTNET-Neural-network/PointNetLab/data/ModelNet10_PLY/dresser/test/dresser_0201.ply,4,4,dresser,dresser,0.8113145232200623
plus_jitter,1,337,/home/nochi/NOCHI/M2_PAR/Apprenyissage_Pointcloud/Pointclouds-classification-with-the-POINTNET-Neural-network/PointNetLab/data/ModelNet10_PLY/dresser/test/dresser_0202.ply,4,4,dresser,dresser,0.7613822221755981
plus_jitter,1,338,/home/nochi/NOCHI/M2_PAR/Apprenyissage_Pointcloud/Pointclouds-classification-with-the-POINTNET-Neural-network/PointNetLab/data/ModelNet10_PLY/dresser/test/dresser_0203.ply,4,4,dresser,dresser,0.8591331839561462
plus_jitter,1,339,/home/nochi/NOCHI/M2_PAR/Apprenyissage_Pointcloud/Pointclouds-classification-with-the-POINTNET-Neural-network/PointNetLab/data/ModelNet10_PLY/dresser/test/dresser_0204.ply,4,4,dresser,dresser,0.9079964756965637
plus_jitter,1,340,/home/nochi/NOCHI/M2_PAR/Apprenyissage_Pointcloud/Pointclouds-classification-with-the-POINTNET-Neural-network/PointNetLab/data/ModelNet10_PLY/dresser/test/dresser_0205.ply,4,4,dresser,dresser,0.9584793448448181
plus_jitter,1,341,/home/nochi/NOCHI/M2_PAR/Apprenyissage_Pointcloud/Pointclouds-classification-with-the-POINTNET-Neural-network/PointNetLab/data/ModelNet10_PLY/dresser/test/dresser_0206.ply,4,4,dresser,dresser,0.782659649848938
plus_jitter,1,342,/home/nochi/NOCHI/M2_PAR/Apprenyissage_Pointcloud/Pointclouds-classification-with-the-POINTNET-Neural-network/PointNetLab/data/ModelNet10_PLY/dresser/test/dresser_0207.ply,4,4,dresser,dresser,0.9379911422729492
plus_jitter,1,343,/home/nochi/NOCHI/M2_PAR/Apprenyissage_Pointcloud/Pointclouds-classification-with-the-POINTNET-Neural-network/PointNetLab/data/ModelNet10_PLY/dresser/test/dresser_0208.ply,4,4,dresser,dresser,0.9072422981262207
plus_jitter,1,344,/home/nochi/NOCHI/M2_PAR/Apprenyissage_Pointcloud/Pointclouds-classification-with-the-POINTNET-Neural-network/PointNetLab/data/ModelNet10_PLY/dresser/test/dresser_0209.ply,4,4,dresser,dresser,0.9309054613113403
plus_jitter,1,345,/home/nochi/NOCHI/M2_PAR/Apprenyissage_Pointcloud/Pointclouds-classification-with-the-POINTNET-Neural-network/PointNetLab/data/ModelNet10_PLY/dresser/test/dresser_0210.ply,4,4,dresser,dresser,0.8532083630561829
plus_jitter,1,346,/home/nochi/NOCHI/M2_PAR/Apprenyissage_Pointcloud/Pointclouds-classification-with-the-POINTNET-Neural-network/PointNetLab/data/ModelNet10_PLY/dresser/test/dresser_0211.ply,4,4,dresser,dresser,0.9540746808052063
plus_jitter,1,347,/home/nochi/NOCHI/M2_PAR/Apprenyissage_Pointcloud/Pointclouds-classification-with-the-POINTNET-Neural-network/PointNetLab/data/ModelNet10_PLY/dresser/test/dresser_0212.ply,4,8,dresser,table,0.9223766326904297
plus_jitter,1,348,/home/nochi/NOCHI/M2_PAR/Apprenyissage_Pointcloud/Pointclouds-classification-with-the-POINTNET-Neural-network/PointNetLab/data/ModelNet10_PLY/dresser/test/dresser_0213.ply,4,4,dresser,dresser,0.9620630145072937
plus_jitter,1,349,/home/nochi/NOCHI/M2_PAR/Apprenyissage_Pointcloud/Pointclouds-classification-with-the-POINTNET-Neural-network/PointNetLab/data/ModelNet10_PLY/dresser/test/dresser_0214.ply,4,4,dresser,dresser,0.9462356567382812
plus_jitter,1,350,/home/nochi/NOCHI/M2_PAR/Apprenyissage_Pointcloud/Pointclouds-classification-with-the-POINTNET-Neural-network/PointNetLab/data/ModelNet10_PLY/dresser/test/dresser_0215.ply,4,4,dresser,dresser,0.8251365423202515
plus_jitter,1,351,/home/nochi/NOCHI/M2_PAR/Apprenyissage_Pointcloud/Pointclouds-classification-with-the-POINTNET-Neural-network/PointNetLab/data/ModelNet10_PLY/dresser/test/dresser_0216.ply,4,4,dresser,dresser,0.48131662607192993
plus_jitter,1,352,/home/nochi/NOCHI/M2_PAR/Apprenyissage_Pointcloud/Pointclouds-classification-with-the-POINTNET-Neural-network/PointNetLab/data/ModelNet10_PLY/dresser/test/dresser_0217.ply,4,4,dresser,dresser,0.8252761960029602
plus_jitter,1,353,/home/nochi/NOCHI/M2_PAR/Apprenyissage_Pointcloud/Pointclouds-classification-with-the-POINTNET-Neural-network/PointNetLab/data/ModelNet10_PLY/dresser/test/dresser_0218.ply,4,4,dresser,dresser,0.7025145888328552
plus_jitter,1,354,/home/nochi/NOCHI/M2_PAR/Apprenyissage_Pointcloud/Pointclouds-classification-with-the-POINTNET-Neural-network/PointNetLab/data/ModelNet10_PLY/dresser/test/dresser_0219.ply,4,6,dresser,night_stand,0.7332308292388916
plus_jitter,1,355,/home/nochi/NOCHI/M2_PAR/Apprenyissage_Pointcloud/Pointclouds-classification-with-the-POINTNET-Neural-network/PointNetLab/data/ModelNet10_PLY/dresser/test/dresser_0220.ply,4,4,dresser,dresser,0.5578233599662781
plus_jitter,1,356,/home/nochi/NOCHI/M2_PAR/Apprenyissage_Pointcloud/Pointclouds-classification-with-the-POINTNET-Neural-network/PointNetLab/data/ModelNet10_PLY/dresser/test/dresser_0221.ply,4,4,dresser,dresser,0.8407895565032959
plus_jitter,1,357,/home/nochi/NOCHI/M2_PAR/Apprenyissage_Pointcloud/Pointclouds-classification-with-the-POINTNET-Neural-network/PointNetLab/data/ModelNet10_PLY/dresser/test/dresser_0222.ply,4,4,dresser,dresser,0.9525232315063477
plus_jitter,1,358,/home/nochi/NOCHI/M2_PAR/Apprenyissage_Pointcloud/Pointclouds-classification-with-the-POINTNET-Neural-network/PointNetLab/data/ModelNet10_PLY/dresser/test/dresser_0223.ply,4,4,dresser,dresser,0.8325037956237793
plus_jitter,1,359,/home/nochi/NOCHI/M2_PAR/Apprenyissage_Pointcloud/Pointclouds-classification-with-the-POINTNET-Neural-network/PointNetLab/data/ModelNet10_PLY/dresser/test/dresser_0224.ply,4,6,dresser,night_stand,0.4932711720466614
plus_jitter,1,360,/home/nochi/NOCHI/M2_PAR/Apprenyissage_Pointcloud/Pointclouds-classification-with-the-POINTNET-Neural-network/PointNetLab/data/ModelNet10_PLY/dresser/test/dresser_0225.ply,4,4,dresser,dresser,0.8707298040390015
plus_jitter,1,361,/home/nochi/NOCHI/M2_PAR/Apprenyissage_Pointcloud/Pointclouds-classification-with-the-POINTNET-Neural-network/PointNetLab/data/ModelNet10_PLY/dresser/test/dresser_0226.ply,4,4,dresser,dresser,0.9350553154945374
plus_jitter,1,362,/home/nochi/NOCHI/M2_PAR/Apprenyissage_Pointcloud/Pointclouds-classification-with-the-POINTNET-Neural-network/PointNetLab/data/ModelNet10_PLY/dresser/test/dresser_0227.ply,4,4,dresser,dresser,0.6680689454078674
plus_jitter,1,363,/home/nochi/NOCHI/M2_PAR/Apprenyissage_Pointcloud/Pointclouds-classification-with-the-POINTNET-Neural-network/PointNetLab/data/ModelNet10_PLY/dresser/test/dresser_0228.ply,4,4,dresser,dresser,0.9243674278259277
plus_jitter,1,364,/home/nochi/NOCHI/M2_PAR/Apprenyissage_Pointcloud/Pointclouds-classification-with-the-POINTNET-Neural-network/PointNetLab/data/ModelNet10_PLY/dresser/test/dresser_0229.ply,4,4,dresser,dresser,0.8351871967315674
plus_jitter,1,365,/home/nochi/NOCHI/M2_PAR/Apprenyissage_Pointcloud/Pointclouds-classification-with-the-POINTNET-Neural-network/PointNetLab/data/ModelNet10_PLY/dresser/test/dresser_0230.ply,4,4,dresser,dresser,0.9502576589584351
plus_jitter,1,366,/home/nochi/NOCHI/M2_PAR/Apprenyissage_Pointcloud/Pointclouds-classification-with-the-POINTNET-Neural-network/PointNetLab/data/ModelNet10_PLY/dresser/test/dresser_0231.ply,4,4,dresser,dresser,0.9282484650611877
plus_jitter,1,367,/home/nochi/NOCHI/M2_PAR/Apprenyissage_Pointcloud/Pointclouds-classification-with-the-POINTNET-Neural-network/PointNetLab/data/ModelNet10_PLY/dresser/test/dresser_0232.ply,4,4,dresser,dresser,0.882950484752655
plus_jitter,1,368,/home/nochi/NOCHI/M2_PAR/Apprenyissage_Pointcloud/Pointclouds-classification-with-the-POINTNET-Neural-network/PointNetLab/data/ModelNet10_PLY/dresser/test/dresser_0233.ply,4,3,dresser,desk,0.441374808549881
plus_jitter,1,369,/home/nochi/NOCHI/M2_PAR/Apprenyissage_Pointcloud/Pointclouds-classification-with-the-POINTNET-Neural-network/PointNetLab/data/ModelNet10_PLY/dresser/test/dresser_0234.ply,4,4,dresser,dresser,0.7495030164718628
plus_jitter,1,370,/home/nochi/NOCHI/M2_PAR/Apprenyissage_Pointcloud/Pointclouds-classification-with-the-POINTNET-Neural-network/PointNetLab/data/ModelNet10_PLY/dresser/test/dresser_0235.ply,4,4,dresser,dresser,0.7529552578926086
plus_jitter,1,371,/home/nochi/NOCHI/M2_PAR/Apprenyissage_Pointcloud/Pointclouds-classification-with-the-POINTNET-Neural-network/PointNetLab/data/ModelNet10_PLY/dresser/test/dresser_0236.ply,4,4,dresser,dresser,0.5730597376823425
plus_jitter,1,372,/home/nochi/NOCHI/M2_PAR/Apprenyissage_Pointcloud/Pointclouds-classification-with-the-POINTNET-Neural-network/PointNetLab/data/ModelNet10_PLY/dresser/test/dresser_0237.ply,4,4,dresser,dresser,0.8636598587036133
plus_jitter,1,373,/home/nochi/NOCHI/M2_PAR/Apprenyissage_Pointcloud/Pointclouds-classification-with-the-POINTNET-Neural-network/PointNetLab/data/ModelNet10_PLY/dresser/test/dresser_0238.ply,4,4,dresser,dresser,0.8282266855239868
plus_jitter,1,374,/home/nochi/NOCHI/M2_PAR/Apprenyissage_Pointcloud/Pointclouds-classification-with-the-POINTNET-Neural-network/PointNetLab/data/ModelNet10_PLY/dresser/test/dresser_0239.ply,4,4,dresser,dresser,0.9551466703414917
plus_jitter,1,375,/home/nochi/NOCHI/M2_PAR/Apprenyissage_Pointcloud/Pointclouds-classification-with-the-POINTNET-Neural-network/PointNetLab/data/ModelNet10_PLY/dresser/test/dresser_0240.ply,4,4,dresser,dresser,0.7764573097229004
plus_jitter,1,376,/home/nochi/NOCHI/M2_PAR/Apprenyissage_Pointcloud/Pointclouds-classification-with-the-POINTNET-Neural-network/PointNetLab/data/ModelNet10_PLY/dresser/test/dresser_0241.ply,4,4,dresser,dresser,0.6834378838539124
plus_jitter,1,377,/home/nochi/NOCHI/M2_PAR/Apprenyissage_Pointcloud/Pointclouds-classification-with-the-POINTNET-Neural-network/PointNetLab/data/ModelNet10_PLY/dresser/test/dresser_0242.ply,4,4,dresser,dresser,0.9399686455726624
plus_jitter,1,378,/home/nochi/NOCHI/M2_PAR/Apprenyissage_Pointcloud/Pointclouds-classification-with-the-POINTNET-Neural-network/PointNetLab/data/ModelNet10_PLY/dresser/test/dresser_0243.ply,4,4,dresser,dresser,0.9100930690765381
plus_jitter,1,379,/home/nochi/NOCHI/M2_PAR/Apprenyissage_Pointcloud/Pointclouds-classification-with-the-POINTNET-Neural-network/PointNetLab/data/ModelNet10_PLY/dresser/test/dresser_0244.ply,4,4,dresser,dresser,0.9108068346977234
plus_jitter,1,380,/home/nochi/NOCHI/M2_PAR/Apprenyissage_Pointcloud/Pointclouds-classification-with-the-POINTNET-Neural-network/PointNetLab/data/ModelNet10_PLY/dresser/test/dresser_0245.ply,4,4,dresser,dresser,0.8282713294029236
plus_jitter,1,381,/home/nochi/NOCHI/M2_PAR/Apprenyissage_Pointcloud/Pointclouds-classification-with-the-POINTNET-Neural-network/PointNetLab/data/ModelNet10_PLY/dresser/test/dresser_0246.ply,4,4,dresser,dresser,0.7295948266983032
plus_jitter,1,382,/home/nochi/NOCHI/M2_PAR/Apprenyissage_Pointcloud/Pointclouds-classification-with-the-POINTNET-Neural-network/PointNetLab/data/ModelNet10_PLY/dresser/test/dresser_0247.ply,4,4,dresser,dresser,0.9508249759674072
plus_jitter,1,383,/home/nochi/NOCHI/M2_PAR/Apprenyissage_Pointcloud/Pointclouds-classification-with-the-POINTNET-Neural-network/PointNetLab/data/ModelNet10_PLY/dresser/test/dresser_0248.ply,4,4,dresser,dresser,0.8771607875823975
plus_jitter,1,384,/home/nochi/NOCHI/M2_PAR/Apprenyissage_Pointcloud/Pointclouds-classification-with-the-POINTNET-Neural-network/PointNetLab/data/ModelNet10_PLY/dresser/test/dresser_0249.ply,4,4,dresser,dresser,0.9627768993377686
plus_jitter,1,385,/home/nochi/NOCHI/M2_PAR/Apprenyissage_Pointcloud/Pointclouds-classification-with-the-POINTNET-Neural-network/PointNetLab/data/ModelNet10_PLY/dresser/test/dresser_0250.ply,4,4,dresser,dresser,0.6660500168800354
plus_jitter,1,386,/home/nochi/NOCHI/M2_PAR/Apprenyissage_Pointcloud/Pointclouds-classification-with-the-POINTNET-Neural-network/PointNetLab/data/ModelNet10_PLY/dresser/test/dresser_0251.ply,4,4,dresser,dresser,0.835506021976471
plus_jitter,1,387,/home/nochi/NOCHI/M2_PAR/Apprenyissage_Pointcloud/Pointclouds-classification-with-the-POINTNET-Neural-network/PointNetLab/data/ModelNet10_PLY/dresser/test/dresser_0252.ply,4,4,dresser,dresser,0.9447169899940491
plus_jitter,1,388,/home/nochi/NOCHI/M2_PAR/Apprenyissage_Pointcloud/Pointclouds-classification-with-the-POINTNET-Neural-network/PointNetLab/data/ModelNet10_PLY/dresser/test/dresser_0253.ply,4,4,dresser,dresser,0.749372661113739
plus_jitter,1,389,/home/nochi/NOCHI/M2_PAR/Apprenyissage_Pointcloud/Pointclouds-classification-with-the-POINTNET-Neural-network/PointNetLab/data/ModelNet10_PLY/dresser/test/dresser_0254.ply,4,4,dresser,dresser,0.7870572209358215
plus_jitter,1,390,/home/nochi/NOCHI/M2_PAR/Apprenyissage_Pointcloud/Pointclouds-classification-with-the-POINTNET-Neural-network/PointNetLab/data/ModelNet10_PLY/dresser/test/dresser_0255.ply,4,4,dresser,dresser,0.9492075443267822
plus_jitter,1,391,/home/nochi/NOCHI/M2_PAR/Apprenyissage_Pointcloud/Pointclouds-classification-with-the-POINTNET-Neural-network/PointNetLab/data/ModelNet10_PLY/dresser/test/dresser_0256.ply,4,4,dresser,dresser,0.8004568219184875
plus_jitter,1,392,/home/nochi/NOCHI/M2_PAR/Apprenyissage_Pointcloud/Pointclouds-classification-with-the-POINTNET-Neural-network/PointNetLab/data/ModelNet10_PLY/dresser/test/dresser_0257.ply,4,4,dresser,dresser,0.712973415851593
plus_jitter,1,393,/home/nochi/NOCHI/M2_PAR/Apprenyissage_Pointcloud/Pointclouds-classification-with-the-POINTNET-Neural-network/PointNetLab/data/ModelNet10_PLY/dresser/test/dresser_0258.ply,4,7,dresser,sofa,0.5258488059043884
plus_jitter,1,394,/home/nochi/NOCHI/M2_PAR/Apprenyissage_Pointcloud/Pointclouds-classification-with-the-POINTNET-Neural-network/PointNetLab/data/ModelNet10_PLY/dresser/test/dresser_0259.ply,4,4,dresser,dresser,0.5222441554069519
plus_jitter,1,395,/home/nochi/NOCHI/M2_PAR/Apprenyissage_Pointcloud/Pointclouds-classification-with-the-POINTNET-Neural-network/PointNetLab/data/ModelNet10_PLY/dresser/test/dresser_0260.ply,4,4,dresser,dresser,0.5820099711418152
plus_jitter,1,396,/home/nochi/NOCHI/M2_PAR/Apprenyissage_Pointcloud/Pointclouds-classification-with-the-POINTNET-Neural-network/PointNetLab/data/ModelNet10_PLY/dresser/test/dresser_0261.ply,4,4,dresser,dresser,0.9625887870788574
plus_jitter,1,397,/home/nochi/NOCHI/M2_PAR/Apprenyissage_Pointcloud/Pointclouds-classification-with-the-POINTNET-Neural-network/PointNetLab/data/ModelNet10_PLY/dresser/test/dresser_0262.ply,4,4,dresser,dresser,0.963561475276947
plus_jitter,1,398,/home/nochi/NOCHI/M2_PAR/Apprenyissage_Pointcloud/Pointclouds-classification-with-the-POINTNET-Neural-network/PointNetLab/data/ModelNet10_PLY/dresser/test/dresser_0263.ply,4,4,dresser,dresser,0.9295347929000854
plus_jitter,1,399,/home/nochi/NOCHI/M2_PAR/Apprenyissage_Pointcloud/Pointclouds-classification-with-the-POINTNET-Neural-network/PointNetLab/data/ModelNet10_PLY/dresser/test/dresser_0264.ply,4,4,dresser,dresser,0.8706948161125183
plus_jitter,1,400,/home/nochi/NOCHI/M2_PAR/Apprenyissage_Pointcloud/Pointclouds-classification-with-the-POINTNET-Neural-network/PointNetLab/data/ModelNet10_PLY/dresser/test/dresser_0265.ply,4,4,dresser,dresser,0.9727096557617188
plus_jitter,1,401,/home/nochi/NOCHI/M2_PAR/Apprenyissage_Pointcloud/Pointclouds-classification-with-the-POINTNET-Neural-network/PointNetLab/data/ModelNet10_PLY/dresser/test/dresser_0266.ply,4,4,dresser,dresser,0.9467946887016296
plus_jitter,1,402,/home/nochi/NOCHI/M2_PAR/Apprenyissage_Pointcloud/Pointclouds-classification-with-the-POINTNET-Neural-network/PointNetLab/data/ModelNet10_PLY/dresser/test/dresser_0267.ply,4,4,dresser,dresser,0.8695050477981567
plus_jitter,1,403,/home/nochi/NOCHI/M2_PAR/Apprenyissage_Pointcloud/Pointclouds-classification-with-the-POINTNET-Neural-network/PointNetLab/data/ModelNet10_PLY/dresser/test/dresser_0268.ply,4,4,dresser,dresser,0.8996112942695618
plus_jitter,1,404,/home/nochi/NOCHI/M2_PAR/Apprenyissage_Pointcloud/Pointclouds-classification-with-the-POINTNET-Neural-network/PointNetLab/data/ModelNet10_PLY/dresser/test/dresser_0269.ply,4,4,dresser,dresser,0.9046808481216431
plus_jitter,1,405,/home/nochi/NOCHI/M2_PAR/Apprenyissage_Pointcloud/Pointclouds-classification-with-the-POINTNET-Neural-network/PointNetLab/data/ModelNet10_PLY/dresser/test/dresser_0270.ply,4,4,dresser,dresser,0.772412896156311
plus_jitter,1,406,/home/nochi/NOCHI/M2_PAR/Apprenyissage_Pointcloud/Pointclouds-classification-with-the-POINTNET-Neural-network/PointNetLab/data/ModelNet10_PLY/dresser/test/dresser_0271.ply,4,4,dresser,dresser,0.9755114316940308
plus_jitter,1,407,/home/nochi/NOCHI/M2_PAR/Apprenyissage_Pointcloud/Pointclouds-classification-with-the-POINTNET-Neural-network/PointNetLab/data/ModelNet10_PLY/dresser/test/dresser_0272.ply,4,4,dresser,dresser,0.5471010804176331
plus_jitter,1,408,/home/nochi/NOCHI/M2_PAR/Apprenyissage_Pointcloud/Pointclouds-classification-with-the-POINTNET-Neural-network/PointNetLab/data/ModelNet10_PLY/dresser/test/dresser_0273.ply,4,4,dresser,dresser,0.6261571645736694
plus_jitter,1,409,/home/nochi/NOCHI/M2_PAR/Apprenyissage_Pointcloud/Pointclouds-classification-with-the-POINTNET-Neural-network/PointNetLab/data/ModelNet10_PLY/dresser/test/dresser_0274.ply,4,4,dresser,dresser,0.7278997898101807
plus_jitter,1,410,/home/nochi/NOCHI/M2_PAR/Apprenyissage_Pointcloud/Pointclouds-classification-with-the-POINTNET-Neural-network/PointNetLab/data/ModelNet10_PLY/dresser/test/dresser_0275.ply,4,4,dresser,dresser,0.9377254843711853
plus_jitter,1,411,/home/nochi/NOCHI/M2_PAR/Apprenyissage_Pointcloud/Pointclouds-classification-with-the-POINTNET-Neural-network/PointNetLab/data/ModelNet10_PLY/dresser/test/dresser_0276.ply,4,4,dresser,dresser,0.6901660561561584
plus_jitter,1,412,/home/nochi/NOCHI/M2_PAR/Apprenyissage_Pointcloud/Pointclouds-classification-with-the-POINTNET-Neural-network/PointNetLab/data/ModelNet10_PLY/dresser/test/dresser_0277.ply,4,4,dresser,dresser,0.5844076871871948
plus_jitter,1,413,/home/nochi/NOCHI/M2_PAR/Apprenyissage_Pointcloud/Pointclouds-classification-with-the-POINTNET-Neural-network/PointNetLab/data/ModelNet10_PLY/dresser/test/dresser_0278.ply,4,4,dresser,dresser,0.782118022441864
plus_jitter,1,414,/home/nochi/NOCHI/M2_PAR/Apprenyissage_Pointcloud/Pointclouds-classification-with-the-POINTNET-Neural-network/PointNetLab/data/ModelNet10_PLY/dresser/test/dresser_0279.ply,4,4,dresser,dresser,0.8999100923538208
plus_jitter,1,415,/home/nochi/NOCHI/M2_PAR/Apprenyissage_Pointcloud/Pointclouds-classification-with-the-POINTNET-Neural-network/PointNetLab/data/ModelNet10_PLY/dresser/test/dresser_0280.ply,4,4,dresser,dresser,0.5912178754806519
plus_jitter,1,416,/home/nochi/NOCHI/M2_PAR/Apprenyissage_Pointcloud/Pointclouds-classification-with-the-POINTNET-Neural-network/PointNetLab/data/ModelNet10_PLY/dresser/test/dresser_0281.ply,4,4,dresser,dresser,0.7882876992225647
plus_jitter,1,417,/home/nochi/NOCHI/M2_PAR/Apprenyissage_Pointcloud/Pointclouds-classification-with-the-POINTNET-Neural-network/PointNetLab/data/ModelNet10_PLY/dresser/test/dresser_0282.ply,4,4,dresser,dresser,0.7811884880065918
plus_jitter,1,418,/home/nochi/NOCHI/M2_PAR/Apprenyissage_Pointcloud/Pointclouds-classification-with-the-POINTNET-Neural-network/PointNetLab/data/ModelNet10_PLY/dresser/test/dresser_0283.ply,4,4,dresser,dresser,0.9680769443511963
plus_jitter,1,419,/home/nochi/NOCHI/M2_PAR/Apprenyissage_Pointcloud/Pointclouds-classification-with-the-POINTNET-Neural-network/PointNetLab/data/ModelNet10_PLY/dresser/test/dresser_0284.ply,4,4,dresser,dresser,0.8075544834136963
plus_jitter,1,420,/home/nochi/NOCHI/M2_PAR/Apprenyissage_Pointcloud/Pointclouds-classification-with-the-POINTNET-Neural-network/PointNetLab/data/ModelNet10_PLY/dresser/test/dresser_0285.ply,4,4,dresser,dresser,0.6359484791755676
plus_jitter,1,421,/home/nochi/NOCHI/M2_PAR/Apprenyissage_Pointcloud/Pointclouds-classification-with-the-POINTNET-Neural-network/PointNetLab/data/ModelNet10_PLY/dresser/test/dresser_0286.ply,4,4,dresser,dresser,0.5554381608963013
plus_jitter,1,422,/home/nochi/NOCHI/M2_PAR/Apprenyissage_Pointcloud/Pointclouds-classification-with-the-POINTNET-Neural-network/PointNetLab/data/ModelNet10_PLY/monitor/test/monitor_0466.ply,5,5,monitor,monitor,0.6857695579528809
plus_jitter,1,423,/home/nochi/NOCHI/M2_PAR/Apprenyissage_Pointcloud/Pointclouds-classification-with-the-POINTNET-Neural-network/PointNetLab/data/ModelNet10_PLY/monitor/test/monitor_0467.ply,5,5,monitor,monitor,0.9997280836105347
plus_jitter,1,424,/home/nochi/NOCHI/M2_PAR/Apprenyissage_Pointcloud/Pointclouds-classification-with-the-POINTNET-Neural-network/PointNetLab/data/ModelNet10_PLY/monitor/test/monitor_0468.ply,5,5,monitor,monitor,0.9987863898277283
plus_jitter,1,425,/home/nochi/NOCHI/M2_PAR/Apprenyissage_Pointcloud/Pointclouds-classification-with-the-POINTNET-Neural-network/PointNetLab/data/ModelNet10_PLY/monitor/test/monitor_0469.ply,5,5,monitor,monitor,0.9996166229248047
plus_jitter,1,426,/home/nochi/NOCHI/M2_PAR/Apprenyissage_Pointcloud/Pointclouds-classification-with-the-POINTNET-Neural-network/PointNetLab/data/ModelNet10_PLY/monitor/test/monitor_0470.ply,5,5,monitor,monitor,0.9631193280220032
plus_jitter,1,427,/home/nochi/NOCHI/M2_PAR/Apprenyissage_Pointcloud/Pointclouds-classification-with-the-POINTNET-Neural-network/PointNetLab/data/ModelNet10_PLY/monitor/test/monitor_0471.ply,5,5,monitor,monitor,0.99961918592453
plus_jitter,1,428,/home/nochi/NOCHI/M2_PAR/Apprenyissage_Pointcloud/Pointclouds-classification-with-the-POINTNET-Neural-network/PointNetLab/data/ModelNet10_PLY/monitor/test/monitor_0472.ply,5,5,monitor,monitor,0.28733906149864197
plus_jitter,1,429,/home/nochi/NOCHI/M2_PAR/Apprenyissage_Pointcloud/Pointclouds-classification-with-the-POINTNET-Neural-network/PointNetLab/data/ModelNet10_PLY/monitor/test/monitor_0473.ply,5,5,monitor,monitor,0.9991540312767029
plus_jitter,1,430,/home/nochi/NOCHI/M2_PAR/Apprenyissage_Pointcloud/Pointclouds-classification-with-the-POINTNET-Neural-network/PointNetLab/data/ModelNet10_PLY/monitor/test/monitor_0474.ply,5,5,monitor,monitor,0.9928601384162903
plus_jitter,1,431,/home/nochi/NOCHI/M2_PAR/Apprenyissage_Pointcloud/Pointclouds-classification-with-the-POINTNET-Neural-network/PointNetLab/data/ModelNet10_PLY/monitor/test/monitor_0475.ply,5,5,monitor,monitor,0.9992069602012634
plus_jitter,1,432,/home/nochi/NOCHI/M2_PAR/Apprenyissage_Pointcloud/Pointclouds-classification-with-the-POINTNET-Neural-network/PointNetLab/data/ModelNet10_PLY/monitor/test/monitor_0476.ply,5,5,monitor,monitor,0.995006799697876
plus_jitter,1,433,/home/nochi/NOCHI/M2_PAR/Apprenyissage_Pointcloud/Pointclouds-classification-with-the-POINTNET-Neural-network/PointNetLab/data/ModelNet10_PLY/monitor/test/monitor_0477.ply,5,5,monitor,monitor,0.9992133975028992
plus_jitter,1,434,/home/nochi/NOCHI/M2_PAR/Apprenyissage_Pointcloud/Pointclouds-classification-with-the-POINTNET-Neural-network/PointNetLab/data/ModelNet10_PLY/monitor/test/monitor_0478.ply,5,5,monitor,monitor,0.9994943737983704
plus_jitter,1,435,/home/nochi/NOCHI/M2_PAR/Apprenyissage_Pointcloud/Pointclouds-classification-with-the-POINTNET-Neural-network/PointNetLab/data/ModelNet10_PLY/monitor/test/monitor_0479.ply,5,5,monitor,monitor,0.9998775124549866
plus_jitter,1,436,/home/nochi/NOCHI/M2_PAR/Apprenyissage_Pointcloud/Pointclouds-classification-with-the-POINTNET-Neural-network/PointNetLab/data/ModelNet10_PLY/monitor/test/monitor_0480.ply,5,5,monitor,monitor,0.9992214441299438
plus_jitter,1,437,/home/nochi/NOCHI/M2_PAR/Apprenyissage_Pointcloud/Pointclouds-classification-with-the-POINTNET-Neural-network/PointNetLab/data/ModelNet10_PLY/monitor/test/monitor_0481.ply,5,5,monitor,monitor,0.9930332899093628
plus_jitter,1,438,/home/nochi/NOCHI/M2_PAR/Apprenyissage_Pointcloud/Pointclouds-classification-with-the-POINTNET-Neural-network/PointNetLab/data/ModelNet10_PLY/monitor/test/monitor_0482.ply,5,5,monitor,monitor,0.9822679162025452
plus_jitter,1,439,/home/nochi/NOCHI/M2_PAR/Apprenyissage_Pointcloud/Pointclouds-classification-with-the-POINTNET-Neural-network/PointNetLab/data/ModelNet10_PLY/monitor/test/monitor_0483.ply,5,5,monitor,monitor,0.9860459566116333
plus_jitter,1,440,/home/nochi/NOCHI/M2_PAR/Apprenyissage_Pointcloud/Pointclouds-classification-with-the-POINTNET-Neural-network/PointNetLab/data/ModelNet10_PLY/monitor/test/monitor_0484.ply,5,5,monitor,monitor,0.9648218154907227
plus_jitter,1,441,/home/nochi/NOCHI/M2_PAR/Apprenyissage_Pointcloud/Pointclouds-classification-with-the-POINTNET-Neural-network/PointNetLab/data/ModelNet10_PLY/monitor/test/monitor_0485.ply,5,5,monitor,monitor,0.9951884746551514
plus_jitter,1,442,/home/nochi/NOCHI/M2_PAR/Apprenyissage_Pointcloud/Pointclouds-classification-with-the-POINTNET-Neural-network/PointNetLab/data/ModelNet10_PLY/monitor/test/monitor_0486.ply,5,5,monitor,monitor,0.9989952445030212
plus_jitter,1,443,/home/nochi/NOCHI/M2_PAR/Apprenyissage_Pointcloud/Pointclouds-classification-with-the-POINTNET-Neural-network/PointNetLab/data/ModelNet10_PLY/monitor/test/monitor_0487.ply,5,5,monitor,monitor,0.8003076314926147
plus_jitter,1,444,/home/nochi/NOCHI/M2_PAR/Apprenyissage_Pointcloud/Pointclouds-classification-with-the-POINTNET-Neural-network/PointNetLab/data/ModelNet10_PLY/monitor/test/monitor_0488.ply,5,0,monitor,bathtub,0.7992882132530212
plus_jitter,1,445,/home/nochi/NOCHI/M2_PAR/Apprenyissage_Pointcloud/Pointclouds-classification-with-the-POINTNET-Neural-network/PointNetLab/data/ModelNet10_PLY/monitor/test/monitor_0489.ply,5,5,monitor,monitor,0.9933045506477356
plus_jitter,1,446,/home/nochi/NOCHI/M2_PAR/Apprenyissage_Pointcloud/Pointclouds-classification-with-the-POINTNET-Neural-network/PointNetLab/data/ModelNet10_PLY/monitor/test/monitor_0490.ply,5,5,monitor,monitor,0.9805481433868408
plus_jitter,1,447,/home/nochi/NOCHI/M2_PAR/Apprenyissage_Pointcloud/Pointclouds-classification-with-the-POINTNET-Neural-network/PointNetLab/data/ModelNet10_PLY/monitor/test/monitor_0491.ply,5,9,monitor,toilet,0.8992084860801697
plus_jitter,1,448,/home/nochi/NOCHI/M2_PAR/Apprenyissage_Pointcloud/Pointclouds-classification-with-the-POINTNET-Neural-network/PointNetLab/data/ModelNet10_PLY/monitor/test/monitor_0492.ply,5,5,monitor,monitor,0.9827465415000916
plus_jitter,1,449,/home/nochi/NOCHI/M2_PAR/Apprenyissage_Pointcloud/Pointclouds-classification-with-the-POINTNET-Neural-network/PointNetLab/data/ModelNet10_PLY/monitor/test/monitor_0493.ply,5,5,monitor,monitor,0.9997896552085876
plus_jitter,1,450,/home/nochi/NOCHI/M2_PAR/Apprenyissage_Pointcloud/Pointclouds-classification-with-the-POINTNET-Neural-network/PointNetLab/data/ModelNet10_PLY/monitor/test/monitor_0494.ply,5,5,monitor,monitor,0.9767354726791382
plus_jitter,1,451,/home/nochi/NOCHI/M2_PAR/Apprenyissage_Pointcloud/Pointclouds-classification-with-the-POINTNET-Neural-network/PointNetLab/data/ModelNet10_PLY/monitor/test/monitor_0495.ply,5,5,monitor,monitor,0.9998686909675598
plus_jitter,1,452,/home/nochi/NOCHI/M2_PAR/Apprenyissage_Pointcloud/Pointclouds-classification-with-the-POINTNET-Neural-network/PointNetLab/data/ModelNet10_PLY/monitor/test/monitor_0496.ply,5,9,monitor,toilet,0.6142469644546509
plus_jitter,1,453,/home/nochi/NOCHI/M2_PAR/Apprenyissage_Pointcloud/Pointclouds-classification-with-the-POINTNET-Neural-network/PointNetLab/data/ModelNet10_PLY/monitor/test/monitor_0497.ply,5,5,monitor,monitor,0.4510611593723297
plus_jitter,1,454,/home/nochi/NOCHI/M2_PAR/Apprenyissage_Pointcloud/Pointclouds-classification-with-the-POINTNET-Neural-network/PointNetLab/data/ModelNet10_PLY/monitor/test/monitor_0498.ply,5,5,monitor,monitor,0.9068136811256409
plus_jitter,1,455,/home/nochi/NOCHI/M2_PAR/Apprenyissage_Pointcloud/Pointclouds-classification-with-the-POINTNET-Neural-network/PointNetLab/data/ModelNet10_PLY/monitor/test/monitor_0499.ply,5,5,monitor,monitor,0.9991869926452637
plus_jitter,1,456,/home/nochi/NOCHI/M2_PAR/Apprenyissage_Pointcloud/Pointclouds-classification-with-the-POINTNET-Neural-network/PointNetLab/data/ModelNet10_PLY/monitor/test/monitor_0500.ply,5,5,monitor,monitor,0.7852056622505188
plus_jitter,1,457,/home/nochi/NOCHI/M2_PAR/Apprenyissage_Pointcloud/Pointclouds-classification-with-the-POINTNET-Neural-network/PointNetLab/data/ModelNet10_PLY/monitor/test/monitor_0501.ply,5,5,monitor,monitor,0.9926527142524719
plus_jitter,1,458,/home/nochi/NOCHI/M2_PAR/Apprenyissage_Pointcloud/Pointclouds-classification-with-the-POINTNET-Neural-network/PointNetLab/data/ModelNet10_PLY/monitor/test/monitor_0502.ply,5,5,monitor,monitor,0.9998616576194763
plus_jitter,1,459,/home/nochi/NOCHI/M2_PAR/Apprenyissage_Pointcloud/Pointclouds-classification-with-the-POINTNET-Neural-network/PointNetLab/data/ModelNet10_PLY/monitor/test/monitor_0503.ply,5,5,monitor,monitor,0.9976842999458313
plus_jitter,1,460,/home/nochi/NOCHI/M2_PAR/Apprenyissage_Pointcloud/Pointclouds-classification-with-the-POINTNET-Neural-network/PointNetLab/data/ModelNet10_PLY/monitor/test/monitor_0504.ply,5,5,monitor,monitor,0.9997056722640991
plus_jitter,1,461,/home/nochi/NOCHI/M2_PAR/Apprenyissage_Pointcloud/Pointclouds-classification-with-the-POINTNET-Neural-network/PointNetLab/data/ModelNet10_PLY/monitor/test/monitor_0505.ply,5,5,monitor,monitor,0.9992656707763672
plus_jitter,1,462,/home/nochi/NOCHI/M2_PAR/Apprenyissage_Pointcloud/Pointclouds-classification-with-the-POINTNET-Neural-network/PointNetLab/data/ModelNet10_PLY/monitor/test/monitor_0506.ply,5,4,monitor,dresser,0.600597620010376
plus_jitter,1,463,/home/nochi/NOCHI/M2_PAR/Apprenyissage_Pointcloud/Pointclouds-classification-with-the-POINTNET-Neural-network/PointNetLab/data/ModelNet10_PLY/monitor/test/monitor_0507.ply,5,2,monitor,chair,0.7950481176376343
plus_jitter,1,464,/home/nochi/NOCHI/M2_PAR/Apprenyissage_Pointcloud/Pointclouds-classification-with-the-POINTNET-Neural-network/PointNetLab/data/ModelNet10_PLY/monitor/test/monitor_0508.ply,5,5,monitor,monitor,0.9995709657669067
plus_jitter,1,465,/home/nochi/NOCHI/M2_PAR/Apprenyissage_Pointcloud/Pointclouds-classification-with-the-POINTNET-Neural-network/PointNetLab/data/ModelNet10_PLY/monitor/test/monitor_0509.ply,5,5,monitor,monitor,0.9998925924301147
plus_jitter,1,466,/home/nochi/NOCHI/M2_PAR/Apprenyissage_Pointcloud/Pointclouds-classification-with-the-POINTNET-Neural-network/PointNetLab/data/ModelNet10_PLY/monitor/test/monitor_0510.ply,5,5,monitor,monitor,0.9996644258499146
plus_jitter,1,467,/home/nochi/NOCHI/M2_PAR/Apprenyissage_Pointcloud/Pointclouds-classification-with-the-POINTNET-Neural-network/PointNetLab/data/ModelNet10_PLY/monitor/test/monitor_0511.ply,5,5,monitor,monitor,0.9997600317001343
plus_jitter,1,468,/home/nochi/NOCHI/M2_PAR/Apprenyissage_Pointcloud/Pointclouds-classification-with-the-POINTNET-Neural-network/PointNetLab/data/ModelNet10_PLY/monitor/test/monitor_0512.ply,5,5,monitor,monitor,0.9998165965080261
plus_jitter,1,469,/home/nochi/NOCHI/M2_PAR/Apprenyissage_Pointcloud/Pointclouds-classification-with-the-POINTNET-Neural-network/PointNetLab/data/ModelNet10_PLY/monitor/test/monitor_0513.ply,5,5,monitor,monitor,0.9992190003395081
plus_jitter,1,470,/home/nochi/NOCHI/M2_PAR/Apprenyissage_Pointcloud/Pointclouds-classification-with-the-POINTNET-Neural-network/PointNetLab/data/ModelNet10_PLY/monitor/test/monitor_0514.ply,5,5,monitor,monitor,0.9997894167900085
plus_jitter,1,471,/home/nochi/NOCHI/M2_PAR/Apprenyissage_Pointcloud/Pointclouds-classification-with-the-POINTNET-Neural-network/PointNetLab/data/ModelNet10_PLY/monitor/test/monitor_0515.ply,5,5,monitor,monitor,0.999630331993103
plus_jitter,1,472,/home/nochi/NOCHI/M2_PAR/Apprenyissage_Pointcloud/Pointclouds-classification-with-the-POINTNET-Neural-network/PointNetLab/data/ModelNet10_PLY/monitor/test/monitor_0516.ply,5,5,monitor,monitor,0.9961812496185303
plus_jitter,1,473,/home/nochi/NOCHI/M2_PAR/Apprenyissage_Pointcloud/Pointclouds-classification-with-the-POINTNET-Neural-network/PointNetLab/data/ModelNet10_PLY/monitor/test/monitor_0517.ply,5,5,monitor,monitor,0.9945199489593506
plus_jitter,1,474,/home/nochi/NOCHI/M2_PAR/Apprenyissage_Pointcloud/Pointclouds-classification-with-the-POINTNET-Neural-network/PointNetLab/data/ModelNet10_PLY/monitor/test/monitor_0518.ply,5,5,monitor,monitor,0.9998634457588196
plus_jitter,1,475,/home/nochi/NOCHI/M2_PAR/Apprenyissage_Pointcloud/Pointclouds-classification-with-the-POINTNET-Neural-network/PointNetLab/data/ModelNet10_PLY/monitor/test/monitor_0519.ply,5,9,monitor,toilet,0.4103126525878906
plus_jitter,1,476,/home/nochi/NOCHI/M2_PAR/Apprenyissage_Pointcloud/Pointclouds-classification-with-the-POINTNET-Neural-network/PointNetLab/data/ModelNet10_PLY/monitor/test/monitor_0520.ply,5,5,monitor,monitor,0.9995551705360413
plus_jitter,1,477,/home/nochi/NOCHI/M2_PAR/Apprenyissage_Pointcloud/Pointclouds-classification-with-the-POINTNET-Neural-network/PointNetLab/data/ModelNet10_PLY/monitor/test/monitor_0521.ply,5,5,monitor,monitor,0.9597750306129456
plus_jitter,1,478,/home/nochi/NOCHI/M2_PAR/Apprenyissage_Pointcloud/Pointclouds-classification-with-the-POINTNET-Neural-network/PointNetLab/data/ModelNet10_PLY/monitor/test/monitor_0522.ply,5,5,monitor,monitor,0.9991891980171204
plus_jitter,1,479,/home/nochi/NOCHI/M2_PAR/Apprenyissage_Pointcloud/Pointclouds-classification-with-the-POINTNET-Neural-network/PointNetLab/data/ModelNet10_PLY/monitor/test/monitor_0523.ply,5,5,monitor,monitor,0.9991346001625061
plus_jitter,1,480,/home/nochi/NOCHI/M2_PAR/Apprenyissage_Pointcloud/Pointclouds-classification-with-the-POINTNET-Neural-network/PointNetLab/data/ModelNet10_PLY/monitor/test/monitor_0524.ply,5,5,monitor,monitor,0.9815939664840698
plus_jitter,1,481,/home/nochi/NOCHI/M2_PAR/Apprenyissage_Pointcloud/Pointclouds-classification-with-the-POINTNET-Neural-network/PointNetLab/data/ModelNet10_PLY/monitor/test/monitor_0525.ply,5,5,monitor,monitor,0.9998031258583069
plus_jitter,1,482,/home/nochi/NOCHI/M2_PAR/Apprenyissage_Pointcloud/Pointclouds-classification-with-the-POINTNET-Neural-network/PointNetLab/data/ModelNet10_PLY/monitor/test/monitor_0526.ply,5,5,monitor,monitor,0.9997335076332092
plus_jitter,1,483,/home/nochi/NOCHI/M2_PAR/Apprenyissage_Pointcloud/Pointclouds-classification-with-the-POINTNET-Neural-network/PointNetLab/data/ModelNet10_PLY/monitor/test/monitor_0527.ply,5,5,monitor,monitor,0.9991907477378845
plus_jitter,1,484,/home/nochi/NOCHI/M2_PAR/Apprenyissage_Pointcloud/Pointclouds-classification-with-the-POINTNET-Neural-network/PointNetLab/data/ModelNet10_PLY/monitor/test/monitor_0528.ply,5,5,monitor,monitor,0.9995388984680176
plus_jitter,1,485,/home/nochi/NOCHI/M2_PAR/Apprenyissage_Pointcloud/Pointclouds-classification-with-the-POINTNET-Neural-network/PointNetLab/data/ModelNet10_PLY/monitor/test/monitor_0529.ply,5,5,monitor,monitor,0.9998441338539124
plus_jitter,1,486,/home/nochi/NOCHI/M2_PAR/Apprenyissage_Pointcloud/Pointclouds-classification-with-the-POINTNET-Neural-network/PointNetLab/data/ModelNet10_PLY/monitor/test/monitor_0530.ply,5,5,monitor,monitor,0.9999491572380066
plus_jitter,1,487,/home/nochi/NOCHI/M2_PAR/Apprenyissage_Pointcloud/Pointclouds-classification-with-the-POINTNET-Neural-network/PointNetLab/data/ModelNet10_PLY/monitor/test/monitor_0531.ply,5,9,monitor,toilet,0.7225919961929321
plus_jitter,1,488,/home/nochi/NOCHI/M2_PAR/Apprenyissage_Pointcloud/Pointclouds-classification-with-the-POINTNET-Neural-network/PointNetLab/data/ModelNet10_PLY/monitor/test/monitor_0532.ply,5,5,monitor,monitor,0.9995570182800293
plus_jitter,1,489,/home/nochi/NOCHI/M2_PAR/Apprenyissage_Pointcloud/Pointclouds-classification-with-the-POINTNET-Neural-network/PointNetLab/data/ModelNet10_PLY/monitor/test/monitor_0533.ply,5,5,monitor,monitor,0.9984466433525085
plus_jitter,1,490,/home/nochi/NOCHI/M2_PAR/Apprenyissage_Pointcloud/Pointclouds-classification-with-the-POINTNET-Neural-network/PointNetLab/data/ModelNet10_PLY/monitor/test/monitor_0534.ply,5,5,monitor,monitor,0.9993705749511719
plus_jitter,1,491,/home/nochi/NOCHI/M2_PAR/Apprenyissage_Pointcloud/Pointclouds-classification-with-the-POINTNET-Neural-network/PointNetLab/data/ModelNet10_PLY/monitor/test/monitor_0535.ply,5,5,monitor,monitor,0.9993757009506226
plus_jitter,1,492,/home/nochi/NOCHI/M2_PAR/Apprenyissage_Pointcloud/Pointclouds-classification-with-the-POINTNET-Neural-network/PointNetLab/data/ModelNet10_PLY/monitor/test/monitor_0536.ply,5,5,monitor,monitor,0.9990459680557251
plus_jitter,1,493,/home/nochi/NOCHI/M2_PAR/Apprenyissage_Pointcloud/Pointclouds-classification-with-the-POINTNET-Neural-network/PointNetLab/data/ModelNet10_PLY/monitor/test/monitor_0537.ply,5,5,monitor,monitor,0.9995470643043518
plus_jitter,1,494,/home/nochi/NOCHI/M2_PAR/Apprenyissage_Pointcloud/Pointclouds-classification-with-the-POINTNET-Neural-network/PointNetLab/data/ModelNet10_PLY/monitor/test/monitor_0538.ply,5,5,monitor,monitor,0.9997450709342957
plus_jitter,1,495,/home/nochi/NOCHI/M2_PAR/Apprenyissage_Pointcloud/Pointclouds-classification-with-the-POINTNET-Neural-network/PointNetLab/data/ModelNet10_PLY/monitor/test/monitor_0539.ply,5,5,monitor,monitor,0.9960429668426514
plus_jitter,1,496,/home/nochi/NOCHI/M2_PAR/Apprenyissage_Pointcloud/Pointclouds-classification-with-the-POINTNET-Neural-network/PointNetLab/data/ModelNet10_PLY/monitor/test/monitor_0540.ply,5,5,monitor,monitor,0.9980297684669495
plus_jitter,1,497,/home/nochi/NOCHI/M2_PAR/Apprenyissage_Pointcloud/Pointclouds-classification-with-the-POINTNET-Neural-network/PointNetLab/data/ModelNet10_PLY/monitor/test/monitor_0541.ply,5,5,monitor,monitor,0.9986779093742371
plus_jitter,1,498,/home/nochi/NOCHI/M2_PAR/Apprenyissage_Pointcloud/Pointclouds-classification-with-the-POINTNET-Neural-network/PointNetLab/data/ModelNet10_PLY/monitor/test/monitor_0542.ply,5,5,monitor,monitor,0.9981045126914978
plus_jitter,1,499,/home/nochi/NOCHI/M2_PAR/Apprenyissage_Pointcloud/Pointclouds-classification-with-the-POINTNET-Neural-network/PointNetLab/data/ModelNet10_PLY/monitor/test/monitor_0543.ply,5,5,monitor,monitor,0.9997174739837646
plus_jitter,1,500,/home/nochi/NOCHI/M2_PAR/Apprenyissage_Pointcloud/Pointclouds-classification-with-the-POINTNET-Neural-network/PointNetLab/data/ModelNet10_PLY/monitor/test/monitor_0544.ply,5,5,monitor,monitor,0.9999145269393921
plus_jitter,1,501,/home/nochi/NOCHI/M2_PAR/Apprenyissage_Pointcloud/Pointclouds-classification-with-the-POINTNET-Neural-network/PointNetLab/data/ModelNet10_PLY/monitor/test/monitor_0545.ply,5,5,monitor,monitor,0.9996519088745117
plus_jitter,1,502,/home/nochi/NOCHI/M2_PAR/Apprenyissage_Pointcloud/Pointclouds-classification-with-the-POINTNET-Neural-network/PointNetLab/data/ModelNet10_PLY/monitor/test/monitor_0546.ply,5,5,monitor,monitor,0.9995065927505493
plus_jitter,1,503,/home/nochi/NOCHI/M2_PAR/Apprenyissage_Pointcloud/Pointclouds-classification-with-the-POINTNET-Neural-network/PointNetLab/data/ModelNet10_PLY/monitor/test/monitor_0547.ply,5,5,monitor,monitor,0.9976584911346436
plus_jitter,1,504,/home/nochi/NOCHI/M2_PAR/Apprenyissage_Pointcloud/Pointclouds-classification-with-the-POINTNET-Neural-network/PointNetLab/data/ModelNet10_PLY/monitor/test/monitor_0548.ply,5,5,monitor,monitor,0.9992583990097046
plus_jitter,1,505,/home/nochi/NOCHI/M2_PAR/Apprenyissage_Pointcloud/Pointclouds-classification-with-the-POINTNET-Neural-network/PointNetLab/data/ModelNet10_PLY/monitor/test/monitor_0549.ply,5,5,monitor,monitor,0.997178316116333
plus_jitter,1,506,/home/nochi/NOCHI/M2_PAR/Apprenyissage_Pointcloud/Pointclouds-classification-with-the-POINTNET-Neural-network/PointNetLab/data/ModelNet10_PLY/monitor/test/monitor_0550.ply,5,5,monitor,monitor,0.9997349977493286
plus_jitter,1,507,/home/nochi/NOCHI/M2_PAR/Apprenyissage_Pointcloud/Pointclouds-classification-with-the-POINTNET-Neural-network/PointNetLab/data/ModelNet10_PLY/monitor/test/monitor_0551.ply,5,5,monitor,monitor,0.9995673298835754
plus_jitter,1,508,/home/nochi/NOCHI/M2_PAR/Apprenyissage_Pointcloud/Pointclouds-classification-with-the-POINTNET-Neural-network/PointNetLab/data/ModelNet10_PLY/monitor/test/monitor_0552.ply,5,5,monitor,monitor,0.9983484148979187
plus_jitter,1,509,/home/nochi/NOCHI/M2_PAR/Apprenyissage_Pointcloud/Pointclouds-classification-with-the-POINTNET-Neural-network/PointNetLab/data/ModelNet10_PLY/monitor/test/monitor_0553.ply,5,5,monitor,monitor,0.9994654059410095
plus_jitter,1,510,/home/nochi/NOCHI/M2_PAR/Apprenyissage_Pointcloud/Pointclouds-classification-with-the-POINTNET-Neural-network/PointNetLab/data/ModelNet10_PLY/monitor/test/monitor_0554.ply,5,5,monitor,monitor,0.999782383441925
plus_jitter,1,511,/home/nochi/NOCHI/M2_PAR/Apprenyissage_Pointcloud/Pointclouds-classification-with-the-POINTNET-Neural-network/PointNetLab/data/ModelNet10_PLY/monitor/test/monitor_0555.ply,5,5,monitor,monitor,0.9955782294273376
plus_jitter,1,512,/home/nochi/NOCHI/M2_PAR/Apprenyissage_Pointcloud/Pointclouds-classification-with-the-POINTNET-Neural-network/PointNetLab/data/ModelNet10_PLY/monitor/test/monitor_0556.ply,5,5,monitor,monitor,0.9995335936546326
plus_jitter,1,513,/home/nochi/NOCHI/M2_PAR/Apprenyissage_Pointcloud/Pointclouds-classification-with-the-POINTNET-Neural-network/PointNetLab/data/ModelNet10_PLY/monitor/test/monitor_0557.ply,5,5,monitor,monitor,0.9711871147155762
plus_jitter,1,514,/home/nochi/NOCHI/M2_PAR/Apprenyissage_Pointcloud/Pointclouds-classification-with-the-POINTNET-Neural-network/PointNetLab/data/ModelNet10_PLY/monitor/test/monitor_0558.ply,5,5,monitor,monitor,0.9994725584983826
plus_jitter,1,515,/home/nochi/NOCHI/M2_PAR/Apprenyissage_Pointcloud/Pointclouds-classification-with-the-POINTNET-Neural-network/PointNetLab/data/ModelNet10_PLY/monitor/test/monitor_0559.ply,5,5,monitor,monitor,0.9990719556808472
plus_jitter,1,516,/home/nochi/NOCHI/M2_PAR/Apprenyissage_Pointcloud/Pointclouds-classification-with-the-POINTNET-Neural-network/PointNetLab/data/ModelNet10_PLY/monitor/test/monitor_0560.ply,5,5,monitor,monitor,0.9974431395530701
plus_jitter,1,517,/home/nochi/NOCHI/M2_PAR/Apprenyissage_Pointcloud/Pointclouds-classification-with-the-POINTNET-Neural-network/PointNetLab/data/ModelNet10_PLY/monitor/test/monitor_0561.ply,5,5,monitor,monitor,0.9997615218162537
plus_jitter,1,518,/home/nochi/NOCHI/M2_PAR/Apprenyissage_Pointcloud/Pointclouds-classification-with-the-POINTNET-Neural-network/PointNetLab/data/ModelNet10_PLY/monitor/test/monitor_0562.ply,5,4,monitor,dresser,0.22548943758010864
plus_jitter,1,519,/home/nochi/NOCHI/M2_PAR/Apprenyissage_Pointcloud/Pointclouds-classification-with-the-POINTNET-Neural-network/PointNetLab/data/ModelNet10_PLY/monitor/test/monitor_0563.ply,5,5,monitor,monitor,0.998481273651123
plus_jitter,1,520,/home/nochi/NOCHI/M2_PAR/Apprenyissage_Pointcloud/Pointclouds-classification-with-the-POINTNET-Neural-network/PointNetLab/data/ModelNet10_PLY/monitor/test/monitor_0564.ply,5,5,monitor,monitor,0.9997264742851257
plus_jitter,1,521,/home/nochi/NOCHI/M2_PAR/Apprenyissage_Pointcloud/Pointclouds-classification-with-the-POINTNET-Neural-network/PointNetLab/data/ModelNet10_PLY/monitor/test/monitor_0565.ply,5,5,monitor,monitor,0.9999042749404907
plus_jitter,1,522,/home/nochi/NOCHI/M2_PAR/Apprenyissage_Pointcloud/Pointclouds-classification-with-the-POINTNET-Neural-network/PointNetLab/data/ModelNet10_PLY/night_stand/test/night_stand_0201.ply,6,6,night_stand,night_stand,0.7696924805641174
plus_jitter,1,523,/home/nochi/NOCHI/M2_PAR/Apprenyissage_Pointcloud/Pointclouds-classification-with-the-POINTNET-Neural-network/PointNetLab/data/ModelNet10_PLY/night_stand/test/night_stand_0202.ply,6,4,night_stand,dresser,0.7976343631744385
plus_jitter,1,524,/home/nochi/NOCHI/M2_PAR/Apprenyissage_Pointcloud/Pointclouds-classification-with-the-POINTNET-Neural-network/PointNetLab/data/ModelNet10_PLY/night_stand/test/night_stand_0203.ply,6,6,night_stand,night_stand,0.4682742953300476
plus_jitter,1,525,/home/nochi/NOCHI/M2_PAR/Apprenyissage_Pointcloud/Pointclouds-classification-with-the-POINTNET-Neural-network/PointNetLab/data/ModelNet10_PLY/night_stand/test/night_stand_0204.ply,6,4,night_stand,dresser,0.8566990494728088
plus_jitter,1,526,/home/nochi/NOCHI/M2_PAR/Apprenyissage_Pointcloud/Pointclouds-classification-with-the-POINTNET-Neural-network/PointNetLab/data/ModelNet10_PLY/night_stand/test/night_stand_0205.ply,6,6,night_stand,night_stand,0.6896343231201172
plus_jitter,1,527,/home/nochi/NOCHI/M2_PAR/Apprenyissage_Pointcloud/Pointclouds-classification-with-the-POINTNET-Neural-network/PointNetLab/data/ModelNet10_PLY/night_stand/test/night_stand_0206.ply,6,3,night_stand,desk,0.6183985471725464
plus_jitter,1,528,/home/nochi/NOCHI/M2_PAR/Apprenyissage_Pointcloud/Pointclouds-classification-with-the-POINTNET-Neural-network/PointNetLab/data/ModelNet10_PLY/night_stand/test/night_stand_0207.ply,6,8,night_stand,table,0.6312458515167236
plus_jitter,1,529,/home/nochi/NOCHI/M2_PAR/Apprenyissage_Pointcloud/Pointclouds-classification-with-the-POINTNET-Neural-network/PointNetLab/data/ModelNet10_PLY/night_stand/test/night_stand_0208.ply,6,4,night_stand,dresser,0.784433901309967
plus_jitter,1,530,/home/nochi/NOCHI/M2_PAR/Apprenyissage_Pointcloud/Pointclouds-classification-with-the-POINTNET-Neural-network/PointNetLab/data/ModelNet10_PLY/night_stand/test/night_stand_0209.ply,6,6,night_stand,night_stand,0.43360161781311035
plus_jitter,1,531,/home/nochi/NOCHI/M2_PAR/Apprenyissage_Pointcloud/Pointclouds-classification-with-the-POINTNET-Neural-network/PointNetLab/data/ModelNet10_PLY/night_stand/test/night_stand_0210.ply,6,4,night_stand,dresser,0.6226640343666077
plus_jitter,1,532,/home/nochi/NOCHI/M2_PAR/Apprenyissage_Pointcloud/Pointclouds-classification-with-the-POINTNET-Neural-network/PointNetLab/data/ModelNet10_PLY/night_stand/test/night_stand_0211.ply,6,6,night_stand,night_stand,0.5252678990364075
plus_jitter,1,533,/home/nochi/NOCHI/M2_PAR/Apprenyissage_Pointcloud/Pointclouds-classification-with-the-POINTNET-Neural-network/PointNetLab/data/ModelNet10_PLY/night_stand/test/night_stand_0212.ply,6,6,night_stand,night_stand,0.7504684925079346
plus_jitter,1,534,/home/nochi/NOCHI/M2_PAR/Apprenyissage_Pointcloud/Pointclouds-classification-with-the-POINTNET-Neural-network/PointNetLab/data/ModelNet10_PLY/night_stand/test/night_stand_0213.ply,6,6,night_stand,night_stand,0.552994966506958
plus_jitter,1,535,/home/nochi/NOCHI/M2_PAR/Apprenyissage_Pointcloud/Pointclouds-classification-with-the-POINTNET-Neural-network/PointNetLab/data/ModelNet10_PLY/night_stand/test/night_stand_0214.ply,6,6,night_stand,night_stand,0.7595903277397156
plus_jitter,1,536,/home/nochi/NOCHI/M2_PAR/Apprenyissage_Pointcloud/Pointclouds-classification-with-the-POINTNET-Neural-network/PointNetLab/data/ModelNet10_PLY/night_stand/test/night_stand_0215.ply,6,4,night_stand,dresser,0.960690975189209
plus_jitter,1,537,/home/nochi/NOCHI/M2_PAR/Apprenyissage_Pointcloud/Pointclouds-classification-with-the-POINTNET-Neural-network/PointNetLab/data/ModelNet10_PLY/night_stand/test/night_stand_0216.ply,6,3,night_stand,desk,0.8874977827072144
plus_jitter,1,538,/home/nochi/NOCHI/M2_PAR/Apprenyissage_Pointcloud/Pointclouds-classification-with-the-POINTNET-Neural-network/PointNetLab/data/ModelNet10_PLY/night_stand/test/night_stand_0217.ply,6,6,night_stand,night_stand,0.5048273205757141
plus_jitter,1,539,/home/nochi/NOCHI/M2_PAR/Apprenyissage_Pointcloud/Pointclouds-classification-with-the-POINTNET-Neural-network/PointNetLab/data/ModelNet10_PLY/night_stand/test/night_stand_0218.ply,6,4,night_stand,dresser,0.6784104704856873
plus_jitter,1,540,/home/nochi/NOCHI/M2_PAR/Apprenyissage_Pointcloud/Pointclouds-classification-with-the-POINTNET-Neural-network/PointNetLab/data/ModelNet10_PLY/night_stand/test/night_stand_0219.ply,6,6,night_stand,night_stand,0.7536559104919434
plus_jitter,1,541,/home/nochi/NOCHI/M2_PAR/Apprenyissage_Pointcloud/Pointclouds-classification-with-the-POINTNET-Neural-network/PointNetLab/data/ModelNet10_PLY/night_stand/test/night_stand_0220.ply,6,6,night_stand,night_stand,0.545862078666687
plus_jitter,1,542,/home/nochi/NOCHI/M2_PAR/Apprenyissage_Pointcloud/Pointclouds-classification-with-the-POINTNET-Neural-network/PointNetLab/data/ModelNet10_PLY/night_stand/test/night_stand_0221.ply,6,9,night_stand,toilet,0.6267149448394775
plus_jitter,1,543,/home/nochi/NOCHI/M2_PAR/Apprenyissage_Pointcloud/Pointclouds-classification-with-the-POINTNET-Neural-network/PointNetLab/data/ModelNet10_PLY/night_stand/test/night_stand_0222.ply,6,4,night_stand,dresser,0.7126545906066895
plus_jitter,1,544,/home/nochi/NOCHI/M2_PAR/Apprenyissage_Pointcloud/Pointclouds-classification-with-the-POINTNET-Neural-network/PointNetLab/data/ModelNet10_PLY/night_stand/test/night_stand_0223.ply,6,4,night_stand,dresser,0.8941833972930908
plus_jitter,1,545,/home/nochi/NOCHI/M2_PAR/Apprenyissage_Pointcloud/Pointclouds-classification-with-the-POINTNET-Neural-network/PointNetLab/data/ModelNet10_PLY/night_stand/test/night_stand_0224.ply,6,6,night_stand,night_stand,0.482176810503006
plus_jitter,1,546,/home/nochi/NOCHI/M2_PAR/Apprenyissage_Pointcloud/Pointclouds-classification-with-the-POINTNET-Neural-network/PointNetLab/data/ModelNet10_PLY/night_stand/test/night_stand_0225.ply,6,6,night_stand,night_stand,0.6106576919555664
plus_jitter,1,547,/home/nochi/NOCHI/M2_PAR/Apprenyissage_Pointcloud/Pointclouds-classification-with-the-POINTNET-Neural-network/PointNetLab/data/ModelNet10_PLY/night_stand/test/night_stand_0226.ply,6,4,night_stand,dresser,0.7700423002243042
plus_jitter,1,548,/home/nochi/NOCHI/M2_PAR/Apprenyissage_Pointcloud/Pointclouds-classification-with-the-POINTNET-Neural-network/PointNetLab/data/ModelNet10_PLY/night_stand/test/night_stand_0227.ply,6,4,night_stand,dresser,0.7109948992729187
plus_jitter,1,549,/home/nochi/NOCHI/M2_PAR/Apprenyissage_Pointcloud/Pointclouds-classification-with-the-POINTNET-Neural-network/PointNetLab/data/ModelNet10_PLY/night_stand/test/night_stand_0228.ply,6,4,night_stand,dresser,0.4257846176624298
plus_jitter,1,550,/home/nochi/NOCHI/M2_PAR/Apprenyissage_Pointcloud/Pointclouds-classification-with-the-POINTNET-Neural-network/PointNetLab/data/ModelNet10_PLY/night_stand/test/night_stand_0229.ply,6,6,night_stand,night_stand,0.6362826824188232
plus_jitter,1,551,/home/nochi/NOCHI/M2_PAR/Apprenyissage_Pointcloud/Pointclouds-classification-with-the-POINTNET-Neural-network/PointNetLab/data/ModelNet10_PLY/night_stand/test/night_stand_0230.ply,6,6,night_stand,night_stand,0.6476046442985535
plus_jitter,1,552,/home/nochi/NOCHI/M2_PAR/Apprenyissage_Pointcloud/Pointclouds-classification-with-the-POINTNET-Neural-network/PointNetLab/data/ModelNet10_PLY/night_stand/test/night_stand_0231.ply,6,4,night_stand,dresser,0.31754955649375916
plus_jitter,1,553,/home/nochi/NOCHI/M2_PAR/Apprenyissage_Pointcloud/Pointclouds-classification-with-the-POINTNET-Neural-network/PointNetLab/data/ModelNet10_PLY/night_stand/test/night_stand_0232.ply,6,6,night_stand,night_stand,0.6927274465560913
plus_jitter,1,554,/home/nochi/NOCHI/M2_PAR/Apprenyissage_Pointcloud/Pointclouds-classification-with-the-POINTNET-Neural-network/PointNetLab/data/ModelNet10_PLY/night_stand/test/night_stand_0233.ply,6,6,night_stand,night_stand,0.44046229124069214
plus_jitter,1,555,/home/nochi/NOCHI/M2_PAR/Apprenyissage_Pointcloud/Pointclouds-classification-with-the-POINTNET-Neural-network/PointNetLab/data/ModelNet10_PLY/night_stand/test/night_stand_0234.ply,6,0,night_stand,bathtub,0.6569625735282898
plus_jitter,1,556,/home/nochi/NOCHI/M2_PAR/Apprenyissage_Pointcloud/Pointclouds-classification-with-the-POINTNET-Neural-network/PointNetLab/data/ModelNet10_PLY/night_stand/test/night_stand_0235.ply,6,4,night_stand,dresser,0.4794154465198517
plus_jitter,1,557,/home/nochi/NOCHI/M2_PAR/Apprenyissage_Pointcloud/Pointclouds-classification-with-the-POINTNET-Neural-network/PointNetLab/data/ModelNet10_PLY/night_stand/test/night_stand_0236.ply,6,6,night_stand,night_stand,0.7156785726547241
plus_jitter,1,558,/home/nochi/NOCHI/M2_PAR/Apprenyissage_Pointcloud/Pointclouds-classification-with-the-POINTNET-Neural-network/PointNetLab/data/ModelNet10_PLY/night_stand/test/night_stand_0237.ply,6,4,night_stand,dresser,0.717456579208374
plus_jitter,1,559,/home/nochi/NOCHI/M2_PAR/Apprenyissage_Pointcloud/Pointclouds-classification-with-the-POINTNET-Neural-network/PointNetLab/data/ModelNet10_PLY/night_stand/test/night_stand_0238.ply,6,6,night_stand,night_stand,0.6865021586418152
plus_jitter,1,560,/home/nochi/NOCHI/M2_PAR/Apprenyissage_Pointcloud/Pointclouds-classification-with-the-POINTNET-Neural-network/PointNetLab/data/ModelNet10_PLY/night_stand/test/night_stand_0239.ply,6,6,night_stand,night_stand,0.646281361579895
plus_jitter,1,561,/home/nochi/NOCHI/M2_PAR/Apprenyissage_Pointcloud/Pointclouds-classification-with-the-POINTNET-Neural-network/PointNetLab/data/ModelNet10_PLY/night_stand/test/night_stand_0240.ply,6,3,night_stand,desk,0.798520028591156
plus_jitter,1,562,/home/nochi/NOCHI/M2_PAR/Apprenyissage_Pointcloud/Pointclouds-classification-with-the-POINTNET-Neural-network/PointNetLab/data/ModelNet10_PLY/night_stand/test/night_stand_0241.ply,6,4,night_stand,dresser,0.856225311756134
plus_jitter,1,563,/home/nochi/NOCHI/M2_PAR/Apprenyissage_Pointcloud/Pointclouds-classification-with-the-POINTNET-Neural-network/PointNetLab/data/ModelNet10_PLY/night_stand/test/night_stand_0242.ply,6,3,night_stand,desk,0.6200461387634277
plus_jitter,1,564,/home/nochi/NOCHI/M2_PAR/Apprenyissage_Pointcloud/Pointclouds-classification-with-the-POINTNET-Neural-network/PointNetLab/data/ModelNet10_PLY/night_stand/test/night_stand_0243.ply,6,6,night_stand,night_stand,0.5205645561218262
plus_jitter,1,565,/home/nochi/NOCHI/M2_PAR/Apprenyissage_Pointcloud/Pointclouds-classification-with-the-POINTNET-Neural-network/PointNetLab/data/ModelNet10_PLY/night_stand/test/night_stand_0244.ply,6,4,night_stand,dresser,0.8312483429908752
plus_jitter,1,566,/home/nochi/NOCHI/M2_PAR/Apprenyissage_Pointcloud/Pointclouds-classification-with-the-POINTNET-Neural-network/PointNetLab/data/ModelNet10_PLY/night_stand/test/night_stand_0245.ply,6,6,night_stand,night_stand,0.7315438985824585
plus_jitter,1,567,/home/nochi/NOCHI/M2_PAR/Apprenyissage_Pointcloud/Pointclouds-classification-with-the-POINTNET-Neural-network/PointNetLab/data/ModelNet10_PLY/night_stand/test/night_stand_0246.ply,6,6,night_stand,night_stand,0.29631444811820984
plus_jitter,1,568,/home/nochi/NOCHI/M2_PAR/Apprenyissage_Pointcloud/Pointclouds-classification-with-the-POINTNET-Neural-network/PointNetLab/data/ModelNet10_PLY/night_stand/test/night_stand_0247.ply,6,4,night_stand,dresser,0.8324927091598511
plus_jitter,1,569,/home/nochi/NOCHI/M2_PAR/Apprenyissage_Pointcloud/Pointclouds-classification-with-the-POINTNET-Neural-network/PointNetLab/data/ModelNet10_PLY/night_stand/test/night_stand_0248.ply,6,6,night_stand,night_stand,0.4494973421096802
plus_jitter,1,570,/home/nochi/NOCHI/M2_PAR/Apprenyissage_Pointcloud/Pointclouds-classification-with-the-POINTNET-Neural-network/PointNetLab/data/ModelNet10_PLY/night_stand/test/night_stand_0249.ply,6,6,night_stand,night_stand,0.8301323056221008
plus_jitter,1,571,/home/nochi/NOCHI/M2_PAR/Apprenyissage_Pointcloud/Pointclouds-classification-with-the-POINTNET-Neural-network/PointNetLab/data/ModelNet10_PLY/night_stand/test/night_stand_0250.ply,6,8,night_stand,table,0.5905228853225708
plus_jitter,1,572,/home/nochi/NOCHI/M2_PAR/Apprenyissage_Pointcloud/Pointclouds-classification-with-the-POINTNET-Neural-network/PointNetLab/data/ModelNet10_PLY/night_stand/test/night_stand_0251.ply,6,6,night_stand,night_stand,0.3563566207885742
plus_jitter,1,573,/home/nochi/NOCHI/M2_PAR/Apprenyissage_Pointcloud/Pointclouds-classification-with-the-POINTNET-Neural-network/PointNetLab/data/ModelNet10_PLY/night_stand/test/night_stand_0252.ply,6,4,night_stand,dresser,0.9434897303581238
plus_jitter,1,574,/home/nochi/NOCHI/M2_PAR/Apprenyissage_Pointcloud/Pointclouds-classification-with-the-POINTNET-Neural-network/PointNetLab/data/ModelNet10_PLY/night_stand/test/night_stand_0253.ply,6,4,night_stand,dresser,0.666135847568512
plus_jitter,1,575,/home/nochi/NOCHI/M2_PAR/Apprenyissage_Pointcloud/Pointclouds-classification-with-the-POINTNET-Neural-network/PointNetLab/data/ModelNet10_PLY/night_stand/test/night_stand_0254.ply,6,4,night_stand,dresser,0.5470066070556641
plus_jitter,1,576,/home/nochi/NOCHI/M2_PAR/Apprenyissage_Pointcloud/Pointclouds-classification-with-the-POINTNET-Neural-network/PointNetLab/data/ModelNet10_PLY/night_stand/test/night_stand_0255.ply,6,4,night_stand,dresser,0.3749116063117981
plus_jitter,1,577,/home/nochi/NOCHI/M2_PAR/Apprenyissage_Pointcloud/Pointclouds-classification-with-the-POINTNET-Neural-network/PointNetLab/data/ModelNet10_PLY/night_stand/test/night_stand_0256.ply,6,4,night_stand,dresser,0.6899121403694153
plus_jitter,1,578,/home/nochi/NOCHI/M2_PAR/Apprenyissage_Pointcloud/Pointclouds-classification-with-the-POINTNET-Neural-network/PointNetLab/data/ModelNet10_PLY/night_stand/test/night_stand_0257.ply,6,4,night_stand,dresser,0.7119767665863037
plus_jitter,1,579,/home/nochi/NOCHI/M2_PAR/Apprenyissage_Pointcloud/Pointclouds-classification-with-the-POINTNET-Neural-network/PointNetLab/data/ModelNet10_PLY/night_stand/test/night_stand_0258.ply,6,4,night_stand,dresser,0.760388195514679
plus_jitter,1,580,/home/nochi/NOCHI/M2_PAR/Apprenyissage_Pointcloud/Pointclouds-classification-with-the-POINTNET-Neural-network/PointNetLab/data/ModelNet10_PLY/night_stand/test/night_stand_0259.ply,6,8,night_stand,table,0.5677876472473145
plus_jitter,1,581,/home/nochi/NOCHI/M2_PAR/Apprenyissage_Pointcloud/Pointclouds-classification-with-the-POINTNET-Neural-network/PointNetLab/data/ModelNet10_PLY/night_stand/test/night_stand_0260.ply,6,4,night_stand,dresser,0.6183465123176575
plus_jitter,1,582,/home/nochi/NOCHI/M2_PAR/Apprenyissage_Pointcloud/Pointclouds-classification-with-the-POINTNET-Neural-network/PointNetLab/data/ModelNet10_PLY/night_stand/test/night_stand_0261.ply,6,6,night_stand,night_stand,0.7285967469215393
plus_jitter,1,583,/home/nochi/NOCHI/M2_PAR/Apprenyissage_Pointcloud/Pointclouds-classification-with-the-POINTNET-Neural-network/PointNetLab/data/ModelNet10_PLY/night_stand/test/night_stand_0262.ply,6,4,night_stand,dresser,0.6466156244277954
plus_jitter,1,584,/home/nochi/NOCHI/M2_PAR/Apprenyissage_Pointcloud/Pointclouds-classification-with-the-POINTNET-Neural-network/PointNetLab/data/ModelNet10_PLY/night_stand/test/night_stand_0263.ply,6,6,night_stand,night_stand,0.5964959263801575
plus_jitter,1,585,/home/nochi/NOCHI/M2_PAR/Apprenyissage_Pointcloud/Pointclouds-classification-with-the-POINTNET-Neural-network/PointNetLab/data/ModelNet10_PLY/night_stand/test/night_stand_0264.ply,6,6,night_stand,night_stand,0.7163457274436951
plus_jitter,1,586,/home/nochi/NOCHI/M2_PAR/Apprenyissage_Pointcloud/Pointclouds-classification-with-the-POINTNET-Neural-network/PointNetLab/data/ModelNet10_PLY/night_stand/test/night_stand_0265.ply,6,4,night_stand,dresser,0.5313506126403809
plus_jitter,1,587,/home/nochi/NOCHI/M2_PAR/Apprenyissage_Pointcloud/Pointclouds-classification-with-the-POINTNET-Neural-network/PointNetLab/data/ModelNet10_PLY/night_stand/test/night_stand_0266.ply,6,6,night_stand,night_stand,0.44110795855522156
plus_jitter,1,588,/home/nochi/NOCHI/M2_PAR/Apprenyissage_Pointcloud/Pointclouds-classification-with-the-POINTNET-Neural-network/PointNetLab/data/ModelNet10_PLY/night_stand/test/night_stand_0267.ply,6,6,night_stand,night_stand,0.6484071016311646
plus_jitter,1,589,/home/nochi/NOCHI/M2_PAR/Apprenyissage_Pointcloud/Pointclouds-classification-with-the-POINTNET-Neural-network/PointNetLab/data/ModelNet10_PLY/night_stand/test/night_stand_0268.ply,6,6,night_stand,night_stand,0.5042478442192078
plus_jitter,1,590,/home/nochi/NOCHI/M2_PAR/Apprenyissage_Pointcloud/Pointclouds-classification-with-the-POINTNET-Neural-network/PointNetLab/data/ModelNet10_PLY/night_stand/test/night_stand_0269.ply,6,4,night_stand,dresser,0.49887731671333313
plus_jitter,1,591,/home/nochi/NOCHI/M2_PAR/Apprenyissage_Pointcloud/Pointclouds-classification-with-the-POINTNET-Neural-network/PointNetLab/data/ModelNet10_PLY/night_stand/test/night_stand_0270.ply,6,6,night_stand,night_stand,0.661176860332489
plus_jitter,1,592,/home/nochi/NOCHI/M2_PAR/Apprenyissage_Pointcloud/Pointclouds-classification-with-the-POINTNET-Neural-network/PointNetLab/data/ModelNet10_PLY/night_stand/test/night_stand_0271.ply,6,6,night_stand,night_stand,0.6808560490608215
plus_jitter,1,593,/home/nochi/NOCHI/M2_PAR/Apprenyissage_Pointcloud/Pointclouds-classification-with-the-POINTNET-Neural-network/PointNetLab/data/ModelNet10_PLY/night_stand/test/night_stand_0272.ply,6,4,night_stand,dresser,0.9634122848510742
plus_jitter,1,594,/home/nochi/NOCHI/M2_PAR/Apprenyissage_Pointcloud/Pointclouds-classification-with-the-POINTNET-Neural-network/PointNetLab/data/ModelNet10_PLY/night_stand/test/night_stand_0273.ply,6,6,night_stand,night_stand,0.8332582116127014
plus_jitter,1,595,/home/nochi/NOCHI/M2_PAR/Apprenyissage_Pointcloud/Pointclouds-classification-with-the-POINTNET-Neural-network/PointNetLab/data/ModelNet10_PLY/night_stand/test/night_stand_0274.ply,6,4,night_stand,dresser,0.9611273407936096
plus_jitter,1,596,/home/nochi/NOCHI/M2_PAR/Apprenyissage_Pointcloud/Pointclouds-classification-with-the-POINTNET-Neural-network/PointNetLab/data/ModelNet10_PLY/night_stand/test/night_stand_0275.ply,6,4,night_stand,dresser,0.8901954293251038
plus_jitter,1,597,/home/nochi/NOCHI/M2_PAR/Apprenyissage_Pointcloud/Pointclouds-classification-with-the-POINTNET-Neural-network/PointNetLab/data/ModelNet10_PLY/night_stand/test/night_stand_0276.ply,6,4,night_stand,dresser,0.7515142560005188
plus_jitter,1,598,/home/nochi/NOCHI/M2_PAR/Apprenyissage_Pointcloud/Pointclouds-classification-with-the-POINTNET-Neural-network/PointNetLab/data/ModelNet10_PLY/night_stand/test/night_stand_0277.ply,6,4,night_stand,dresser,0.9213453531265259
plus_jitter,1,599,/home/nochi/NOCHI/M2_PAR/Apprenyissage_Pointcloud/Pointclouds-classification-with-the-POINTNET-Neural-network/PointNetLab/data/ModelNet10_PLY/night_stand/test/night_stand_0278.ply,6,3,night_stand,desk,0.7828679084777832
plus_jitter,1,600,/home/nochi/NOCHI/M2_PAR/Apprenyissage_Pointcloud/Pointclouds-classification-with-the-POINTNET-Neural-network/PointNetLab/data/ModelNet10_PLY/night_stand/test/night_stand_0279.ply,6,4,night_stand,dresser,0.5012531280517578
plus_jitter,1,601,/home/nochi/NOCHI/M2_PAR/Apprenyissage_Pointcloud/Pointclouds-classification-with-the-POINTNET-Neural-network/PointNetLab/data/ModelNet10_PLY/night_stand/test/night_stand_0280.ply,6,4,night_stand,dresser,0.5110443830490112
plus_jitter,1,602,/home/nochi/NOCHI/M2_PAR/Apprenyissage_Pointcloud/Pointclouds-classification-with-the-POINTNET-Neural-network/PointNetLab/data/ModelNet10_PLY/night_stand/test/night_stand_0281.ply,6,4,night_stand,dresser,0.8532690405845642
plus_jitter,1,603,/home/nochi/NOCHI/M2_PAR/Apprenyissage_Pointcloud/Pointclouds-classification-with-the-POINTNET-Neural-network/PointNetLab/data/ModelNet10_PLY/night_stand/test/night_stand_0282.ply,6,3,night_stand,desk,0.9423962235450745
plus_jitter,1,604,/home/nochi/NOCHI/M2_PAR/Apprenyissage_Pointcloud/Pointclouds-classification-with-the-POINTNET-Neural-network/PointNetLab/data/ModelNet10_PLY/night_stand/test/night_stand_0283.ply,6,3,night_stand,desk,0.8157724142074585
plus_jitter,1,605,/home/nochi/NOCHI/M2_PAR/Apprenyissage_Pointcloud/Pointclouds-classification-with-the-POINTNET-Neural-network/PointNetLab/data/ModelNet10_PLY/night_stand/test/night_stand_0284.ply,6,4,night_stand,dresser,0.9017627239227295
plus_jitter,1,606,/home/nochi/NOCHI/M2_PAR/Apprenyissage_Pointcloud/Pointclouds-classification-with-the-POINTNET-Neural-network/PointNetLab/data/ModelNet10_PLY/night_stand/test/night_stand_0285.ply,6,1,night_stand,bed,0.4578397870063782
plus_jitter,1,607,/home/nochi/NOCHI/M2_PAR/Apprenyissage_Pointcloud/Pointclouds-classification-with-the-POINTNET-Neural-network/PointNetLab/data/ModelNet10_PLY/night_stand/test/night_stand_0286.ply,6,4,night_stand,dresser,0.804396390914917
plus_jitter,1,608,/home/nochi/NOCHI/M2_PAR/Apprenyissage_Pointcloud/Pointclouds-classification-with-the-POINTNET-Neural-network/PointNetLab/data/ModelNet10_PLY/sofa/test/sofa_0681.ply,7,6,sofa,night_stand,0.5983806252479553
plus_jitter,1,609,/home/nochi/NOCHI/M2_PAR/Apprenyissage_Pointcloud/Pointclouds-classification-with-the-POINTNET-Neural-network/PointNetLab/data/ModelNet10_PLY/sofa/test/sofa_0682.ply,7,2,sofa,chair,0.708379328250885
plus_jitter,1,610,/home/nochi/NOCHI/M2_PAR/Apprenyissage_Pointcloud/Pointclouds-classification-with-the-POINTNET-Neural-network/PointNetLab/data/ModelNet10_PLY/sofa/test/sofa_0683.ply,7,7,sofa,sofa,0.45533376932144165
plus_jitter,1,611,/home/nochi/NOCHI/M2_PAR/Apprenyissage_Pointcloud/Pointclouds-classification-with-the-POINTNET-Neural-network/PointNetLab/data/ModelNet10_PLY/sofa/test/sofa_0684.ply,7,7,sofa,sofa,0.9569499492645264
plus_jitter,1,612,/home/nochi/NOCHI/M2_PAR/Apprenyissage_Pointcloud/Pointclouds-classification-with-the-POINTNET-Neural-network/PointNetLab/data/ModelNet10_PLY/sofa/test/sofa_0685.ply,7,7,sofa,sofa,0.9943959712982178
plus_jitter,1,613,/home/nochi/NOCHI/M2_PAR/Apprenyissage_Pointcloud/Pointclouds-classification-with-the-POINTNET-Neural-network/PointNetLab/data/ModelNet10_PLY/sofa/test/sofa_0686.ply,7,7,sofa,sofa,0.7093199491500854
plus_jitter,1,614,/home/nochi/NOCHI/M2_PAR/Apprenyissage_Pointcloud/Pointclouds-classification-with-the-POINTNET-Neural-network/PointNetLab/data/ModelNet10_PLY/sofa/test/sofa_0687.ply,7,7,sofa,sofa,0.9783849120140076
plus_jitter,1,615,/home/nochi/NOCHI/M2_PAR/Apprenyissage_Pointcloud/Pointclouds-classification-with-the-POINTNET-Neural-network/PointNetLab/data/ModelNet10_PLY/sofa/test/sofa_0688.ply,7,7,sofa,sofa,0.9867031574249268
plus_jitter,1,616,/home/nochi/NOCHI/M2_PAR/Apprenyissage_Pointcloud/Pointclouds-classification-with-the-POINTNET-Neural-network/PointNetLab/data/ModelNet10_PLY/sofa/test/sofa_0689.ply,7,7,sofa,sofa,0.9872186183929443
plus_jitter,1,617,/home/nochi/NOCHI/M2_PAR/Apprenyissage_Pointcloud/Pointclouds-classification-with-the-POINTNET-Neural-network/PointNetLab/data/ModelNet10_PLY/sofa/test/sofa_0690.ply,7,7,sofa,sofa,0.9776508808135986
plus_jitter,1,618,/home/nochi/NOCHI/M2_PAR/Apprenyissage_Pointcloud/Pointclouds-classification-with-the-POINTNET-Neural-network/PointNetLab/data/ModelNet10_PLY/sofa/test/sofa_0691.ply,7,7,sofa,sofa,0.9899981021881104
plus_jitter,1,619,/home/nochi/NOCHI/M2_PAR/Apprenyissage_Pointcloud/Pointclouds-classification-with-the-POINTNET-Neural-network/PointNetLab/data/ModelNet10_PLY/sofa/test/sofa_0692.ply,7,7,sofa,sofa,0.6199787855148315
plus_jitter,1,620,/home/nochi/NOCHI/M2_PAR/Apprenyissage_Pointcloud/Pointclouds-classification-with-the-POINTNET-Neural-network/PointNetLab/data/ModelNet10_PLY/sofa/test/sofa_0693.ply,7,7,sofa,sofa,0.9848881959915161
plus_jitter,1,621,/home/nochi/NOCHI/M2_PAR/Apprenyissage_Pointcloud/Pointclouds-classification-with-the-POINTNET-Neural-network/PointNetLab/data/ModelNet10_PLY/sofa/test/sofa_0694.ply,7,7,sofa,sofa,0.9710954427719116
plus_jitter,1,622,/home/nochi/NOCHI/M2_PAR/Apprenyissage_Pointcloud/Pointclouds-classification-with-the-POINTNET-Neural-network/PointNetLab/data/ModelNet10_PLY/sofa/test/sofa_0695.ply,7,7,sofa,sofa,0.9759382009506226
plus_jitter,1,623,/home/nochi/NOCHI/M2_PAR/Apprenyissage_Pointcloud/Pointclouds-classification-with-the-POINTNET-Neural-network/PointNetLab/data/ModelNet10_PLY/sofa/test/sofa_0696.ply,7,7,sofa,sofa,0.8176130652427673
plus_jitter,1,624,/home/nochi/NOCHI/M2_PAR/Apprenyissage_Pointcloud/Pointclouds-classification-with-the-POINTNET-Neural-network/PointNetLab/data/ModelNet10_PLY/sofa/test/sofa_0697.ply,7,7,sofa,sofa,0.9464051723480225
plus_jitter,1,625,/home/nochi/NOCHI/M2_PAR/Apprenyissage_Pointcloud/Pointclouds-classification-with-the-POINTNET-Neural-network/PointNetLab/data/ModelNet10_PLY/sofa/test/sofa_0698.ply,7,7,sofa,sofa,0.9229730367660522
plus_jitter,1,626,/home/nochi/NOCHI/M2_PAR/Apprenyissage_Pointcloud/Pointclouds-classification-with-the-POINTNET-Neural-network/PointNetLab/data/ModelNet10_PLY/sofa/test/sofa_0699.ply,7,7,sofa,sofa,0.990816056728363
plus_jitter,1,627,/home/nochi/NOCHI/M2_PAR/Apprenyissage_Pointcloud/Pointclouds-classification-with-the-POINTNET-Neural-network/PointNetLab/data/ModelNet10_PLY/sofa/test/sofa_0700.ply,7,7,sofa,sofa,0.9214040040969849
plus_jitter,1,628,/home/nochi/NOCHI/M2_PAR/Apprenyissage_Pointcloud/Pointclouds-classification-with-the-POINTNET-Neural-network/PointNetLab/data/ModelNet10_PLY/sofa/test/sofa_0701.ply,7,7,sofa,sofa,0.8560030460357666
plus_jitter,1,629,/home/nochi/NOCHI/M2_PAR/Apprenyissage_Pointcloud/Pointclouds-classification-with-the-POINTNET-Neural-network/PointNetLab/data/ModelNet10_PLY/sofa/test/sofa_0702.ply,7,7,sofa,sofa,0.9190433025360107
plus_jitter,1,630,/home/nochi/NOCHI/M2_PAR/Apprenyissage_Pointcloud/Pointclouds-classification-with-the-POINTNET-Neural-network/PointNetLab/data/ModelNet10_PLY/sofa/test/sofa_0703.ply,7,7,sofa,sofa,0.9616713523864746
plus_jitter,1,631,/home/nochi/NOCHI/M2_PAR/Apprenyissage_Pointcloud/Pointclouds-classification-with-the-POINTNET-Neural-network/PointNetLab/data/ModelNet10_PLY/sofa/test/sofa_0704.ply,7,7,sofa,sofa,0.9943720698356628
plus_jitter,1,632,/home/nochi/NOCHI/M2_PAR/Apprenyissage_Pointcloud/Pointclouds-classification-with-the-POINTNET-Neural-network/PointNetLab/data/ModelNet10_PLY/sofa/test/sofa_0705.ply,7,7,sofa,sofa,0.9910179376602173
plus_jitter,1,633,/home/nochi/NOCHI/M2_PAR/Apprenyissage_Pointcloud/Pointclouds-classification-with-the-POINTNET-Neural-network/PointNetLab/data/ModelNet10_PLY/sofa/test/sofa_0706.ply,7,7,sofa,sofa,0.9861665964126587
plus_jitter,1,634,/home/nochi/NOCHI/M2_PAR/Apprenyissage_Pointcloud/Pointclouds-classification-with-the-POINTNET-Neural-network/PointNetLab/data/ModelNet10_PLY/sofa/test/sofa_0707.ply,7,7,sofa,sofa,0.5674379467964172
plus_jitter,1,635,/home/nochi/NOCHI/M2_PAR/Apprenyissage_Pointcloud/Pointclouds-classification-with-the-POINTNET-Neural-network/PointNetLab/data/ModelNet10_PLY/sofa/test/sofa_0708.ply,7,7,sofa,sofa,0.9895936250686646
plus_jitter,1,636,/home/nochi/NOCHI/M2_PAR/Apprenyissage_Pointcloud/Pointclouds-classification-with-the-POINTNET-Neural-network/PointNetLab/data/ModelNet10_PLY/sofa/test/sofa_0709.ply,7,7,sofa,sofa,0.9800198078155518
plus_jitter,1,637,/home/nochi/NOCHI/M2_PAR/Apprenyissage_Pointcloud/Pointclouds-classification-with-the-POINTNET-Neural-network/PointNetLab/data/ModelNet10_PLY/sofa/test/sofa_0710.ply,7,7,sofa,sofa,0.992729902267456
plus_jitter,1,638,/home/nochi/NOCHI/M2_PAR/Apprenyissage_Pointcloud/Pointclouds-classification-with-the-POINTNET-Neural-network/PointNetLab/data/ModelNet10_PLY/sofa/test/sofa_0711.ply,7,7,sofa,sofa,0.9658082127571106
plus_jitter,1,639,/home/nochi/NOCHI/M2_PAR/Apprenyissage_Pointcloud/Pointclouds-classification-with-the-POINTNET-Neural-network/PointNetLab/data/ModelNet10_PLY/sofa/test/sofa_0712.ply,7,7,sofa,sofa,0.928982675075531
plus_jitter,1,640,/home/nochi/NOCHI/M2_PAR/Apprenyissage_Pointcloud/Pointclouds-classification-with-the-POINTNET-Neural-network/PointNetLab/data/ModelNet10_PLY/sofa/test/sofa_0713.ply,7,7,sofa,sofa,0.9933773875236511
plus_jitter,1,641,/home/nochi/NOCHI/M2_PAR/Apprenyissage_Pointcloud/Pointclouds-classification-with-the-POINTNET-Neural-network/PointNetLab/data/ModelNet10_PLY/sofa/test/sofa_0714.ply,7,7,sofa,sofa,0.9833939671516418
plus_jitter,1,642,/home/nochi/NOCHI/M2_PAR/Apprenyissage_Pointcloud/Pointclouds-classification-with-the-POINTNET-Neural-network/PointNetLab/data/ModelNet10_PLY/sofa/test/sofa_0715.ply,7,7,sofa,sofa,0.911718487739563
plus_jitter,1,643,/home/nochi/NOCHI/M2_PAR/Apprenyissage_Pointcloud/Pointclouds-classification-with-the-POINTNET-Neural-network/PointNetLab/data/ModelNet10_PLY/sofa/test/sofa_0716.ply,7,7,sofa,sofa,0.9684247374534607
plus_jitter,1,644,/home/nochi/NOCHI/M2_PAR/Apprenyissage_Pointcloud/Pointclouds-classification-with-the-POINTNET-Neural-network/PointNetLab/data/ModelNet10_PLY/sofa/test/sofa_0717.ply,7,7,sofa,sofa,0.9652481079101562
plus_jitter,1,645,/home/nochi/NOCHI/M2_PAR/Apprenyissage_Pointcloud/Pointclouds-classification-with-the-POINTNET-Neural-network/PointNetLab/data/ModelNet10_PLY/sofa/test/sofa_0718.ply,7,7,sofa,sofa,0.9909635782241821
plus_jitter,1,646,/home/nochi/NOCHI/M2_PAR/Apprenyissage_Pointcloud/Pointclouds-classification-with-the-POINTNET-Neural-network/PointNetLab/data/ModelNet10_PLY/sofa/test/sofa_0719.ply,7,7,sofa,sofa,0.9949243664741516
plus_jitter,1,647,/home/nochi/NOCHI/M2_PAR/Apprenyissage_Pointcloud/Pointclouds-classification-with-the-POINTNET-Neural-network/PointNetLab/data/ModelNet10_PLY/sofa/test/sofa_0720.ply,7,7,sofa,sofa,0.9289987683296204
plus_jitter,1,648,/home/nochi/NOCHI/M2_PAR/Apprenyissage_Pointcloud/Pointclouds-classification-with-the-POINTNET-Neural-network/PointNetLab/data/ModelNet10_PLY/sofa/test/sofa_0721.ply,7,7,sofa,sofa,0.9658772349357605
plus_jitter,1,649,/home/nochi/NOCHI/M2_PAR/Apprenyissage_Pointcloud/Pointclouds-classification-with-the-POINTNET-Neural-network/PointNetLab/data/ModelNet10_PLY/sofa/test/sofa_0722.ply,7,7,sofa,sofa,0.9904405474662781
plus_jitter,1,650,/home/nochi/NOCHI/M2_PAR/Apprenyissage_Pointcloud/Pointclouds-classification-with-the-POINTNET-Neural-network/PointNetLab/data/ModelNet10_PLY/sofa/test/sofa_0723.ply,7,7,sofa,sofa,0.9488867521286011
plus_jitter,1,651,/home/nochi/NOCHI/M2_PAR/Apprenyissage_Pointcloud/Pointclouds-classification-with-the-POINTNET-Neural-network/PointNetLab/data/ModelNet10_PLY/sofa/test/sofa_0724.ply,7,7,sofa,sofa,0.9868058562278748
plus_jitter,1,652,/home/nochi/NOCHI/M2_PAR/Apprenyissage_Pointcloud/Pointclouds-classification-with-the-POINTNET-Neural-network/PointNetLab/data/ModelNet10_PLY/sofa/test/sofa_0725.ply,7,7,sofa,sofa,0.9888972640037537
plus_jitter,1,653,/home/nochi/NOCHI/M2_PAR/Apprenyissage_Pointcloud/Pointclouds-classification-with-the-POINTNET-Neural-network/PointNetLab/data/ModelNet10_PLY/sofa/test/sofa_0726.ply,7,7,sofa,sofa,0.9891362190246582
plus_jitter,1,654,/home/nochi/NOCHI/M2_PAR/Apprenyissage_Pointcloud/Pointclouds-classification-with-the-POINTNET-Neural-network/PointNetLab/data/ModelNet10_PLY/sofa/test/sofa_0727.ply,7,7,sofa,sofa,0.9817062616348267
plus_jitter,1,655,/home/nochi/NOCHI/M2_PAR/Apprenyissage_Pointcloud/Pointclouds-classification-with-the-POINTNET-Neural-network/PointNetLab/data/ModelNet10_PLY/sofa/test/sofa_0728.ply,7,7,sofa,sofa,0.9784771800041199
plus_jitter,1,656,/home/nochi/NOCHI/M2_PAR/Apprenyissage_Pointcloud/Pointclouds-classification-with-the-POINTNET-Neural-network/PointNetLab/data/ModelNet10_PLY/sofa/test/sofa_0729.ply,7,7,sofa,sofa,0.9916470050811768
plus_jitter,1,657,/home/nochi/NOCHI/M2_PAR/Apprenyissage_Pointcloud/Pointclouds-classification-with-the-POINTNET-Neural-network/PointNetLab/data/ModelNet10_PLY/sofa/test/sofa_0730.ply,7,7,sofa,sofa,0.9846481084823608
plus_jitter,1,658,/home/nochi/NOCHI/M2_PAR/Apprenyissage_Pointcloud/Pointclouds-classification-with-the-POINTNET-Neural-network/PointNetLab/data/ModelNet10_PLY/sofa/test/sofa_0731.ply,7,7,sofa,sofa,0.9946528077125549
plus_jitter,1,659,/home/nochi/NOCHI/M2_PAR/Apprenyissage_Pointcloud/Pointclouds-classification-with-the-POINTNET-Neural-network/PointNetLab/data/ModelNet10_PLY/sofa/test/sofa_0732.ply,7,7,sofa,sofa,0.9496374130249023
plus_jitter,1,660,/home/nochi/NOCHI/M2_PAR/Apprenyissage_Pointcloud/Pointclouds-classification-with-the-POINTNET-Neural-network/PointNetLab/data/ModelNet10_PLY/sofa/test/sofa_0733.ply,7,7,sofa,sofa,0.46101078391075134
plus_jitter,1,661,/home/nochi/NOCHI/M2_PAR/Apprenyissage_Pointcloud/Pointclouds-classification-with-the-POINTNET-Neural-network/PointNetLab/data/ModelNet10_PLY/sofa/test/sofa_0734.ply,7,7,sofa,sofa,0.8137849569320679
plus_jitter,1,662,/home/nochi/NOCHI/M2_PAR/Apprenyissage_Pointcloud/Pointclouds-classification-with-the-POINTNET-Neural-network/PointNetLab/data/ModelNet10_PLY/sofa/test/sofa_0735.ply,7,7,sofa,sofa,0.9854199290275574
plus_jitter,1,663,/home/nochi/NOCHI/M2_PAR/Apprenyissage_Pointcloud/Pointclouds-classification-with-the-POINTNET-Neural-network/PointNetLab/data/ModelNet10_PLY/sofa/test/sofa_0736.ply,7,7,sofa,sofa,0.848027765750885
plus_jitter,1,664,/home/nochi/NOCHI/M2_PAR/Apprenyissage_Pointcloud/Pointclouds-classification-with-the-POINTNET-Neural-network/PointNetLab/data/ModelNet10_PLY/sofa/test/sofa_0737.ply,7,7,sofa,sofa,0.9947170615196228
plus_jitter,1,665,/home/nochi/NOCHI/M2_PAR/Apprenyissage_Pointcloud/Pointclouds-classification-with-the-POINTNET-Neural-network/PointNetLab/data/ModelNet10_PLY/sofa/test/sofa_0738.ply,7,7,sofa,sofa,0.9827638864517212
plus_jitter,1,666,/home/nochi/NOCHI/M2_PAR/Apprenyissage_Pointcloud/Pointclouds-classification-with-the-POINTNET-Neural-network/PointNetLab/data/ModelNet10_PLY/sofa/test/sofa_0739.ply,7,7,sofa,sofa,0.9863000512123108
plus_jitter,1,667,/home/nochi/NOCHI/M2_PAR/Apprenyissage_Pointcloud/Pointclouds-classification-with-the-POINTNET-Neural-network/PointNetLab/data/ModelNet10_PLY/sofa/test/sofa_0740.ply,7,7,sofa,sofa,0.9911088943481445
plus_jitter,1,668,/home/nochi/NOCHI/M2_PAR/Apprenyissage_Pointcloud/Pointclouds-classification-with-the-POINTNET-Neural-network/PointNetLab/data/ModelNet10_PLY/sofa/test/sofa_0741.ply,7,7,sofa,sofa,0.9780398607254028
plus_jitter,1,669,/home/nochi/NOCHI/M2_PAR/Apprenyissage_Pointcloud/Pointclouds-classification-with-the-POINTNET-Neural-network/PointNetLab/data/ModelNet10_PLY/sofa/test/sofa_0742.ply,7,7,sofa,sofa,0.9735617637634277
plus_jitter,1,670,/home/nochi/NOCHI/M2_PAR/Apprenyissage_Pointcloud/Pointclouds-classification-with-the-POINTNET-Neural-network/PointNetLab/data/ModelNet10_PLY/sofa/test/sofa_0743.ply,7,7,sofa,sofa,0.9875083565711975
plus_jitter,1,671,/home/nochi/NOCHI/M2_PAR/Apprenyissage_Pointcloud/Pointclouds-classification-with-the-POINTNET-Neural-network/PointNetLab/data/ModelNet10_PLY/sofa/test/sofa_0744.ply,7,7,sofa,sofa,0.9956318140029907
plus_jitter,1,672,/home/nochi/NOCHI/M2_PAR/Apprenyissage_Pointcloud/Pointclouds-classification-with-the-POINTNET-Neural-network/PointNetLab/data/ModelNet10_PLY/sofa/test/sofa_0745.ply,7,7,sofa,sofa,0.9796891212463379
plus_jitter,1,673,/home/nochi/NOCHI/M2_PAR/Apprenyissage_Pointcloud/Pointclouds-classification-with-the-POINTNET-Neural-network/PointNetLab/data/ModelNet10_PLY/sofa/test/sofa_0746.ply,7,7,sofa,sofa,0.9918198585510254
plus_jitter,1,674,/home/nochi/NOCHI/M2_PAR/Apprenyissage_Pointcloud/Pointclouds-classification-with-the-POINTNET-Neural-network/PointNetLab/data/ModelNet10_PLY/sofa/test/sofa_0747.ply,7,7,sofa,sofa,0.9931760430335999
plus_jitter,1,675,/home/nochi/NOCHI/M2_PAR/Apprenyissage_Pointcloud/Pointclouds-classification-with-the-POINTNET-Neural-network/PointNetLab/data/ModelNet10_PLY/sofa/test/sofa_0748.ply,7,7,sofa,sofa,0.9352203011512756
plus_jitter,1,676,/home/nochi/NOCHI/M2_PAR/Apprenyissage_Pointcloud/Pointclouds-classification-with-the-POINTNET-Neural-network/PointNetLab/data/ModelNet10_PLY/sofa/test/sofa_0749.ply,7,7,sofa,sofa,0.9869134426116943
plus_jitter,1,677,/home/nochi/NOCHI/M2_PAR/Apprenyissage_Pointcloud/Pointclouds-classification-with-the-POINTNET-Neural-network/PointNetLab/data/ModelNet10_PLY/sofa/test/sofa_0750.ply,7,7,sofa,sofa,0.9652848243713379
plus_jitter,1,678,/home/nochi/NOCHI/M2_PAR/Apprenyissage_Pointcloud/Pointclouds-classification-with-the-POINTNET-Neural-network/PointNetLab/data/ModelNet10_PLY/sofa/test/sofa_0751.ply,7,7,sofa,sofa,0.7596012353897095
plus_jitter,1,679,/home/nochi/NOCHI/M2_PAR/Apprenyissage_Pointcloud/Pointclouds-classification-with-the-POINTNET-Neural-network/PointNetLab/data/ModelNet10_PLY/sofa/test/sofa_0752.ply,7,7,sofa,sofa,0.8484481573104858
plus_jitter,1,680,/home/nochi/NOCHI/M2_PAR/Apprenyissage_Pointcloud/Pointclouds-classification-with-the-POINTNET-Neural-network/PointNetLab/data/ModelNet10_PLY/sofa/test/sofa_0753.ply,7,7,sofa,sofa,0.6757712364196777
plus_jitter,1,681,/home/nochi/NOCHI/M2_PAR/Apprenyissage_Pointcloud/Pointclouds-classification-with-the-POINTNET-Neural-network/PointNetLab/data/ModelNet10_PLY/sofa/test/sofa_0754.ply,7,7,sofa,sofa,0.9477814435958862
plus_jitter,1,682,/home/nochi/NOCHI/M2_PAR/Apprenyissage_Pointcloud/Pointclouds-classification-with-the-POINTNET-Neural-network/PointNetLab/data/ModelNet10_PLY/sofa/test/sofa_0755.ply,7,7,sofa,sofa,0.7396716475486755
plus_jitter,1,683,/home/nochi/NOCHI/M2_PAR/Apprenyissage_Pointcloud/Pointclouds-classification-with-the-POINTNET-Neural-network/PointNetLab/data/ModelNet10_PLY/sofa/test/sofa_0756.ply,7,7,sofa,sofa,0.9960501194000244
plus_jitter,1,684,/home/nochi/NOCHI/M2_PAR/Apprenyissage_Pointcloud/Pointclouds-classification-with-the-POINTNET-Neural-network/PointNetLab/data/ModelNet10_PLY/sofa/test/sofa_0757.ply,7,7,sofa,sofa,0.9815781712532043
plus_jitter,1,685,/home/nochi/NOCHI/M2_PAR/Apprenyissage_Pointcloud/Pointclouds-classification-with-the-POINTNET-Neural-network/PointNetLab/data/ModelNet10_PLY/sofa/test/sofa_0758.ply,7,7,sofa,sofa,0.9586267471313477
plus_jitter,1,686,/home/nochi/NOCHI/M2_PAR/Apprenyissage_Pointcloud/Pointclouds-classification-with-the-POINTNET-Neural-network/PointNetLab/data/ModelNet10_PLY/sofa/test/sofa_0759.ply,7,7,sofa,sofa,0.9161292314529419
plus_jitter,1,687,/home/nochi/NOCHI/M2_PAR/Apprenyissage_Pointcloud/Pointclouds-classification-with-the-POINTNET-Neural-network/PointNetLab/data/ModelNet10_PLY/sofa/test/sofa_0760.ply,7,7,sofa,sofa,0.6208255887031555
plus_jitter,1,688,/home/nochi/NOCHI/M2_PAR/Apprenyissage_Pointcloud/Pointclouds-classification-with-the-POINTNET-Neural-network/PointNetLab/data/ModelNet10_PLY/sofa/test/sofa_0761.ply,7,7,sofa,sofa,0.9790104627609253
plus_jitter,1,689,/home/nochi/NOCHI/M2_PAR/Apprenyissage_Pointcloud/Pointclouds-classification-with-the-POINTNET-Neural-network/PointNetLab/data/ModelNet10_PLY/sofa/test/sofa_0762.ply,7,7,sofa,sofa,0.9883096218109131
plus_jitter,1,690,/home/nochi/NOCHI/M2_PAR/Apprenyissage_Pointcloud/Pointclouds-classification-with-the-POINTNET-Neural-network/PointNetLab/data/ModelNet10_PLY/sofa/test/sofa_0763.ply,7,7,sofa,sofa,0.9832514524459839
plus_jitter,1,691,/home/nochi/NOCHI/M2_PAR/Apprenyissage_Pointcloud/Pointclouds-classification-with-the-POINTNET-Neural-network/PointNetLab/data/ModelNet10_PLY/sofa/test/sofa_0764.ply,7,7,sofa,sofa,0.9481709003448486
plus_jitter,1,692,/home/nochi/NOCHI/M2_PAR/Apprenyissage_Pointcloud/Pointclouds-classification-with-the-POINTNET-Neural-network/PointNetLab/data/ModelNet10_PLY/sofa/test/sofa_0765.ply,7,7,sofa,sofa,0.9537684917449951
plus_jitter,1,693,/home/nochi/NOCHI/M2_PAR/Apprenyissage_Pointcloud/Pointclouds-classification-with-the-POINTNET-Neural-network/PointNetLab/data/ModelNet10_PLY/sofa/test/sofa_0766.ply,7,7,sofa,sofa,0.9958405494689941
plus_jitter,1,694,/home/nochi/NOCHI/M2_PAR/Apprenyissage_Pointcloud/Pointclouds-classification-with-the-POINTNET-Neural-network/PointNetLab/data/ModelNet10_PLY/sofa/test/sofa_0767.ply,7,7,sofa,sofa,0.9905850291252136
plus_jitter,1,695,/home/nochi/NOCHI/M2_PAR/Apprenyissage_Pointcloud/Pointclouds-classification-with-the-POINTNET-Neural-network/PointNetLab/data/ModelNet10_PLY/sofa/test/sofa_0768.ply,7,7,sofa,sofa,0.9931651949882507
plus_jitter,1,696,/home/nochi/NOCHI/M2_PAR/Apprenyissage_Pointcloud/Pointclouds-classification-with-the-POINTNET-Neural-network/PointNetLab/data/ModelNet10_PLY/sofa/test/sofa_0769.ply,7,7,sofa,sofa,0.7202664017677307
plus_jitter,1,697,/home/nochi/NOCHI/M2_PAR/Apprenyissage_Pointcloud/Pointclouds-classification-with-the-POINTNET-Neural-network/PointNetLab/data/ModelNet10_PLY/sofa/test/sofa_0770.ply,7,7,sofa,sofa,0.9870561361312866
plus_jitter,1,698,/home/nochi/NOCHI/M2_PAR/Apprenyissage_Pointcloud/Pointclouds-classification-with-the-POINTNET-Neural-network/PointNetLab/data/ModelNet10_PLY/sofa/test/sofa_0771.ply,7,7,sofa,sofa,0.9451272487640381
plus_jitter,1,699,/home/nochi/NOCHI/M2_PAR/Apprenyissage_Pointcloud/Pointclouds-classification-with-the-POINTNET-Neural-network/PointNetLab/data/ModelNet10_PLY/sofa/test/sofa_0772.ply,7,7,sofa,sofa,0.9521613121032715
plus_jitter,1,700,/home/nochi/NOCHI/M2_PAR/Apprenyissage_Pointcloud/Pointclouds-classification-with-the-POINTNET-Neural-network/PointNetLab/data/ModelNet10_PLY/sofa/test/sofa_0773.ply,7,7,sofa,sofa,0.9886087775230408
plus_jitter,1,701,/home/nochi/NOCHI/M2_PAR/Apprenyissage_Pointcloud/Pointclouds-classification-with-the-POINTNET-Neural-network/PointNetLab/data/ModelNet10_PLY/sofa/test/sofa_0774.ply,7,7,sofa,sofa,0.5709827542304993
plus_jitter,1,702,/home/nochi/NOCHI/M2_PAR/Apprenyissage_Pointcloud/Pointclouds-classification-with-the-POINTNET-Neural-network/PointNetLab/data/ModelNet10_PLY/sofa/test/sofa_0775.ply,7,7,sofa,sofa,0.9810863137245178
plus_jitter,1,703,/home/nochi/NOCHI/M2_PAR/Apprenyissage_Pointcloud/Pointclouds-classification-with-the-POINTNET-Neural-network/PointNetLab/data/ModelNet10_PLY/sofa/test/sofa_0776.ply,7,7,sofa,sofa,0.888058602809906
plus_jitter,1,704,/home/nochi/NOCHI/M2_PAR/Apprenyissage_Pointcloud/Pointclouds-classification-with-the-POINTNET-Neural-network/PointNetLab/data/ModelNet10_PLY/sofa/test/sofa_0777.ply,7,7,sofa,sofa,0.9544102549552917
plus_jitter,1,705,/home/nochi/NOCHI/M2_PAR/Apprenyissage_Pointcloud/Pointclouds-classification-with-the-POINTNET-Neural-network/PointNetLab/data/ModelNet10_PLY/sofa/test/sofa_0778.ply,7,7,sofa,sofa,0.9965843558311462
plus_jitter,1,706,/home/nochi/NOCHI/M2_PAR/Apprenyissage_Pointcloud/Pointclouds-classification-with-the-POINTNET-Neural-network/PointNetLab/data/ModelNet10_PLY/sofa/test/sofa_0779.ply,7,7,sofa,sofa,0.9929215908050537
plus_jitter,1,707,/home/nochi/NOCHI/M2_PAR/Apprenyissage_Pointcloud/Pointclouds-classification-with-the-POINTNET-Neural-network/PointNetLab/data/ModelNet10_PLY/sofa/test/sofa_0780.ply,7,7,sofa,sofa,0.3854670524597168
plus_jitter,1,708,/home/nochi/NOCHI/M2_PAR/Apprenyissage_Pointcloud/Pointclouds-classification-with-the-POINTNET-Neural-network/PointNetLab/data/ModelNet10_PLY/table/test/table_0393.ply,8,3,table,desk,0.9219955801963806
plus_jitter,1,709,/home/nochi/NOCHI/M2_PAR/Apprenyissage_Pointcloud/Pointclouds-classification-with-the-POINTNET-Neural-network/PointNetLab/data/ModelNet10_PLY/table/test/table_0394.ply,8,8,table,table,0.7279853820800781
plus_jitter,1,710,/home/nochi/NOCHI/M2_PAR/Apprenyissage_Pointcloud/Pointclouds-classification-with-the-POINTNET-Neural-network/PointNetLab/data/ModelNet10_PLY/table/test/table_0395.ply,8,8,table,table,0.8047359585762024
plus_jitter,1,711,/home/nochi/NOCHI/M2_PAR/Apprenyissage_Pointcloud/Pointclouds-classification-with-the-POINTNET-Neural-network/PointNetLab/data/ModelNet10_PLY/table/test/table_0396.ply,8,3,table,desk,0.6341116428375244
plus_jitter,1,712,/home/nochi/NOCHI/M2_PAR/Apprenyissage_Pointcloud/Pointclouds-classification-with-the-POINTNET-Neural-network/PointNetLab/data/ModelNet10_PLY/table/test/table_0397.ply,8,8,table,table,0.8602362871170044
plus_jitter,1,713,/home/nochi/NOCHI/M2_PAR/Apprenyissage_Pointcloud/Pointclouds-classification-with-the-POINTNET-Neural-network/PointNetLab/data/ModelNet10_PLY/table/test/table_0398.ply,8,3,table,desk,0.6635043621063232
plus_jitter,1,714,/home/nochi/NOCHI/M2_PAR/Apprenyissage_Pointcloud/Pointclouds-classification-with-the-POINTNET-Neural-network/PointNetLab/data/ModelNet10_PLY/table/test/table_0399.ply,8,8,table,table,0.9823510050773621
plus_jitter,1,715,/home/nochi/NOCHI/M2_PAR/Apprenyissage_Pointcloud/Pointclouds-classification-with-the-POINTNET-Neural-network/PointNetLab/data/ModelNet10_PLY/table/test/table_0400.ply,8,3,table,desk,0.8964323997497559
plus_jitter,1,716,/home/nochi/NOCHI/M2_PAR/Apprenyissage_Pointcloud/Pointclouds-classification-with-the-POINTNET-Neural-network/PointNetLab/data/ModelNet10_PLY/table/test/table_0401.ply,8,8,table,table,0.9400346279144287
plus_jitter,1,717,/home/nochi/NOCHI/M2_PAR/Apprenyissage_Pointcloud/Pointclouds-classification-with-the-POINTNET-Neural-network/PointNetLab/data/ModelNet10_PLY/table/test/table_0402.ply,8,8,table,table,0.9832271933555603
plus_jitter,1,718,/home/nochi/NOCHI/M2_PAR/Apprenyissage_Pointcloud/Pointclouds-classification-with-the-POINTNET-Neural-network/PointNetLab/data/ModelNet10_PLY/table/test/table_0403.ply,8,8,table,table,0.9777834415435791
plus_jitter,1,719,/home/nochi/NOCHI/M2_PAR/Apprenyissage_Pointcloud/Pointclouds-classification-with-the-POINTNET-Neural-network/PointNetLab/data/ModelNet10_PLY/table/test/table_0404.ply,8,8,table,table,0.9840741157531738
plus_jitter,1,720,/home/nochi/NOCHI/M2_PAR/Apprenyissage_Pointcloud/Pointclouds-classification-with-the-POINTNET-Neural-network/PointNetLab/data/ModelNet10_PLY/table/test/table_0405.ply,8,8,table,table,0.7601670026779175
plus_jitter,1,721,/home/nochi/NOCHI/M2_PAR/Apprenyissage_Pointcloud/Pointclouds-classification-with-the-POINTNET-Neural-network/PointNetLab/data/ModelNet10_PLY/table/test/table_0406.ply,8,8,table,table,0.7678236961364746
plus_jitter,1,722,/home/nochi/NOCHI/M2_PAR/Apprenyissage_Pointcloud/Pointclouds-classification-with-the-POINTNET-Neural-network/PointNetLab/data/ModelNet10_PLY/table/test/table_0407.ply,8,8,table,table,0.6971937417984009
plus_jitter,1,723,/home/nochi/NOCHI/M2_PAR/Apprenyissage_Pointcloud/Pointclouds-classification-with-the-POINTNET-Neural-network/PointNetLab/data/ModelNet10_PLY/table/test/table_0408.ply,8,8,table,table,0.9839879274368286
plus_jitter,1,724,/home/nochi/NOCHI/M2_PAR/Apprenyissage_Pointcloud/Pointclouds-classification-with-the-POINTNET-Neural-network/PointNetLab/data/ModelNet10_PLY/table/test/table_0409.ply,8,3,table,desk,0.8685598373413086
plus_jitter,1,725,/home/nochi/NOCHI/M2_PAR/Apprenyissage_Pointcloud/Pointclouds-classification-with-the-POINTNET-Neural-network/PointNetLab/data/ModelNet10_PLY/table/test/table_0410.ply,8,8,table,table,0.7176157236099243
plus_jitter,1,726,/home/nochi/NOCHI/M2_PAR/Apprenyissage_Pointcloud/Pointclouds-classification-with-the-POINTNET-Neural-network/PointNetLab/data/ModelNet10_PLY/table/test/table_0411.ply,8,8,table,table,0.8424701690673828
plus_jitter,1,727,/home/nochi/NOCHI/M2_PAR/Apprenyissage_Pointcloud/Pointclouds-classification-with-the-POINTNET-Neural-network/PointNetLab/data/ModelNet10_PLY/table/test/table_0412.ply,8,3,table,desk,0.6764728426933289
plus_jitter,1,728,/home/nochi/NOCHI/M2_PAR/Apprenyissage_Pointcloud/Pointclouds-classification-with-the-POINTNET-Neural-network/PointNetLab/data/ModelNet10_PLY/table/test/table_0413.ply,8,8,table,table,0.9758864045143127
plus_jitter,1,729,/home/nochi/NOCHI/M2_PAR/Apprenyissage_Pointcloud/Pointclouds-classification-with-the-POINTNET-Neural-network/PointNetLab/data/ModelNet10_PLY/table/test/table_0414.ply,8,8,table,table,0.9717504978179932
plus_jitter,1,730,/home/nochi/NOCHI/M2_PAR/Apprenyissage_Pointcloud/Pointclouds-classification-with-the-POINTNET-Neural-network/PointNetLab/data/ModelNet10_PLY/table/test/table_0415.ply,8,8,table,table,0.9255620241165161
plus_jitter,1,731,/home/nochi/NOCHI/M2_PAR/Apprenyissage_Pointcloud/Pointclouds-classification-with-the-POINTNET-Neural-network/PointNetLab/data/ModelNet10_PLY/table/test/table_0416.ply,8,8,table,table,0.982716977596283
plus_jitter,1,732,/home/nochi/NOCHI/M2_PAR/Apprenyissage_Pointcloud/Pointclouds-classification-with-the-POINTNET-Neural-network/PointNetLab/data/ModelNet10_PLY/table/test/table_0417.ply,8,8,table,table,0.9565569162368774
plus_jitter,1,733,/home/nochi/NOCHI/M2_PAR/Apprenyissage_Pointcloud/Pointclouds-classification-with-the-POINTNET-Neural-network/PointNetLab/data/ModelNet10_PLY/table/test/table_0418.ply,8,8,table,table,0.7812701463699341
plus_jitter,1,734,/home/nochi/NOCHI/M2_PAR/Apprenyissage_Pointcloud/Pointclouds-classification-with-the-POINTNET-Neural-network/PointNetLab/data/ModelNet10_PLY/table/test/table_0419.ply,8,3,table,desk,0.9152718782424927
plus_jitter,1,735,/home/nochi/NOCHI/M2_PAR/Apprenyissage_Pointcloud/Pointclouds-classification-with-the-POINTNET-Neural-network/PointNetLab/data/ModelNet10_PLY/table/test/table_0420.ply,8,3,table,desk,0.5485799908638
plus_jitter,1,736,/home/nochi/NOCHI/M2_PAR/Apprenyissage_Pointcloud/Pointclouds-classification-with-the-POINTNET-Neural-network/PointNetLab/data/ModelNet10_PLY/table/test/table_0421.ply,8,8,table,table,0.9851311445236206
plus_jitter,1,737,/home/nochi/NOCHI/M2_PAR/Apprenyissage_Pointcloud/Pointclouds-classification-with-the-POINTNET-Neural-network/PointNetLab/data/ModelNet10_PLY/table/test/table_0422.ply,8,8,table,table,0.8996868133544922
plus_jitter,1,738,/home/nochi/NOCHI/M2_PAR/Apprenyissage_Pointcloud/Pointclouds-classification-with-the-POINTNET-Neural-network/PointNetLab/data/ModelNet10_PLY/table/test/table_0423.ply,8,3,table,desk,0.8010121583938599
plus_jitter,1,739,/home/nochi/NOCHI/M2_PAR/Apprenyissage_Pointcloud/Pointclouds-classification-with-the-POINTNET-Neural-network/PointNetLab/data/ModelNet10_PLY/table/test/table_0424.ply,8,8,table,table,0.5356951355934143
plus_jitter,1,740,/home/nochi/NOCHI/M2_PAR/Apprenyissage_Pointcloud/Pointclouds-classification-with-the-POINTNET-Neural-network/PointNetLab/data/ModelNet10_PLY/table/test/table_0425.ply,8,8,table,table,0.9635651707649231
plus_jitter,1,741,/home/nochi/NOCHI/M2_PAR/Apprenyissage_Pointcloud/Pointclouds-classification-with-the-POINTNET-Neural-network/PointNetLab/data/ModelNet10_PLY/table/test/table_0426.ply,8,8,table,table,0.9756423234939575
plus_jitter,1,742,/home/nochi/NOCHI/M2_PAR/Apprenyissage_Pointcloud/Pointclouds-classification-with-the-POINTNET-Neural-network/PointNetLab/data/ModelNet10_PLY/table/test/table_0427.ply,8,3,table,desk,0.5225561261177063
plus_jitter,1,743,/home/nochi/NOCHI/M2_PAR/Apprenyissage_Pointcloud/Pointclouds-classification-with-the-POINTNET-Neural-network/PointNetLab/data/ModelNet10_PLY/table/test/table_0428.ply,8,8,table,table,0.9725030064582825
plus_jitter,1,744,/home/nochi/NOCHI/M2_PAR/Apprenyissage_Pointcloud/Pointclouds-classification-with-the-POINTNET-Neural-network/PointNetLab/data/ModelNet10_PLY/table/test/table_0429.ply,8,8,table,table,0.5486600399017334
plus_jitter,1,745,/home/nochi/NOCHI/M2_PAR/Apprenyissage_Pointcloud/Pointclouds-classification-with-the-POINTNET-Neural-network/PointNetLab/data/ModelNet10_PLY/table/test/table_0430.ply,8,8,table,table,0.9550904631614685
plus_jitter,1,746,/home/nochi/NOCHI/M2_PAR/Apprenyissage_Pointcloud/Pointclouds-classification-with-the-POINTNET-Neural-network/PointNetLab/data/ModelNet10_PLY/table/test/table_0431.ply,8,8,table,table,0.9796373248100281
plus_jitter,1,747,/home/nochi/NOCHI/M2_PAR/Apprenyissage_Pointcloud/Pointclouds-classification-with-the-POINTNET-Neural-network/PointNetLab/data/ModelNet10_PLY/table/test/table_0432.ply,8,8,table,table,0.9124305844306946
plus_jitter,1,748,/home/nochi/NOCHI/M2_PAR/Apprenyissage_Pointcloud/Pointclouds-classification-with-the-POINTNET-Neural-network/PointNetLab/data/ModelNet10_PLY/table/test/table_0433.ply,8,8,table,table,0.9811980724334717
plus_jitter,1,749,/home/nochi/NOCHI/M2_PAR/Apprenyissage_Pointcloud/Pointclouds-classification-with-the-POINTNET-Neural-network/PointNetLab/data/ModelNet10_PLY/table/test/table_0434.ply,8,8,table,table,0.9861929416656494
plus_jitter,1,750,/home/nochi/NOCHI/M2_PAR/Apprenyissage_Pointcloud/Pointclouds-classification-with-the-POINTNET-Neural-network/PointNetLab/data/ModelNet10_PLY/table/test/table_0435.ply,8,3,table,desk,0.8193038702011108
plus_jitter,1,751,/home/nochi/NOCHI/M2_PAR/Apprenyissage_Pointcloud/Pointclouds-classification-with-the-POINTNET-Neural-network/PointNetLab/data/ModelNet10_PLY/table/test/table_0436.ply,8,8,table,table,0.5537316203117371
plus_jitter,1,752,/home/nochi/NOCHI/M2_PAR/Apprenyissage_Pointcloud/Pointclouds-classification-with-the-POINTNET-Neural-network/PointNetLab/data/ModelNet10_PLY/table/test/table_0437.ply,8,8,table,table,0.9685683846473694
plus_jitter,1,753,/home/nochi/NOCHI/M2_PAR/Apprenyissage_Pointcloud/Pointclouds-classification-with-the-POINTNET-Neural-network/PointNetLab/data/ModelNet10_PLY/table/test/table_0438.ply,8,8,table,table,0.9381293654441833
plus_jitter,1,754,/home/nochi/NOCHI/M2_PAR/Apprenyissage_Pointcloud/Pointclouds-classification-with-the-POINTNET-Neural-network/PointNetLab/data/ModelNet10_PLY/table/test/table_0439.ply,8,8,table,table,0.9524975419044495
plus_jitter,1,755,/home/nochi/NOCHI/M2_PAR/Apprenyissage_Pointcloud/Pointclouds-classification-with-the-POINTNET-Neural-network/PointNetLab/data/ModelNet10_PLY/table/test/table_0440.ply,8,3,table,desk,0.6369863748550415
plus_jitter,1,756,/home/nochi/NOCHI/M2_PAR/Apprenyissage_Pointcloud/Pointclouds-classification-with-the-POINTNET-Neural-network/PointNetLab/data/ModelNet10_PLY/table/test/table_0441.ply,8,8,table,table,0.9698206186294556
plus_jitter,1,757,/home/nochi/NOCHI/M2_PAR/Apprenyissage_Pointcloud/Pointclouds-classification-with-the-POINTNET-Neural-network/PointNetLab/data/ModelNet10_PLY/table/test/table_0442.ply,8,8,table,table,0.9834687113761902
plus_jitter,1,758,/home/nochi/NOCHI/M2_PAR/Apprenyissage_Pointcloud/Pointclouds-classification-with-the-POINTNET-Neural-network/PointNetLab/data/ModelNet10_PLY/table/test/table_0443.ply,8,8,table,table,0.6223104596138
plus_jitter,1,759,/home/nochi/NOCHI/M2_PAR/Apprenyissage_Pointcloud/Pointclouds-classification-with-the-POINTNET-Neural-network/PointNetLab/data/ModelNet10_PLY/table/test/table_0444.ply,8,8,table,table,0.8140995502471924
plus_jitter,1,760,/home/nochi/NOCHI/M2_PAR/Apprenyissage_Pointcloud/Pointclouds-classification-with-the-POINTNET-Neural-network/PointNetLab/data/ModelNet10_PLY/table/test/table_0445.ply,8,8,table,table,0.5037951469421387
plus_jitter,1,761,/home/nochi/NOCHI/M2_PAR/Apprenyissage_Pointcloud/Pointclouds-classification-with-the-POINTNET-Neural-network/PointNetLab/data/ModelNet10_PLY/table/test/table_0446.ply,8,8,table,table,0.9712956547737122
plus_jitter,1,762,/home/nochi/NOCHI/M2_PAR/Apprenyissage_Pointcloud/Pointclouds-classification-with-the-POINTNET-Neural-network/PointNetLab/data/ModelNet10_PLY/table/test/table_0447.ply,8,8,table,table,0.9724321961402893
plus_jitter,1,763,/home/nochi/NOCHI/M2_PAR/Apprenyissage_Pointcloud/Pointclouds-classification-with-the-POINTNET-Neural-network/PointNetLab/data/ModelNet10_PLY/table/test/table_0448.ply,8,8,table,table,0.9026408195495605
plus_jitter,1,764,/home/nochi/NOCHI/M2_PAR/Apprenyissage_Pointcloud/Pointclouds-classification-with-the-POINTNET-Neural-network/PointNetLab/data/ModelNet10_PLY/table/test/table_0449.ply,8,8,table,table,0.8907724618911743
plus_jitter,1,765,/home/nochi/NOCHI/M2_PAR/Apprenyissage_Pointcloud/Pointclouds-classification-with-the-POINTNET-Neural-network/PointNetLab/data/ModelNet10_PLY/table/test/table_0450.ply,8,3,table,desk,0.8384862542152405
plus_jitter,1,766,/home/nochi/NOCHI/M2_PAR/Apprenyissage_Pointcloud/Pointclouds-classification-with-the-POINTNET-Neural-network/PointNetLab/data/ModelNet10_PLY/table/test/table_0451.ply,8,3,table,desk,0.5301234722137451
plus_jitter,1,767,/home/nochi/NOCHI/M2_PAR/Apprenyissage_Pointcloud/Pointclouds-classification-with-the-POINTNET-Neural-network/PointNetLab/data/ModelNet10_PLY/table/test/table_0452.ply,8,8,table,table,0.9557059407234192
plus_jitter,1,768,/home/nochi/NOCHI/M2_PAR/Apprenyissage_Pointcloud/Pointclouds-classification-with-the-POINTNET-Neural-network/PointNetLab/data/ModelNet10_PLY/table/test/table_0453.ply,8,8,table,table,0.914124608039856
plus_jitter,1,769,/home/nochi/NOCHI/M2_PAR/Apprenyissage_Pointcloud/Pointclouds-classification-with-the-POINTNET-Neural-network/PointNetLab/data/ModelNet10_PLY/table/test/table_0454.ply,8,8,table,table,0.968946635723114
plus_jitter,1,770,/home/nochi/NOCHI/M2_PAR/Apprenyissage_Pointcloud/Pointclouds-classification-with-the-POINTNET-Neural-network/PointNetLab/data/ModelNet10_PLY/table/test/table_0455.ply,8,8,table,table,0.9113258123397827
plus_jitter,1,771,/home/nochi/NOCHI/M2_PAR/Apprenyissage_Pointcloud/Pointclouds-classification-with-the-POINTNET-Neural-network/PointNetLab/data/ModelNet10_PLY/table/test/table_0456.ply,8,8,table,table,0.9758917093276978
plus_jitter,1,772,/home/nochi/NOCHI/M2_PAR/Apprenyissage_Pointcloud/Pointclouds-classification-with-the-POINTNET-Neural-network/PointNetLab/data/ModelNet10_PLY/table/test/table_0457.ply,8,8,table,table,0.8199190497398376
plus_jitter,1,773,/home/nochi/NOCHI/M2_PAR/Apprenyissage_Pointcloud/Pointclouds-classification-with-the-POINTNET-Neural-network/PointNetLab/data/ModelNet10_PLY/table/test/table_0458.ply,8,3,table,desk,0.6342160105705261
plus_jitter,1,774,/home/nochi/NOCHI/M2_PAR/Apprenyissage_Pointcloud/Pointclouds-classification-with-the-POINTNET-Neural-network/PointNetLab/data/ModelNet10_PLY/table/test/table_0459.ply,8,8,table,table,0.958739697933197
plus_jitter,1,775,/home/nochi/NOCHI/M2_PAR/Apprenyissage_Pointcloud/Pointclouds-classification-with-the-POINTNET-Neural-network/PointNetLab/data/ModelNet10_PLY/table/test/table_0460.ply,8,3,table,desk,0.5963382720947266
plus_jitter,1,776,/home/nochi/NOCHI/M2_PAR/Apprenyissage_Pointcloud/Pointclouds-classification-with-the-POINTNET-Neural-network/PointNetLab/data/ModelNet10_PLY/table/test/table_0461.ply,8,3,table,desk,0.8981080651283264
plus_jitter,1,777,/home/nochi/NOCHI/M2_PAR/Apprenyissage_Pointcloud/Pointclouds-classification-with-the-POINTNET-Neural-network/PointNetLab/data/ModelNet10_PLY/table/test/table_0462.ply,8,8,table,table,0.9422315359115601
plus_jitter,1,778,/home/nochi/NOCHI/M2_PAR/Apprenyissage_Pointcloud/Pointclouds-classification-with-the-POINTNET-Neural-network/PointNetLab/data/ModelNet10_PLY/table/test/table_0463.ply,8,8,table,table,0.9123762845993042
plus_jitter,1,779,/home/nochi/NOCHI/M2_PAR/Apprenyissage_Pointcloud/Pointclouds-classification-with-the-POINTNET-Neural-network/PointNetLab/data/ModelNet10_PLY/table/test/table_0464.ply,8,8,table,table,0.9466020464897156
plus_jitter,1,780,/home/nochi/NOCHI/M2_PAR/Apprenyissage_Pointcloud/Pointclouds-classification-with-the-POINTNET-Neural-network/PointNetLab/data/ModelNet10_PLY/table/test/table_0465.ply,8,8,table,table,0.8706050515174866
plus_jitter,1,781,/home/nochi/NOCHI/M2_PAR/Apprenyissage_Pointcloud/Pointclouds-classification-with-the-POINTNET-Neural-network/PointNetLab/data/ModelNet10_PLY/table/test/table_0466.ply,8,8,table,table,0.8975167274475098
plus_jitter,1,782,/home/nochi/NOCHI/M2_PAR/Apprenyissage_Pointcloud/Pointclouds-classification-with-the-POINTNET-Neural-network/PointNetLab/data/ModelNet10_PLY/table/test/table_0467.ply,8,8,table,table,0.5909285545349121
plus_jitter,1,783,/home/nochi/NOCHI/M2_PAR/Apprenyissage_Pointcloud/Pointclouds-classification-with-the-POINTNET-Neural-network/PointNetLab/data/ModelNet10_PLY/table/test/table_0468.ply,8,8,table,table,0.9817276000976562
plus_jitter,1,784,/home/nochi/NOCHI/M2_PAR/Apprenyissage_Pointcloud/Pointclouds-classification-with-the-POINTNET-Neural-network/PointNetLab/data/ModelNet10_PLY/table/test/table_0469.ply,8,8,table,table,0.7819908857345581
plus_jitter,1,785,/home/nochi/NOCHI/M2_PAR/Apprenyissage_Pointcloud/Pointclouds-classification-with-the-POINTNET-Neural-network/PointNetLab/data/ModelNet10_PLY/table/test/table_0470.ply,8,8,table,table,0.8597993850708008
plus_jitter,1,786,/home/nochi/NOCHI/M2_PAR/Apprenyissage_Pointcloud/Pointclouds-classification-with-the-POINTNET-Neural-network/PointNetLab/data/ModelNet10_PLY/table/test/table_0471.ply,8,8,table,table,0.9409641623497009
plus_jitter,1,787,/home/nochi/NOCHI/M2_PAR/Apprenyissage_Pointcloud/Pointclouds-classification-with-the-POINTNET-Neural-network/PointNetLab/data/ModelNet10_PLY/table/test/table_0472.ply,8,8,table,table,0.9842395186424255
plus_jitter,1,788,/home/nochi/NOCHI/M2_PAR/Apprenyissage_Pointcloud/Pointclouds-classification-with-the-POINTNET-Neural-network/PointNetLab/data/ModelNet10_PLY/table/test/table_0473.ply,8,3,table,desk,0.5570808053016663
plus_jitter,1,789,/home/nochi/NOCHI/M2_PAR/Apprenyissage_Pointcloud/Pointclouds-classification-with-the-POINTNET-Neural-network/PointNetLab/data/ModelNet10_PLY/table/test/table_0474.ply,8,3,table,desk,0.8728389143943787
plus_jitter,1,790,/home/nochi/NOCHI/M2_PAR/Apprenyissage_Pointcloud/Pointclouds-classification-with-the-POINTNET-Neural-network/PointNetLab/data/ModelNet10_PLY/table/test/table_0475.ply,8,8,table,table,0.793315052986145
plus_jitter,1,791,/home/nochi/NOCHI/M2_PAR/Apprenyissage_Pointcloud/Pointclouds-classification-with-the-POINTNET-Neural-network/PointNetLab/data/ModelNet10_PLY/table/test/table_0476.ply,8,8,table,table,0.9234644174575806
plus_jitter,1,792,/home/nochi/NOCHI/M2_PAR/Apprenyissage_Pointcloud/Pointclouds-classification-with-the-POINTNET-Neural-network/PointNetLab/data/ModelNet10_PLY/table/test/table_0477.ply,8,8,table,table,0.9371016621589661
plus_jitter,1,793,/home/nochi/NOCHI/M2_PAR/Apprenyissage_Pointcloud/Pointclouds-classification-with-the-POINTNET-Neural-network/PointNetLab/data/ModelNet10_PLY/table/test/table_0478.ply,8,8,table,table,0.5340103507041931
plus_jitter,1,794,/home/nochi/NOCHI/M2_PAR/Apprenyissage_Pointcloud/Pointclouds-classification-with-the-POINTNET-Neural-network/PointNetLab/data/ModelNet10_PLY/table/test/table_0479.ply,8,8,table,table,0.9799254536628723
plus_jitter,1,795,/home/nochi/NOCHI/M2_PAR/Apprenyissage_Pointcloud/Pointclouds-classification-with-the-POINTNET-Neural-network/PointNetLab/data/ModelNet10_PLY/table/test/table_0480.ply,8,8,table,table,0.973836362361908
plus_jitter,1,796,/home/nochi/NOCHI/M2_PAR/Apprenyissage_Pointcloud/Pointclouds-classification-with-the-POINTNET-Neural-network/PointNetLab/data/ModelNet10_PLY/table/test/table_0481.ply,8,8,table,table,0.9195824861526489
plus_jitter,1,797,/home/nochi/NOCHI/M2_PAR/Apprenyissage_Pointcloud/Pointclouds-classification-with-the-POINTNET-Neural-network/PointNetLab/data/ModelNet10_PLY/table/test/table_0482.ply,8,8,table,table,0.9466412663459778
plus_jitter,1,798,/home/nochi/NOCHI/M2_PAR/Apprenyissage_Pointcloud/Pointclouds-classification-with-the-POINTNET-Neural-network/PointNetLab/data/ModelNet10_PLY/table/test/table_0483.ply,8,8,table,table,0.7365840673446655
plus_jitter,1,799,/home/nochi/NOCHI/M2_PAR/Apprenyissage_Pointcloud/Pointclouds-classification-with-the-POINTNET-Neural-network/PointNetLab/data/ModelNet10_PLY/table/test/table_0484.ply,8,3,table,desk,0.7653883695602417
plus_jitter,1,800,/home/nochi/NOCHI/M2_PAR/Apprenyissage_Pointcloud/Pointclouds-classification-with-the-POINTNET-Neural-network/PointNetLab/data/ModelNet10_PLY/table/test/table_0485.ply,8,8,table,table,0.6032717227935791
plus_jitter,1,801,/home/nochi/NOCHI/M2_PAR/Apprenyissage_Pointcloud/Pointclouds-classification-with-the-POINTNET-Neural-network/PointNetLab/data/ModelNet10_PLY/table/test/table_0486.ply,8,8,table,table,0.9630906581878662
plus_jitter,1,802,/home/nochi/NOCHI/M2_PAR/Apprenyissage_Pointcloud/Pointclouds-classification-with-the-POINTNET-Neural-network/PointNetLab/data/ModelNet10_PLY/table/test/table_0487.ply,8,8,table,table,0.9616714119911194
plus_jitter,1,803,/home/nochi/NOCHI/M2_PAR/Apprenyissage_Pointcloud/Pointclouds-classification-with-the-POINTNET-Neural-network/PointNetLab/data/ModelNet10_PLY/table/test/table_0488.ply,8,8,table,table,0.7703917026519775
plus_jitter,1,804,/home/nochi/NOCHI/M2_PAR/Apprenyissage_Pointcloud/Pointclouds-classification-with-the-POINTNET-Neural-network/PointNetLab/data/ModelNet10_PLY/table/test/table_0489.ply,8,8,table,table,0.779996931552887
plus_jitter,1,805,/home/nochi/NOCHI/M2_PAR/Apprenyissage_Pointcloud/Pointclouds-classification-with-the-POINTNET-Neural-network/PointNetLab/data/ModelNet10_PLY/table/test/table_0490.ply,8,8,table,table,0.9604886174201965
plus_jitter,1,806,/home/nochi/NOCHI/M2_PAR/Apprenyissage_Pointcloud/Pointclouds-classification-with-the-POINTNET-Neural-network/PointNetLab/data/ModelNet10_PLY/table/test/table_0491.ply,8,8,table,table,0.6910720467567444
plus_jitter,1,807,/home/nochi/NOCHI/M2_PAR/Apprenyissage_Pointcloud/Pointclouds-classification-with-the-POINTNET-Neural-network/PointNetLab/data/ModelNet10_PLY/table/test/table_0492.ply,8,8,table,table,0.8024786710739136
plus_jitter,1,808,/home/nochi/NOCHI/M2_PAR/Apprenyissage_Pointcloud/Pointclouds-classification-with-the-POINTNET-Neural-network/PointNetLab/data/ModelNet10_PLY/toilet/test/toilet_0345.ply,9,9,toilet,toilet,0.5920886993408203
plus_jitter,1,809,/home/nochi/NOCHI/M2_PAR/Apprenyissage_Pointcloud/Pointclouds-classification-with-the-POINTNET-Neural-network/PointNetLab/data/ModelNet10_PLY/toilet/test/toilet_0346.ply,9,9,toilet,toilet,0.8919374942779541
plus_jitter,1,810,/home/nochi/NOCHI/M2_PAR/Apprenyissage_Pointcloud/Pointclouds-classification-with-the-POINTNET-Neural-network/PointNetLab/data/ModelNet10_PLY/toilet/test/toilet_0347.ply,9,9,toilet,toilet,0.6652249097824097
plus_jitter,1,811,/home/nochi/NOCHI/M2_PAR/Apprenyissage_Pointcloud/Pointclouds-classification-with-the-POINTNET-Neural-network/PointNetLab/data/ModelNet10_PLY/toilet/test/toilet_0348.ply,9,9,toilet,toilet,0.9898824691772461
plus_jitter,1,812,/home/nochi/NOCHI/M2_PAR/Apprenyissage_Pointcloud/Pointclouds-classification-with-the-POINTNET-Neural-network/PointNetLab/data/ModelNet10_PLY/toilet/test/toilet_0349.ply,9,9,toilet,toilet,0.9591821432113647
plus_jitter,1,813,/home/nochi/NOCHI/M2_PAR/Apprenyissage_Pointcloud/Pointclouds-classification-with-the-POINTNET-Neural-network/PointNetLab/data/ModelNet10_PLY/toilet/test/toilet_0350.ply,9,9,toilet,toilet,0.9548816680908203
plus_jitter,1,814,/home/nochi/NOCHI/M2_PAR/Apprenyissage_Pointcloud/Pointclouds-classification-with-the-POINTNET-Neural-network/PointNetLab/data/ModelNet10_PLY/toilet/test/toilet_0351.ply,9,9,toilet,toilet,0.41484394669532776
plus_jitter,1,815,/home/nochi/NOCHI/M2_PAR/Apprenyissage_Pointcloud/Pointclouds-classification-with-the-POINTNET-Neural-network/PointNetLab/data/ModelNet10_PLY/toilet/test/toilet_0352.ply,9,9,toilet,toilet,0.9896185994148254
plus_jitter,1,816,/home/nochi/NOCHI/M2_PAR/Apprenyissage_Pointcloud/Pointclouds-classification-with-the-POINTNET-Neural-network/PointNetLab/data/ModelNet10_PLY/toilet/test/toilet_0353.ply,9,9,toilet,toilet,0.7148669958114624
plus_jitter,1,817,/home/nochi/NOCHI/M2_PAR/Apprenyissage_Pointcloud/Pointclouds-classification-with-the-POINTNET-Neural-network/PointNetLab/data/ModelNet10_PLY/toilet/test/toilet_0354.ply,9,2,toilet,chair,0.6586547493934631
plus_jitter,1,818,/home/nochi/NOCHI/M2_PAR/Apprenyissage_Pointcloud/Pointclouds-classification-with-the-POINTNET-Neural-network/PointNetLab/data/ModelNet10_PLY/toilet/test/toilet_0355.ply,9,9,toilet,toilet,0.9766421914100647
plus_jitter,1,819,/home/nochi/NOCHI/M2_PAR/Apprenyissage_Pointcloud/Pointclouds-classification-with-the-POINTNET-Neural-network/PointNetLab/data/ModelNet10_PLY/toilet/test/toilet_0356.ply,9,9,toilet,toilet,0.9503639936447144
plus_jitter,1,820,/home/nochi/NOCHI/M2_PAR/Apprenyissage_Pointcloud/Pointclouds-classification-with-the-POINTNET-Neural-network/PointNetLab/data/ModelNet10_PLY/toilet/test/toilet_0357.ply,9,9,toilet,toilet,0.8214846253395081
plus_jitter,1,821,/home/nochi/NOCHI/M2_PAR/Apprenyissage_Pointcloud/Pointclouds-classification-with-the-POINTNET-Neural-network/PointNetLab/data/ModelNet10_PLY/toilet/test/toilet_0358.ply,9,9,toilet,toilet,0.960686445236206
plus_jitter,1,822,/home/nochi/NOCHI/M2_PAR/Apprenyissage_Pointcloud/Pointclouds-classification-with-the-POINTNET-Neural-network/PointNetLab/data/ModelNet10_PLY/toilet/test/toilet_0359.ply,9,9,toilet,toilet,0.9636572003364563
plus_jitter,1,823,/home/nochi/NOCHI/M2_PAR/Apprenyissage_Pointcloud/Pointclouds-classification-with-the-POINTNET-Neural-network/PointNetLab/data/ModelNet10_PLY/toilet/test/toilet_0360.ply,9,9,toilet,toilet,0.9527642726898193
plus_jitter,1,824,/home/nochi/NOCHI/M2_PAR/Apprenyissage_Pointcloud/Pointclouds-classification-with-the-POINTNET-Neural-network/PointNetLab/data/ModelNet10_PLY/toilet/test/toilet_0361.ply,9,9,toilet,toilet,0.9645633101463318
plus_jitter,1,825,/home/nochi/NOCHI/M2_PAR/Apprenyissage_Pointcloud/Pointclouds-classification-with-the-POINTNET-Neural-network/PointNetLab/data/ModelNet10_PLY/toilet/test/toilet_0362.ply,9,9,toilet,toilet,0.966274082660675
plus_jitter,1,826,/home/nochi/NOCHI/M2_PAR/Apprenyissage_Pointcloud/Pointclouds-classification-with-the-POINTNET-Neural-network/PointNetLab/data/ModelNet10_PLY/toilet/test/toilet_0363.ply,9,9,toilet,toilet,0.970953106880188
plus_jitter,1,827,/home/nochi/NOCHI/M2_PAR/Apprenyissage_Pointcloud/Pointclouds-classification-with-the-POINTNET-Neural-network/PointNetLab/data/ModelNet10_PLY/toilet/test/toilet_0364.ply,9,9,toilet,toilet,0.8240352272987366
plus_jitter,1,828,/home/nochi/NOCHI/M2_PAR/Apprenyissage_Pointcloud/Pointclouds-classification-with-the-POINTNET-Neural-network/PointNetLab/data/ModelNet10_PLY/toilet/test/toilet_0365.ply,9,9,toilet,toilet,0.988545835018158
plus_jitter,1,829,/home/nochi/NOCHI/M2_PAR/Apprenyissage_Pointcloud/Pointclouds-classification-with-the-POINTNET-Neural-network/PointNetLab/data/ModelNet10_PLY/toilet/test/toilet_0366.ply,9,9,toilet,toilet,0.9489789605140686
plus_jitter,1,830,/home/nochi/NOCHI/M2_PAR/Apprenyissage_Pointcloud/Pointclouds-classification-with-the-POINTNET-Neural-network/PointNetLab/data/ModelNet10_PLY/toilet/test/toilet_0367.ply,9,9,toilet,toilet,0.9585277438163757
plus_jitter,1,831,/home/nochi/NOCHI/M2_PAR/Apprenyissage_Pointcloud/Pointclouds-classification-with-the-POINTNET-Neural-network/PointNetLab/data/ModelNet10_PLY/toilet/test/toilet_0368.ply,9,9,toilet,toilet,0.9271312355995178
plus_jitter,1,832,/home/nochi/NOCHI/M2_PAR/Apprenyissage_Pointcloud/Pointclouds-classification-with-the-POINTNET-Neural-network/PointNetLab/data/ModelNet10_PLY/toilet/test/toilet_0369.ply,9,9,toilet,toilet,0.9507861733436584
plus_jitter,1,833,/home/nochi/NOCHI/M2_PAR/Apprenyissage_Pointcloud/Pointclouds-classification-with-the-POINTNET-Neural-network/PointNetLab/data/ModelNet10_PLY/toilet/test/toilet_0370.ply,9,9,toilet,toilet,0.9594500660896301
plus_jitter,1,834,/home/nochi/NOCHI/M2_PAR/Apprenyissage_Pointcloud/Pointclouds-classification-with-the-POINTNET-Neural-network/PointNetLab/data/ModelNet10_PLY/toilet/test/toilet_0371.ply,9,9,toilet,toilet,0.9090291857719421
plus_jitter,1,835,/home/nochi/NOCHI/M2_PAR/Apprenyissage_Pointcloud/Pointclouds-classification-with-the-POINTNET-Neural-network/PointNetLab/data/ModelNet10_PLY/toilet/test/toilet_0372.ply,9,9,toilet,toilet,0.738669216632843
plus_jitter,1,836,/home/nochi/NOCHI/M2_PAR/Apprenyissage_Pointcloud/Pointclouds-classification-with-the-POINTNET-Neural-network/PointNetLab/data/ModelNet10_PLY/toilet/test/toilet_0373.ply,9,3,toilet,desk,0.5688291788101196
plus_jitter,1,837,/home/nochi/NOCHI/M2_PAR/Apprenyissage_Pointcloud/Pointclouds-classification-with-the-POINTNET-Neural-network/PointNetLab/data/ModelNet10_PLY/toilet/test/toilet_0374.ply,9,9,toilet,toilet,0.9837672710418701
plus_jitter,1,838,/home/nochi/NOCHI/M2_PAR/Apprenyissage_Pointcloud/Pointclouds-classification-with-the-POINTNET-Neural-network/PointNetLab/data/ModelNet10_PLY/toilet/test/toilet_0375.ply,9,9,toilet,toilet,0.7256764769554138
plus_jitter,1,839,/home/nochi/NOCHI/M2_PAR/Apprenyissage_Pointcloud/Pointclouds-classification-with-the-POINTNET-Neural-network/PointNetLab/data/ModelNet10_PLY/toilet/test/toilet_0376.ply,9,9,toilet,toilet,0.9899508953094482
plus_jitter,1,840,/home/nochi/NOCHI/M2_PAR/Apprenyissage_Pointcloud/Pointclouds-classification-with-the-POINTNET-Neural-network/PointNetLab/data/ModelNet10_PLY/toilet/test/toilet_0377.ply,9,9,toilet,toilet,0.9536159038543701
plus_jitter,1,841,/home/nochi/NOCHI/M2_PAR/Apprenyissage_Pointcloud/Pointclouds-classification-with-the-POINTNET-Neural-network/PointNetLab/data/ModelNet10_PLY/toilet/test/toilet_0378.ply,9,9,toilet,toilet,0.9075931310653687
plus_jitter,1,842,/home/nochi/NOCHI/M2_PAR/Apprenyissage_Pointcloud/Pointclouds-classification-with-the-POINTNET-Neural-network/PointNetLab/data/ModelNet10_PLY/toilet/test/toilet_0379.ply,9,9,toilet,toilet,0.9826897978782654
plus_jitter,1,843,/home/nochi/NOCHI/M2_PAR/Apprenyissage_Pointcloud/Pointclouds-classification-with-the-POINTNET-Neural-network/PointNetLab/data/ModelNet10_PLY/toilet/test/toilet_0380.ply,9,9,toilet,toilet,0.6642765998840332
plus_jitter,1,844,/home/nochi/NOCHI/M2_PAR/Apprenyissage_Pointcloud/Pointclouds-classification-with-the-POINTNET-Neural-network/PointNetLab/data/ModelNet10_PLY/toilet/test/toilet_0381.ply,9,9,toilet,toilet,0.9861973524093628
plus_jitter,1,845,/home/nochi/NOCHI/M2_PAR/Apprenyissage_Pointcloud/Pointclouds-classification-with-the-POINTNET-Neural-network/PointNetLab/data/ModelNet10_PLY/toilet/test/toilet_0382.ply,9,9,toilet,toilet,0.9936111569404602
plus_jitter,1,846,/home/nochi/NOCHI/M2_PAR/Apprenyissage_Pointcloud/Pointclouds-classification-with-the-POINTNET-Neural-network/PointNetLab/data/ModelNet10_PLY/toilet/test/toilet_0383.ply,9,9,toilet,toilet,0.964743435382843
plus_jitter,1,847,/home/nochi/NOCHI/M2_PAR/Apprenyissage_Pointcloud/Pointclouds-classification-with-the-POINTNET-Neural-network/PointNetLab/data/ModelNet10_PLY/toilet/test/toilet_0384.ply,9,9,toilet,toilet,0.7569212913513184
plus_jitter,1,848,/home/nochi/NOCHI/M2_PAR/Apprenyissage_Pointcloud/Pointclouds-classification-with-the-POINTNET-Neural-network/PointNetLab/data/ModelNet10_PLY/toilet/test/toilet_0385.ply,9,9,toilet,toilet,0.9220588803291321
plus_jitter,1,849,/home/nochi/NOCHI/M2_PAR/Apprenyissage_Pointcloud/Pointclouds-classification-with-the-POINTNET-Neural-network/PointNetLab/data/ModelNet10_PLY/toilet/test/toilet_0386.ply,9,9,toilet,toilet,0.9839903712272644
plus_jitter,1,850,/home/nochi/NOCHI/M2_PAR/Apprenyissage_Pointcloud/Pointclouds-classification-with-the-POINTNET-Neural-network/PointNetLab/data/ModelNet10_PLY/toilet/test/toilet_0387.ply,9,9,toilet,toilet,0.9672631621360779
plus_jitter,1,851,/home/nochi/NOCHI/M2_PAR/Apprenyissage_Pointcloud/Pointclouds-classification-with-the-POINTNET-Neural-network/PointNetLab/data/ModelNet10_PLY/toilet/test/toilet_0388.ply,9,9,toilet,toilet,0.9446132183074951
plus_jitter,1,852,/home/nochi/NOCHI/M2_PAR/Apprenyissage_Pointcloud/Pointclouds-classification-with-the-POINTNET-Neural-network/PointNetLab/data/ModelNet10_PLY/toilet/test/toilet_0389.ply,9,2,toilet,chair,0.8662574291229248
plus_jitter,1,853,/home/nochi/NOCHI/M2_PAR/Apprenyissage_Pointcloud/Pointclouds-classification-with-the-POINTNET-Neural-network/PointNetLab/data/ModelNet10_PLY/toilet/test/toilet_0390.ply,9,2,toilet,chair,0.8982204794883728
plus_jitter,1,854,/home/nochi/NOCHI/M2_PAR/Apprenyissage_Pointcloud/Pointclouds-classification-with-the-POINTNET-Neural-network/PointNetLab/data/ModelNet10_PLY/toilet/test/toilet_0391.ply,9,9,toilet,toilet,0.9718542098999023
plus_jitter,1,855,/home/nochi/NOCHI/M2_PAR/Apprenyissage_Pointcloud/Pointclouds-classification-with-the-POINTNET-Neural-network/PointNetLab/data/ModelNet10_PLY/toilet/test/toilet_0392.ply,9,9,toilet,toilet,0.7803877592086792
plus_jitter,1,856,/home/nochi/NOCHI/M2_PAR/Apprenyissage_Pointcloud/Pointclouds-classification-with-the-POINTNET-Neural-network/PointNetLab/data/ModelNet10_PLY/toilet/test/toilet_0393.ply,9,9,toilet,toilet,0.6824952363967896
plus_jitter,1,857,/home/nochi/NOCHI/M2_PAR/Apprenyissage_Pointcloud/Pointclouds-classification-with-the-POINTNET-Neural-network/PointNetLab/data/ModelNet10_PLY/toilet/test/toilet_0394.ply,9,9,toilet,toilet,0.990506112575531
plus_jitter,1,858,/home/nochi/NOCHI/M2_PAR/Apprenyissage_Pointcloud/Pointclouds-classification-with-the-POINTNET-Neural-network/PointNetLab/data/ModelNet10_PLY/toilet/test/toilet_0395.ply,9,9,toilet,toilet,0.9356743097305298
plus_jitter,1,859,/home/nochi/NOCHI/M2_PAR/Apprenyissage_Pointcloud/Pointclouds-classification-with-the-POINTNET-Neural-network/PointNetLab/data/ModelNet10_PLY/toilet/test/toilet_0396.ply,9,9,toilet,toilet,0.9778879284858704
plus_jitter,1,860,/home/nochi/NOCHI/M2_PAR/Apprenyissage_Pointcloud/Pointclouds-classification-with-the-POINTNET-Neural-network/PointNetLab/data/ModelNet10_PLY/toilet/test/toilet_0397.ply,9,9,toilet,toilet,0.9861314296722412
plus_jitter,1,861,/home/nochi/NOCHI/M2_PAR/Apprenyissage_Pointcloud/Pointclouds-classification-with-the-POINTNET-Neural-network/PointNetLab/data/ModelNet10_PLY/toilet/test/toilet_0398.ply,9,9,toilet,toilet,0.9732268452644348
plus_jitter,1,862,/home/nochi/NOCHI/M2_PAR/Apprenyissage_Pointcloud/Pointclouds-classification-with-the-POINTNET-Neural-network/PointNetLab/data/ModelNet10_PLY/toilet/test/toilet_0399.ply,9,9,toilet,toilet,0.9588102698326111
plus_jitter,1,863,/home/nochi/NOCHI/M2_PAR/Apprenyissage_Pointcloud/Pointclouds-classification-with-the-POINTNET-Neural-network/PointNetLab/data/ModelNet10_PLY/toilet/test/toilet_0400.ply,9,9,toilet,toilet,0.9780283570289612
plus_jitter,1,864,/home/nochi/NOCHI/M2_PAR/Apprenyissage_Pointcloud/Pointclouds-classification-with-the-POINTNET-Neural-network/PointNetLab/data/ModelNet10_PLY/toilet/test/toilet_0401.ply,9,9,toilet,toilet,0.9873358607292175
plus_jitter,1,865,/home/nochi/NOCHI/M2_PAR/Apprenyissage_Pointcloud/Pointclouds-classification-with-the-POINTNET-Neural-network/PointNetLab/data/ModelNet10_PLY/toilet/test/toilet_0402.ply,9,9,toilet,toilet,0.9462885856628418
plus_jitter,1,866,/home/nochi/NOCHI/M2_PAR/Apprenyissage_Pointcloud/Pointclouds-classification-with-the-POINTNET-Neural-network/PointNetLab/data/ModelNet10_PLY/toilet/test/toilet_0403.ply,9,9,toilet,toilet,0.9934067726135254
plus_jitter,1,867,/home/nochi/NOCHI/M2_PAR/Apprenyissage_Pointcloud/Pointclouds-classification-with-the-POINTNET-Neural-network/PointNetLab/data/ModelNet10_PLY/toilet/test/toilet_0404.ply,9,9,toilet,toilet,0.9690088629722595
plus_jitter,1,868,/home/nochi/NOCHI/M2_PAR/Apprenyissage_Pointcloud/Pointclouds-classification-with-the-POINTNET-Neural-network/PointNetLab/data/ModelNet10_PLY/toilet/test/toilet_0405.ply,9,9,toilet,toilet,0.6763952374458313
plus_jitter,1,869,/home/nochi/NOCHI/M2_PAR/Apprenyissage_Pointcloud/Pointclouds-classification-with-the-POINTNET-Neural-network/PointNetLab/data/ModelNet10_PLY/toilet/test/toilet_0406.ply,9,9,toilet,toilet,0.9821613430976868
plus_jitter,1,870,/home/nochi/NOCHI/M2_PAR/Apprenyissage_Pointcloud/Pointclouds-classification-with-the-POINTNET-Neural-network/PointNetLab/data/ModelNet10_PLY/toilet/test/toilet_0407.ply,9,9,toilet,toilet,0.9897924661636353
plus_jitter,1,871,/home/nochi/NOCHI/M2_PAR/Apprenyissage_Pointcloud/Pointclouds-classification-with-the-POINTNET-Neural-network/PointNetLab/data/ModelNet10_PLY/toilet/test/toilet_0408.ply,9,9,toilet,toilet,0.9893676042556763
plus_jitter,1,872,/home/nochi/NOCHI/M2_PAR/Apprenyissage_Pointcloud/Pointclouds-classification-with-the-POINTNET-Neural-network/PointNetLab/data/ModelNet10_PLY/toilet/test/toilet_0409.ply,9,9,toilet,toilet,0.9731167554855347
plus_jitter,1,873,/home/nochi/NOCHI/M2_PAR/Apprenyissage_Pointcloud/Pointclouds-classification-with-the-POINTNET-Neural-network/PointNetLab/data/ModelNet10_PLY/toilet/test/toilet_0410.ply,9,9,toilet,toilet,0.9757387638092041
plus_jitter,1,874,/home/nochi/NOCHI/M2_PAR/Apprenyissage_Pointcloud/Pointclouds-classification-with-the-POINTNET-Neural-network/PointNetLab/data/ModelNet10_PLY/toilet/test/toilet_0411.ply,9,9,toilet,toilet,0.9785354733467102
plus_jitter,1,875,/home/nochi/NOCHI/M2_PAR/Apprenyissage_Pointcloud/Pointclouds-classification-with-the-POINTNET-Neural-network/PointNetLab/data/ModelNet10_PLY/toilet/test/toilet_0412.ply,9,9,toilet,toilet,0.9613864421844482
plus_jitter,1,876,/home/nochi/NOCHI/M2_PAR/Apprenyissage_Pointcloud/Pointclouds-classification-with-the-POINTNET-Neural-network/PointNetLab/data/ModelNet10_PLY/toilet/test/toilet_0413.ply,9,9,toilet,toilet,0.9856695532798767
plus_jitter,1,877,/home/nochi/NOCHI/M2_PAR/Apprenyissage_Pointcloud/Pointclouds-classification-with-the-POINTNET-Neural-network/PointNetLab/data/ModelNet10_PLY/toilet/test/toilet_0414.ply,9,9,toilet,toilet,0.9296588897705078
plus_jitter,1,878,/home/nochi/NOCHI/M2_PAR/Apprenyissage_Pointcloud/Pointclouds-classification-with-the-POINTNET-Neural-network/PointNetLab/data/ModelNet10_PLY/toilet/test/toilet_0415.ply,9,9,toilet,toilet,0.9670459628105164
plus_jitter,1,879,/home/nochi/NOCHI/M2_PAR/Apprenyissage_Pointcloud/Pointclouds-classification-with-the-POINTNET-Neural-network/PointNetLab/data/ModelNet10_PLY/toilet/test/toilet_0416.ply,9,9,toilet,toilet,0.9887823462486267
plus_jitter,1,880,/home/nochi/NOCHI/M2_PAR/Apprenyissage_Pointcloud/Pointclouds-classification-with-the-POINTNET-Neural-network/PointNetLab/data/ModelNet10_PLY/toilet/test/toilet_0417.ply,9,9,toilet,toilet,0.9768103957176208
plus_jitter,1,881,/home/nochi/NOCHI/M2_PAR/Apprenyissage_Pointcloud/Pointclouds-classification-with-the-POINTNET-Neural-network/PointNetLab/data/ModelNet10_PLY/toilet/test/toilet_0418.ply,9,9,toilet,toilet,0.8536350727081299
plus_jitter,1,882,/home/nochi/NOCHI/M2_PAR/Apprenyissage_Pointcloud/Pointclouds-classification-with-the-POINTNET-Neural-network/PointNetLab/data/ModelNet10_PLY/toilet/test/toilet_0419.ply,9,9,toilet,toilet,0.9716120362281799
plus_jitter,1,883,/home/nochi/NOCHI/M2_PAR/Apprenyissage_Pointcloud/Pointclouds-classification-with-the-POINTNET-Neural-network/PointNetLab/data/ModelNet10_PLY/toilet/test/toilet_0420.ply,9,9,toilet,toilet,0.8836694955825806
plus_jitter,1,884,/home/nochi/NOCHI/M2_PAR/Apprenyissage_Pointcloud/Pointclouds-classification-with-the-POINTNET-Neural-network/PointNetLab/data/ModelNet10_PLY/toilet/test/toilet_0421.ply,9,9,toilet,toilet,0.945772111415863
plus_jitter,1,885,/home/nochi/NOCHI/M2_PAR/Apprenyissage_Pointcloud/Pointclouds-classification-with-the-POINTNET-Neural-network/PointNetLab/data/ModelNet10_PLY/toilet/test/toilet_0422.ply,9,9,toilet,toilet,0.9630541801452637
plus_jitter,1,886,/home/nochi/NOCHI/M2_PAR/Apprenyissage_Pointcloud/Pointclouds-classification-with-the-POINTNET-Neural-network/PointNetLab/data/ModelNet10_PLY/toilet/test/toilet_0423.ply,9,9,toilet,toilet,0.9245598912239075
plus_jitter,1,887,/home/nochi/NOCHI/M2_PAR/Apprenyissage_Pointcloud/Pointclouds-classification-with-the-POINTNET-Neural-network/PointNetLab/data/ModelNet10_PLY/toilet/test/toilet_0424.ply,9,9,toilet,toilet,0.9309379458427429
plus_jitter,1,888,/home/nochi/NOCHI/M2_PAR/Apprenyissage_Pointcloud/Pointclouds-classification-with-the-POINTNET-Neural-network/PointNetLab/data/ModelNet10_PLY/toilet/test/toilet_0425.ply,9,3,toilet,desk,0.5841929316520691
plus_jitter,1,889,/home/nochi/NOCHI/M2_PAR/Apprenyissage_Pointcloud/Pointclouds-classification-with-the-POINTNET-Neural-network/PointNetLab/data/ModelNet10_PLY/toilet/test/toilet_0426.ply,9,9,toilet,toilet,0.9459136724472046
plus_jitter,1,890,/home/nochi/NOCHI/M2_PAR/Apprenyissage_Pointcloud/Pointclouds-classification-with-the-POINTNET-Neural-network/PointNetLab/data/ModelNet10_PLY/toilet/test/toilet_0427.ply,9,9,toilet,toilet,0.9815628528594971
plus_jitter,1,891,/home/nochi/NOCHI/M2_PAR/Apprenyissage_Pointcloud/Pointclouds-classification-with-the-POINTNET-Neural-network/PointNetLab/data/ModelNet10_PLY/toilet/test/toilet_0428.ply,9,9,toilet,toilet,0.9868795275688171
plus_jitter,1,892,/home/nochi/NOCHI/M2_PAR/Apprenyissage_Pointcloud/Pointclouds-classification-with-the-POINTNET-Neural-network/PointNetLab/data/ModelNet10_PLY/toilet/test/toilet_0429.ply,9,9,toilet,toilet,0.9846609234809875
plus_jitter,1,893,/home/nochi/NOCHI/M2_PAR/Apprenyissage_Pointcloud/Pointclouds-classification-with-the-POINTNET-Neural-network/PointNetLab/data/ModelNet10_PLY/toilet/test/toilet_0430.ply,9,9,toilet,toilet,0.9662922620773315
plus_jitter,1,894,/home/nochi/NOCHI/M2_PAR/Apprenyissage_Pointcloud/Pointclouds-classification-with-the-POINTNET-Neural-network/PointNetLab/data/ModelNet10_PLY/toilet/test/toilet_0431.ply,9,9,toilet,toilet,0.9883885979652405
plus_jitter,1,895,/home/nochi/NOCHI/M2_PAR/Apprenyissage_Pointcloud/Pointclouds-classification-with-the-POINTNET-Neural-network/PointNetLab/data/ModelNet10_PLY/toilet/test/toilet_0432.ply,9,9,toilet,toilet,0.985308825969696
plus_jitter,1,896,/home/nochi/NOCHI/M2_PAR/Apprenyissage_Pointcloud/Pointclouds-classification-with-the-POINTNET-Neural-network/PointNetLab/data/ModelNet10_PLY/toilet/test/toilet_0433.ply,9,9,toilet,toilet,0.9874188303947449
plus_jitter,1,897,/home/nochi/NOCHI/M2_PAR/Apprenyissage_Pointcloud/Pointclouds-classification-with-the-POINTNET-Neural-network/PointNetLab/data/ModelNet10_PLY/toilet/test/toilet_0434.ply,9,2,toilet,chair,0.7683491110801697
plus_jitter,1,898,/home/nochi/NOCHI/M2_PAR/Apprenyissage_Pointcloud/Pointclouds-classification-with-the-POINTNET-Neural-network/PointNetLab/data/ModelNet10_PLY/toilet/test/toilet_0435.ply,9,9,toilet,toilet,0.9913102388381958
plus_jitter,1,899,/home/nochi/NOCHI/M2_PAR/Apprenyissage_Pointcloud/Pointclouds-classification-with-the-POINTNET-Neural-network/PointNetLab/data/ModelNet10_PLY/toilet/test/toilet_0436.ply,9,9,toilet,toilet,0.9474070072174072
plus_jitter,1,900,/home/nochi/NOCHI/M2_PAR/Apprenyissage_Pointcloud/Pointclouds-classification-with-the-POINTNET-Neural-network/PointNetLab/data/ModelNet10_PLY/toilet/test/toilet_0437.ply,9,7,toilet,sofa,0.39168596267700195
plus_jitter,1,901,/home/nochi/NOCHI/M2_PAR/Apprenyissage_Pointcloud/Pointclouds-classification-with-the-POINTNET-Neural-network/PointNetLab/data/ModelNet10_PLY/toilet/test/toilet_0438.ply,9,9,toilet,toilet,0.9550173878669739
plus_jitter,1,902,/home/nochi/NOCHI/M2_PAR/Apprenyissage_Pointcloud/Pointclouds-classification-with-the-POINTNET-Neural-network/PointNetLab/data/ModelNet10_PLY/toilet/test/toilet_0439.ply,9,9,toilet,toilet,0.9631744623184204
plus_jitter,1,903,/home/nochi/NOCHI/M2_PAR/Apprenyissage_Pointcloud/Pointclouds-classification-with-the-POINTNET-Neural-network/PointNetLab/data/ModelNet10_PLY/toilet/test/toilet_0440.ply,9,9,toilet,toilet,0.9591538310050964
plus_jitter,1,904,/home/nochi/NOCHI/M2_PAR/Apprenyissage_Pointcloud/Pointclouds-classification-with-the-POINTNET-Neural-network/PointNetLab/data/ModelNet10_PLY/toilet/test/toilet_0441.ply,9,9,toilet,toilet,0.9585548639297485
plus_jitter,1,905,/home/nochi/NOCHI/M2_PAR/Apprenyissage_Pointcloud/Pointclouds-classification-with-the-POINTNET-Neural-network/PointNetLab/data/ModelNet10_PLY/toilet/test/toilet_0442.ply,9,9,toilet,toilet,0.9341090321540833
plus_jitter,1,906,/home/nochi/NOCHI/M2_PAR/Apprenyissage_Pointcloud/Pointclouds-classification-with-the-POINTNET-Neural-network/PointNetLab/data/ModelNet10_PLY/toilet/test/toilet_0443.ply,9,9,toilet,toilet,0.9667980670928955
plus_jitter,1,907,/home/nochi/NOCHI/M2_PAR/Apprenyissage_Pointcloud/Pointclouds-classification-with-the-POINTNET-Neural-network/PointNetLab/data/ModelNet10_PLY/toilet/test/toilet_0444.ply,9,9,toilet,toilet,0.9601700305938721
