experiment,seed,index,ply_path,true,pred,true_name,pred_name,confidence
plus_occlusion,0,0,/home/nochi/NOCHI/M2_PAR/Apprenyissage_Pointcloud/Pointclouds-classification-with-the-POINTNET-Neural-network/PointNetLab/data/ModelNet10_PLY/bathtub/test/bathtub_0107.ply,0,0,bathtub,bathtub,0.9985678195953369
plus_occlusion,0,1,/home/nochi/NOCHI/M2_PAR/Apprenyissage_Pointcloud/Pointclouds-classification-with-the-POINTNET-Neural-network/PointNetLab/data/ModelNet10_PLY/bathtub/test/bathtub_0108.ply,0,0,bathtub,bathtub,0.9992713332176208
plus_occlusion,0,2,/home/nochi/NOCHI/M2_PAR/Apprenyissage_Pointcloud/Pointclouds-classification-with-the-POINTNET-Neural-network/PointNetLab/data/ModelNet10_PLY/bathtub/test/bathtub_0109.ply,0,0,bathtub,bathtub,0.999459445476532
plus_occlusion,0,3,/home/nochi/NOCHI/M2_PAR/Apprenyissage_Pointcloud/Pointclouds-classification-with-the-POINTNET-Neural-network/PointNetLab/data/ModelNet10_PLY/bathtub/test/bathtub_0110.ply,0,0,bathtub,bathtub,0.9991322755813599
plus_occlusion,0,4,/home/nochi/NOCHI/M2_PAR/Apprenyissage_Pointcloud/Pointclouds-classification-with-the-POINTNET-Neural-network/PointNetLab/data/ModelNet10_PLY/bathtub/test/bathtub_0111.ply,0,1,bathtub,bed,0.7976210117340088
plus_occlusion,0,5,/home/nochi/NOCHI/M2_PAR/Apprenyissage_Pointcloud/Pointclouds-classification-with-the-POINTNET-Neural-network/PointNetLab/data/ModelNet10_PLY/bathtub/test/bathtub_0112.ply,0,0,bathtub,bathtub,0.9903220534324646
plus_occlusion,0,6,/home/nochi/NOCHI/M2_PAR/Apprenyissage_Pointcloud/Pointclouds-classification-with-the-POINTNET-Neural-network/PointNetLab/data/ModelNet10_PLY/bathtub/test/bathtub_0113.ply,0,0,bathtub,bathtub,0.9757716059684753
plus_occlusion,0,7,/home/nochi/NOCHI/M2_PAR/Apprenyissage_Pointcloud/Pointclouds-classification-with-the-POINTNET-Neural-network/PointNetLab/data/ModelNet10_PLY/bathtub/test/bathtub_0114.ply,0,0,bathtub,bathtub,0.9718536734580994
plus_occlusion,0,8,/home/nochi/NOCHI/M2_PAR/Apprenyissage_Pointcloud/Pointclouds-classification-with-the-POINTNET-Neural-network/PointNetLab/data/ModelNet10_PLY/bathtub/test/bathtub_0115.ply,0,0,bathtub,bathtub,0.9995555877685547
plus_occlusion,0,9,/home/nochi/NOCHI/M2_PAR/Apprenyissage_Pointcloud/Pointclouds-classification-with-the-POINTNET-Neural-network/PointNetLab/data/ModelNet10_PLY/bathtub/test/bathtub_0116.ply,0,0,bathtub,bathtub,0.998814582824707
plus_occlusion,0,10,/home/nochi/NOCHI/M2_PAR/Apprenyissage_Pointcloud/Pointclouds-classification-with-the-POINTNET-Neural-network/PointNetLab/data/ModelNet10_PLY/bathtub/test/bathtub_0117.ply,0,0,bathtub,bathtub,0.9998306632041931
plus_occlusion,0,11,/home/nochi/NOCHI/M2_PAR/Apprenyissage_Pointcloud/Pointclouds-classification-with-the-POINTNET-Neural-network/PointNetLab/data/ModelNet10_PLY/bathtub/test/bathtub_0118.ply,0,0,bathtub,bathtub,0.999335527420044
plus_occlusion,0,12,/home/nochi/NOCHI/M2_PAR/Apprenyissage_Pointcloud/Pointclouds-classification-with-the-POINTNET-Neural-network/PointNetLab/data/ModelNet10_PLY/bathtub/test/bathtub_0119.ply,0,0,bathtub,bathtub,0.9819959402084351
plus_occlusion,0,13,/home/nochi/NOCHI/M2_PAR/Apprenyissage_Pointcloud/Pointclouds-classification-with-the-POINTNET-Neural-network/PointNetLab/data/ModelNet10_PLY/bathtub/test/bathtub_0120.ply,0,0,bathtub,bathtub,0.6420085430145264
plus_occlusion,0,14,/home/nochi/NOCHI/M2_PAR/Apprenyissage_Pointcloud/Pointclouds-classification-with-the-POINTNET-Neural-network/PointNetLab/data/ModelNet10_PLY/bathtub/test/bathtub_0121.ply,0,0,bathtub,bathtub,0.999110758304596
plus_occlusion,0,15,/home/nochi/NOCHI/M2_PAR/Apprenyissage_Pointcloud/Pointclouds-classification-with-the-POINTNET-Neural-network/PointNetLab/data/ModelNet10_PLY/bathtub/test/bathtub_0122.ply,0,0,bathtub,bathtub,0.9951518774032593
plus_occlusion,0,16,/home/nochi/NOCHI/M2_PAR/Apprenyissage_Pointcloud/Pointclouds-classification-with-the-POINTNET-Neural-network/PointNetLab/data/ModelNet10_PLY/bathtub/test/bathtub_0123.ply,0,1,bathtub,bed,0.9290170669555664
plus_occlusion,0,17,/home/nochi/NOCHI/M2_PAR/Apprenyissage_Pointcloud/Pointclouds-classification-with-the-POINTNET-Neural-network/PointNetLab/data/ModelNet10_PLY/bathtub/test/bathtub_0124.ply,0,0,bathtub,bathtub,0.9987331628799438
plus_occlusion,0,18,/home/nochi/NOCHI/M2_PAR/Apprenyissage_Pointcloud/Pointclouds-classification-with-the-POINTNET-Neural-network/PointNetLab/data/ModelNet10_PLY/bathtub/test/bathtub_0125.ply,0,0,bathtub,bathtub,0.9775732755661011
plus_occlusion,0,19,/home/nochi/NOCHI/M2_PAR/Apprenyissage_Pointcloud/Pointclouds-classification-with-the-POINTNET-Neural-network/PointNetLab/data/ModelNet10_PLY/bathtub/test/bathtub_0126.ply,0,0,bathtub,bathtub,0.9996684789657593
plus_occlusion,0,20,/home/nochi/NOCHI/M2_PAR/Apprenyissage_Pointcloud/Pointclouds-classification-with-the-POINTNET-Neural-network/PointNetLab/data/ModelNet10_PLY/bathtub/test/bathtub_0127.ply,0,1,bathtub,bed,0.9835562705993652
plus_occlusion,0,21,/home/nochi/NOCHI/M2_PAR/Apprenyissage_Pointcloud/Pointclouds-classification-with-the-POINTNET-Neural-network/PointNetLab/data/ModelNet10_PLY/bathtub/test/bathtub_0128.ply,0,0,bathtub,bathtub,0.9440910816192627
plus_occlusion,0,22,/home/nochi/NOCHI/M2_PAR/Apprenyissage_Pointcloud/Pointclouds-classification-with-the-POINTNET-Neural-network/PointNetLab/data/ModelNet10_PLY/bathtub/test/bathtub_0129.ply,0,0,bathtub,bathtub,0.9832699298858643
plus_occlusion,0,23,/home/nochi/NOCHI/M2_PAR/Apprenyissage_Pointcloud/Pointclouds-classification-with-the-POINTNET-Neural-network/PointNetLab/data/ModelNet10_PLY/bathtub/test/bathtub_0130.ply,0,1,bathtub,bed,0.9940884113311768
plus_occlusion,0,24,/home/nochi/NOCHI/M2_PAR/Apprenyissage_Pointcloud/Pointclouds-classification-with-the-POINTNET-Neural-network/PointNetLab/data/ModelNet10_PLY/bathtub/test/bathtub_0131.ply,0,0,bathtub,bathtub,0.9793164134025574
plus_occlusion,0,25,/home/nochi/NOCHI/M2_PAR/Apprenyissage_Pointcloud/Pointclouds-classification-with-the-POINTNET-Neural-network/PointNetLab/data/ModelNet10_PLY/bathtub/test/bathtub_0132.ply,0,1,bathtub,bed,0.5833842754364014
plus_occlusion,0,26,/home/nochi/NOCHI/M2_PAR/Apprenyissage_Pointcloud/Pointclouds-classification-with-the-POINTNET-Neural-network/PointNetLab/data/ModelNet10_PLY/bathtub/test/bathtub_0133.ply,0,0,bathtub,bathtub,0.9994825720787048
plus_occlusion,0,27,/home/nochi/NOCHI/M2_PAR/Apprenyissage_Pointcloud/Pointclouds-classification-with-the-POINTNET-Neural-network/PointNetLab/data/ModelNet10_PLY/bathtub/test/bathtub_0134.ply,0,1,bathtub,bed,0.9867101311683655
plus_occlusion,0,28,/home/nochi/NOCHI/M2_PAR/Apprenyissage_Pointcloud/Pointclouds-classification-with-the-POINTNET-Neural-network/PointNetLab/data/ModelNet10_PLY/bathtub/test/bathtub_0135.ply,0,0,bathtub,bathtub,0.9989567399024963
plus_occlusion,0,29,/home/nochi/NOCHI/M2_PAR/Apprenyissage_Pointcloud/Pointclouds-classification-with-the-POINTNET-Neural-network/PointNetLab/data/ModelNet10_PLY/bathtub/test/bathtub_0136.ply,0,0,bathtub,bathtub,0.9985047578811646
plus_occlusion,0,30,/home/nochi/NOCHI/M2_PAR/Apprenyissage_Pointcloud/Pointclouds-classification-with-the-POINTNET-Neural-network/PointNetLab/data/ModelNet10_PLY/bathtub/test/bathtub_0137.ply,0,0,bathtub,bathtub,0.9991995692253113
plus_occlusion,0,31,/home/nochi/NOCHI/M2_PAR/Apprenyissage_Pointcloud/Pointclouds-classification-with-the-POINTNET-Neural-network/PointNetLab/data/ModelNet10_PLY/bathtub/test/bathtub_0138.ply,0,1,bathtub,bed,0.744294285774231
plus_occlusion,0,32,/home/nochi/NOCHI/M2_PAR/Apprenyissage_Pointcloud/Pointclouds-classification-with-the-POINTNET-Neural-network/PointNetLab/data/ModelNet10_PLY/bathtub/test/bathtub_0139.ply,0,1,bathtub,bed,0.9750971794128418
plus_occlusion,0,33,/home/nochi/NOCHI/M2_PAR/Apprenyissage_Pointcloud/Pointclouds-classification-with-the-POINTNET-Neural-network/PointNetLab/data/ModelNet10_PLY/bathtub/test/bathtub_0140.ply,0,0,bathtub,bathtub,0.9998796582221985
plus_occlusion,0,34,/home/nochi/NOCHI/M2_PAR/Apprenyissage_Pointcloud/Pointclouds-classification-with-the-POINTNET-Neural-network/PointNetLab/data/ModelNet10_PLY/bathtub/test/bathtub_0141.ply,0,0,bathtub,bathtub,0.9970046281814575
plus_occlusion,0,35,/home/nochi/NOCHI/M2_PAR/Apprenyissage_Pointcloud/Pointclouds-classification-with-the-POINTNET-Neural-network/PointNetLab/data/ModelNet10_PLY/bathtub/test/bathtub_0142.ply,0,0,bathtub,bathtub,0.999546229839325
plus_occlusion,0,36,/home/nochi/NOCHI/M2_PAR/Apprenyissage_Pointcloud/Pointclouds-classification-with-the-POINTNET-Neural-network/PointNetLab/data/ModelNet10_PLY/bathtub/test/bathtub_0143.ply,0,0,bathtub,bathtub,0.9997330904006958
plus_occlusion,0,37,/home/nochi/NOCHI/M2_PAR/Apprenyissage_Pointcloud/Pointclouds-classification-with-the-POINTNET-Neural-network/PointNetLab/data/ModelNet10_PLY/bathtub/test/bathtub_0144.ply,0,0,bathtub,bathtub,0.9960436224937439
plus_occlusion,0,38,/home/nochi/NOCHI/M2_PAR/Apprenyissage_Pointcloud/Pointclouds-classification-with-the-POINTNET-Neural-network/PointNetLab/data/ModelNet10_PLY/bathtub/test/bathtub_0145.ply,0,0,bathtub,bathtub,0.9897358417510986
plus_occlusion,0,39,/home/nochi/NOCHI/M2_PAR/Apprenyissage_Pointcloud/Pointclouds-classification-with-the-POINTNET-Neural-network/PointNetLab/data/ModelNet10_PLY/bathtub/test/bathtub_0146.ply,0,0,bathtub,bathtub,0.9996986389160156
plus_occlusion,0,40,/home/nochi/NOCHI/M2_PAR/Apprenyissage_Pointcloud/Pointclouds-classification-with-the-POINTNET-Neural-network/PointNetLab/data/ModelNet10_PLY/bathtub/test/bathtub_0147.ply,0,0,bathtub,bathtub,0.9986353516578674
plus_occlusion,0,41,/home/nochi/NOCHI/M2_PAR/Apprenyissage_Pointcloud/Pointclouds-classification-with-the-POINTNET-Neural-network/PointNetLab/data/ModelNet10_PLY/bathtub/test/bathtub_0148.ply,0,0,bathtub,bathtub,0.9993351697921753
plus_occlusion,0,42,/home/nochi/NOCHI/M2_PAR/Apprenyissage_Pointcloud/Pointclouds-classification-with-the-POINTNET-Neural-network/PointNetLab/data/ModelNet10_PLY/bathtub/test/bathtub_0149.ply,0,0,bathtub,bathtub,0.9998067617416382
plus_occlusion,0,43,/home/nochi/NOCHI/M2_PAR/Apprenyissage_Pointcloud/Pointclouds-classification-with-the-POINTNET-Neural-network/PointNetLab/data/ModelNet10_PLY/bathtub/test/bathtub_0150.ply,0,0,bathtub,bathtub,0.9998024106025696
plus_occlusion,0,44,/home/nochi/NOCHI/M2_PAR/Apprenyissage_Pointcloud/Pointclouds-classification-with-the-POINTNET-Neural-network/PointNetLab/data/ModelNet10_PLY/bathtub/test/bathtub_0151.ply,0,0,bathtub,bathtub,0.993403971195221
plus_occlusion,0,45,/home/nochi/NOCHI/M2_PAR/Apprenyissage_Pointcloud/Pointclouds-classification-with-the-POINTNET-Neural-network/PointNetLab/data/ModelNet10_PLY/bathtub/test/bathtub_0152.ply,0,0,bathtub,bathtub,0.8538184762001038
plus_occlusion,0,46,/home/nochi/NOCHI/M2_PAR/Apprenyissage_Pointcloud/Pointclouds-classification-with-the-POINTNET-Neural-network/PointNetLab/data/ModelNet10_PLY/bathtub/test/bathtub_0153.ply,0,5,bathtub,monitor,0.5437700152397156
plus_occlusion,0,47,/home/nochi/NOCHI/M2_PAR/Apprenyissage_Pointcloud/Pointclouds-classification-with-the-POINTNET-Neural-network/PointNetLab/data/ModelNet10_PLY/bathtub/test/bathtub_0154.ply,0,0,bathtub,bathtub,0.9990050196647644
plus_occlusion,0,48,/home/nochi/NOCHI/M2_PAR/Apprenyissage_Pointcloud/Pointclouds-classification-with-the-POINTNET-Neural-network/PointNetLab/data/ModelNet10_PLY/bathtub/test/bathtub_0155.ply,0,0,bathtub,bathtub,0.9998918175697327
plus_occlusion,0,49,/home/nochi/NOCHI/M2_PAR/Apprenyissage_Pointcloud/Pointclouds-classification-with-the-POINTNET-Neural-network/PointNetLab/data/ModelNet10_PLY/bathtub/test/bathtub_0156.ply,0,0,bathtub,bathtub,0.9982391595840454
plus_occlusion,0,50,/home/nochi/NOCHI/M2_PAR/Apprenyissage_Pointcloud/Pointclouds-classification-with-the-POINTNET-Neural-network/PointNetLab/data/ModelNet10_PLY/bed/test/bed_0516.ply,1,1,bed,bed,0.9877130389213562
plus_occlusion,0,51,/home/nochi/NOCHI/M2_PAR/Apprenyissage_Pointcloud/Pointclouds-classification-with-the-POINTNET-Neural-network/PointNetLab/data/ModelNet10_PLY/bed/test/bed_0517.ply,1,1,bed,bed,0.9995026588439941
plus_occlusion,0,52,/home/nochi/NOCHI/M2_PAR/Apprenyissage_Pointcloud/Pointclouds-classification-with-the-POINTNET-Neural-network/PointNetLab/data/ModelNet10_PLY/bed/test/bed_0518.ply,1,7,bed,sofa,0.6384089589118958
plus_occlusion,0,53,/home/nochi/NOCHI/M2_PAR/Apprenyissage_Pointcloud/Pointclouds-classification-with-the-POINTNET-Neural-network/PointNetLab/data/ModelNet10_PLY/bed/test/bed_0519.ply,1,2,bed,chair,0.5952356457710266
plus_occlusion,0,54,/home/nochi/NOCHI/M2_PAR/Apprenyissage_Pointcloud/Pointclouds-classification-with-the-POINTNET-Neural-network/PointNetLab/data/ModelNet10_PLY/bed/test/bed_0520.ply,1,1,bed,bed,0.9852171540260315
plus_occlusion,0,55,/home/nochi/NOCHI/M2_PAR/Apprenyissage_Pointcloud/Pointclouds-classification-with-the-POINTNET-Neural-network/PointNetLab/data/ModelNet10_PLY/bed/test/bed_0521.ply,1,1,bed,bed,0.9998790621757507
plus_occlusion,0,56,/home/nochi/NOCHI/M2_PAR/Apprenyissage_Pointcloud/Pointclouds-classification-with-the-POINTNET-Neural-network/PointNetLab/data/ModelNet10_PLY/bed/test/bed_0522.ply,1,1,bed,bed,0.9973078966140747
plus_occlusion,0,57,/home/nochi/NOCHI/M2_PAR/Apprenyissage_Pointcloud/Pointclouds-classification-with-the-POINTNET-Neural-network/PointNetLab/data/ModelNet10_PLY/bed/test/bed_0523.ply,1,1,bed,bed,0.9996815323829651
plus_occlusion,0,58,/home/nochi/NOCHI/M2_PAR/Apprenyissage_Pointcloud/Pointclouds-classification-with-the-POINTNET-Neural-network/PointNetLab/data/ModelNet10_PLY/bed/test/bed_0524.ply,1,1,bed,bed,0.9993277192115784
plus_occlusion,0,59,/home/nochi/NOCHI/M2_PAR/Apprenyissage_Pointcloud/Pointclouds-classification-with-the-POINTNET-Neural-network/PointNetLab/data/ModelNet10_PLY/bed/test/bed_0525.ply,1,1,bed,bed,0.9990158081054688
plus_occlusion,0,60,/home/nochi/NOCHI/M2_PAR/Apprenyissage_Pointcloud/Pointclouds-classification-with-the-POINTNET-Neural-network/PointNetLab/data/ModelNet10_PLY/bed/test/bed_0526.ply,1,1,bed,bed,0.999476969242096
plus_occlusion,0,61,/home/nochi/NOCHI/M2_PAR/Apprenyissage_Pointcloud/Pointclouds-classification-with-the-POINTNET-Neural-network/PointNetLab/data/ModelNet10_PLY/bed/test/bed_0527.ply,1,1,bed,bed,0.9251676797866821
plus_occlusion,0,62,/home/nochi/NOCHI/M2_PAR/Apprenyissage_Pointcloud/Pointclouds-classification-with-the-POINTNET-Neural-network/PointNetLab/data/ModelNet10_PLY/bed/test/bed_0528.ply,1,1,bed,bed,0.9994064569473267
plus_occlusion,0,63,/home/nochi/NOCHI/M2_PAR/Apprenyissage_Pointcloud/Pointclouds-classification-with-the-POINTNET-Neural-network/PointNetLab/data/ModelNet10_PLY/bed/test/bed_0529.ply,1,1,bed,bed,0.8680498600006104
plus_occlusion,0,64,/home/nochi/NOCHI/M2_PAR/Apprenyissage_Pointcloud/Pointclouds-classification-with-the-POINTNET-Neural-network/PointNetLab/data/ModelNet10_PLY/bed/test/bed_0530.ply,1,1,bed,bed,0.9986488223075867
plus_occlusion,0,65,/home/nochi/NOCHI/M2_PAR/Apprenyissage_Pointcloud/Pointclouds-classification-with-the-POINTNET-Neural-network/PointNetLab/data/ModelNet10_PLY/bed/test/bed_0531.ply,1,1,bed,bed,0.9988349080085754
plus_occlusion,0,66,/home/nochi/NOCHI/M2_PAR/Apprenyissage_Pointcloud/Pointclouds-classification-with-the-POINTNET-Neural-network/PointNetLab/data/ModelNet10_PLY/bed/test/bed_0532.ply,1,1,bed,bed,0.9986701011657715
plus_occlusion,0,67,/home/nochi/NOCHI/M2_PAR/Apprenyissage_Pointcloud/Pointclouds-classification-with-the-POINTNET-Neural-network/PointNetLab/data/ModelNet10_PLY/bed/test/bed_0533.ply,1,1,bed,bed,0.9962460398674011
plus_occlusion,0,68,/home/nochi/NOCHI/M2_PAR/Apprenyissage_Pointcloud/Pointclouds-classification-with-the-POINTNET-Neural-network/PointNetLab/data/ModelNet10_PLY/bed/test/bed_0534.ply,1,1,bed,bed,0.7367547154426575
plus_occlusion,0,69,/home/nochi/NOCHI/M2_PAR/Apprenyissage_Pointcloud/Pointclouds-classification-with-the-POINTNET-Neural-network/PointNetLab/data/ModelNet10_PLY/bed/test/bed_0535.ply,1,1,bed,bed,0.9997755289077759
plus_occlusion,0,70,/home/nochi/NOCHI/M2_PAR/Apprenyissage_Pointcloud/Pointclouds-classification-with-the-POINTNET-Neural-network/PointNetLab/data/ModelNet10_PLY/bed/test/bed_0536.ply,1,1,bed,bed,0.9987223148345947
plus_occlusion,0,71,/home/nochi/NOCHI/M2_PAR/Apprenyissage_Pointcloud/Pointclouds-classification-with-the-POINTNET-Neural-network/PointNetLab/data/ModelNet10_PLY/bed/test/bed_0537.ply,1,1,bed,bed,0.9518691301345825
plus_occlusion,0,72,/home/nochi/NOCHI/M2_PAR/Apprenyissage_Pointcloud/Pointclouds-classification-with-the-POINTNET-Neural-network/PointNetLab/data/ModelNet10_PLY/bed/test/bed_0538.ply,1,1,bed,bed,0.9997493028640747
plus_occlusion,0,73,/home/nochi/NOCHI/M2_PAR/Apprenyissage_Pointcloud/Pointclouds-classification-with-the-POINTNET-Neural-network/PointNetLab/data/ModelNet10_PLY/bed/test/bed_0539.ply,1,1,bed,bed,0.9996817111968994
plus_occlusion,0,74,/home/nochi/NOCHI/M2_PAR/Apprenyissage_Pointcloud/Pointclouds-classification-with-the-POINTNET-Neural-network/PointNetLab/data/ModelNet10_PLY/bed/test/bed_0540.ply,1,1,bed,bed,0.999686598777771
plus_occlusion,0,75,/home/nochi/NOCHI/M2_PAR/Apprenyissage_Pointcloud/Pointclouds-classification-with-the-POINTNET-Neural-network/PointNetLab/data/ModelNet10_PLY/bed/test/bed_0541.ply,1,1,bed,bed,0.9999433755874634
plus_occlusion,0,76,/home/nochi/NOCHI/M2_PAR/Apprenyissage_Pointcloud/Pointclouds-classification-with-the-POINTNET-Neural-network/PointNetLab/data/ModelNet10_PLY/bed/test/bed_0542.ply,1,3,bed,desk,0.4074874818325043
plus_occlusion,0,77,/home/nochi/NOCHI/M2_PAR/Apprenyissage_Pointcloud/Pointclouds-classification-with-the-POINTNET-Neural-network/PointNetLab/data/ModelNet10_PLY/bed/test/bed_0543.ply,1,1,bed,bed,0.7562651634216309
plus_occlusion,0,78,/home/nochi/NOCHI/M2_PAR/Apprenyissage_Pointcloud/Pointclouds-classification-with-the-POINTNET-Neural-network/PointNetLab/data/ModelNet10_PLY/bed/test/bed_0544.ply,1,1,bed,bed,0.953669548034668
plus_occlusion,0,79,/home/nochi/NOCHI/M2_PAR/Apprenyissage_Pointcloud/Pointclouds-classification-with-the-POINTNET-Neural-network/PointNetLab/data/ModelNet10_PLY/bed/test/bed_0545.ply,1,1,bed,bed,0.9947308897972107
plus_occlusion,0,80,/home/nochi/NOCHI/M2_PAR/Apprenyissage_Pointcloud/Pointclouds-classification-with-the-POINTNET-Neural-network/PointNetLab/data/ModelNet10_PLY/bed/test/bed_0546.ply,1,1,bed,bed,0.9979565739631653
plus_occlusion,0,81,/home/nochi/NOCHI/M2_PAR/Apprenyissage_Pointcloud/Pointclouds-classification-with-the-POINTNET-Neural-network/PointNetLab/data/ModelNet10_PLY/bed/test/bed_0547.ply,1,1,bed,bed,0.9959036707878113
plus_occlusion,0,82,/home/nochi/NOCHI/M2_PAR/Apprenyissage_Pointcloud/Pointclouds-classification-with-the-POINTNET-Neural-network/PointNetLab/data/ModelNet10_PLY/bed/test/bed_0548.ply,1,1,bed,bed,0.9998672604560852
plus_occlusion,0,83,/home/nochi/NOCHI/M2_PAR/Apprenyissage_Pointcloud/Pointclouds-classification-with-the-POINTNET-Neural-network/PointNetLab/data/ModelNet10_PLY/bed/test/bed_0549.ply,1,1,bed,bed,0.9997119307518005
plus_occlusion,0,84,/home/nochi/NOCHI/M2_PAR/Apprenyissage_Pointcloud/Pointclouds-classification-with-the-POINTNET-Neural-network/PointNetLab/data/ModelNet10_PLY/bed/test/bed_0550.ply,1,1,bed,bed,0.9987466931343079
plus_occlusion,0,85,/home/nochi/NOCHI/M2_PAR/Apprenyissage_Pointcloud/Pointclouds-classification-with-the-POINTNET-Neural-network/PointNetLab/data/ModelNet10_PLY/bed/test/bed_0551.ply,1,1,bed,bed,0.9996005892753601
plus_occlusion,0,86,/home/nochi/NOCHI/M2_PAR/Apprenyissage_Pointcloud/Pointclouds-classification-with-the-POINTNET-Neural-network/PointNetLab/data/ModelNet10_PLY/bed/test/bed_0552.ply,1,1,bed,bed,0.9996424913406372
plus_occlusion,0,87,/home/nochi/NOCHI/M2_PAR/Apprenyissage_Pointcloud/Pointclouds-classification-with-the-POINTNET-Neural-network/PointNetLab/data/ModelNet10_PLY/bed/test/bed_0553.ply,1,1,bed,bed,0.9992125630378723
plus_occlusion,0,88,/home/nochi/NOCHI/M2_PAR/Apprenyissage_Pointcloud/Pointclouds-classification-with-the-POINTNET-Neural-network/PointNetLab/data/ModelNet10_PLY/bed/test/bed_0554.ply,1,1,bed,bed,0.999652087688446
plus_occlusion,0,89,/home/nochi/NOCHI/M2_PAR/Apprenyissage_Pointcloud/Pointclouds-classification-with-the-POINTNET-Neural-network/PointNetLab/data/ModelNet10_PLY/bed/test/bed_0555.ply,1,1,bed,bed,0.998728334903717
plus_occlusion,0,90,/home/nochi/NOCHI/M2_PAR/Apprenyissage_Pointcloud/Pointclouds-classification-with-the-POINTNET-Neural-network/PointNetLab/data/ModelNet10_PLY/bed/test/bed_0556.ply,1,1,bed,bed,0.9996671080589294
plus_occlusion,0,91,/home/nochi/NOCHI/M2_PAR/Apprenyissage_Pointcloud/Pointclouds-classification-with-the-POINTNET-Neural-network/PointNetLab/data/ModelNet10_PLY/bed/test/bed_0557.ply,1,1,bed,bed,0.5006088614463806
plus_occlusion,0,92,/home/nochi/NOCHI/M2_PAR/Apprenyissage_Pointcloud/Pointclouds-classification-with-the-POINTNET-Neural-network/PointNetLab/data/ModelNet10_PLY/bed/test/bed_0558.ply,1,1,bed,bed,0.9999488592147827
plus_occlusion,0,93,/home/nochi/NOCHI/M2_PAR/Apprenyissage_Pointcloud/Pointclouds-classification-with-the-POINTNET-Neural-network/PointNetLab/data/ModelNet10_PLY/bed/test/bed_0559.ply,1,1,bed,bed,0.9579746723175049
plus_occlusion,0,94,/home/nochi/NOCHI/M2_PAR/Apprenyissage_Pointcloud/Pointclouds-classification-with-the-POINTNET-Neural-network/PointNetLab/data/ModelNet10_PLY/bed/test/bed_0560.ply,1,1,bed,bed,0.9845379590988159
plus_occlusion,0,95,/home/nochi/NOCHI/M2_PAR/Apprenyissage_Pointcloud/Pointclouds-classification-with-the-POINTNET-Neural-network/PointNetLab/data/ModelNet10_PLY/bed/test/bed_0561.ply,1,1,bed,bed,0.9997584819793701
plus_occlusion,0,96,/home/nochi/NOCHI/M2_PAR/Apprenyissage_Pointcloud/Pointclouds-classification-with-the-POINTNET-Neural-network/PointNetLab/data/ModelNet10_PLY/bed/test/bed_0562.ply,1,1,bed,bed,0.9358519315719604
plus_occlusion,0,97,/home/nochi/NOCHI/M2_PAR/Apprenyissage_Pointcloud/Pointclouds-classification-with-the-POINTNET-Neural-network/PointNetLab/data/ModelNet10_PLY/bed/test/bed_0563.ply,1,1,bed,bed,0.9954688549041748
plus_occlusion,0,98,/home/nochi/NOCHI/M2_PAR/Apprenyissage_Pointcloud/Pointclouds-classification-with-the-POINTNET-Neural-network/PointNetLab/data/ModelNet10_PLY/bed/test/bed_0564.ply,1,1,bed,bed,0.8363099694252014
plus_occlusion,0,99,/home/nochi/NOCHI/M2_PAR/Apprenyissage_Pointcloud/Pointclouds-classification-with-the-POINTNET-Neural-network/PointNetLab/data/ModelNet10_PLY/bed/test/bed_0565.ply,1,1,bed,bed,0.999764621257782
plus_occlusion,0,100,/home/nochi/NOCHI/M2_PAR/Apprenyissage_Pointcloud/Pointclouds-classification-with-the-POINTNET-Neural-network/PointNetLab/data/ModelNet10_PLY/bed/test/bed_0566.ply,1,1,bed,bed,0.8871930837631226
plus_occlusion,0,101,/home/nochi/NOCHI/M2_PAR/Apprenyissage_Pointcloud/Pointclouds-classification-with-the-POINTNET-Neural-network/PointNetLab/data/ModelNet10_PLY/bed/test/bed_0567.ply,1,1,bed,bed,0.9951733946800232
plus_occlusion,0,102,/home/nochi/NOCHI/M2_PAR/Apprenyissage_Pointcloud/Pointclouds-classification-with-the-POINTNET-Neural-network/PointNetLab/data/ModelNet10_PLY/bed/test/bed_0568.ply,1,1,bed,bed,0.9989381432533264
plus_occlusion,0,103,/home/nochi/NOCHI/M2_PAR/Apprenyissage_Pointcloud/Pointclouds-classification-with-the-POINTNET-Neural-network/PointNetLab/data/ModelNet10_PLY/bed/test/bed_0569.ply,1,1,bed,bed,0.9358896017074585
plus_occlusion,0,104,/home/nochi/NOCHI/M2_PAR/Apprenyissage_Pointcloud/Pointclouds-classification-with-the-POINTNET-Neural-network/PointNetLab/data/ModelNet10_PLY/bed/test/bed_0570.ply,1,1,bed,bed,0.99678635597229
plus_occlusion,0,105,/home/nochi/NOCHI/M2_PAR/Apprenyissage_Pointcloud/Pointclouds-classification-with-the-POINTNET-Neural-network/PointNetLab/data/ModelNet10_PLY/bed/test/bed_0571.ply,1,1,bed,bed,0.9918397068977356
plus_occlusion,0,106,/home/nochi/NOCHI/M2_PAR/Apprenyissage_Pointcloud/Pointclouds-classification-with-the-POINTNET-Neural-network/PointNetLab/data/ModelNet10_PLY/bed/test/bed_0572.ply,1,1,bed,bed,0.8230375051498413
plus_occlusion,0,107,/home/nochi/NOCHI/M2_PAR/Apprenyissage_Pointcloud/Pointclouds-classification-with-the-POINTNET-Neural-network/PointNetLab/data/ModelNet10_PLY/bed/test/bed_0573.ply,1,1,bed,bed,0.9994163513183594
plus_occlusion,0,108,/home/nochi/NOCHI/M2_PAR/Apprenyissage_Pointcloud/Pointclouds-classification-with-the-POINTNET-Neural-network/PointNetLab/data/ModelNet10_PLY/bed/test/bed_0574.ply,1,1,bed,bed,0.9990344643592834
plus_occlusion,0,109,/home/nochi/NOCHI/M2_PAR/Apprenyissage_Pointcloud/Pointclouds-classification-with-the-POINTNET-Neural-network/PointNetLab/data/ModelNet10_PLY/bed/test/bed_0575.ply,1,1,bed,bed,0.9998236894607544
plus_occlusion,0,110,/home/nochi/NOCHI/M2_PAR/Apprenyissage_Pointcloud/Pointclouds-classification-with-the-POINTNET-Neural-network/PointNetLab/data/ModelNet10_PLY/bed/test/bed_0576.ply,1,1,bed,bed,0.9857316613197327
plus_occlusion,0,111,/home/nochi/NOCHI/M2_PAR/Apprenyissage_Pointcloud/Pointclouds-classification-with-the-POINTNET-Neural-network/PointNetLab/data/ModelNet10_PLY/bed/test/bed_0577.ply,1,1,bed,bed,0.9972009658813477
plus_occlusion,0,112,/home/nochi/NOCHI/M2_PAR/Apprenyissage_Pointcloud/Pointclouds-classification-with-the-POINTNET-Neural-network/PointNetLab/data/ModelNet10_PLY/bed/test/bed_0578.ply,1,1,bed,bed,0.9988448023796082
plus_occlusion,0,113,/home/nochi/NOCHI/M2_PAR/Apprenyissage_Pointcloud/Pointclouds-classification-with-the-POINTNET-Neural-network/PointNetLab/data/ModelNet10_PLY/bed/test/bed_0579.ply,1,1,bed,bed,0.9995752573013306
plus_occlusion,0,114,/home/nochi/NOCHI/M2_PAR/Apprenyissage_Pointcloud/Pointclouds-classification-with-the-POINTNET-Neural-network/PointNetLab/data/ModelNet10_PLY/bed/test/bed_0580.ply,1,1,bed,bed,0.9989790916442871
plus_occlusion,0,115,/home/nochi/NOCHI/M2_PAR/Apprenyissage_Pointcloud/Pointclouds-classification-with-the-POINTNET-Neural-network/PointNetLab/data/ModelNet10_PLY/bed/test/bed_0581.ply,1,1,bed,bed,0.990944504737854
plus_occlusion,0,116,/home/nochi/NOCHI/M2_PAR/Apprenyissage_Pointcloud/Pointclouds-classification-with-the-POINTNET-Neural-network/PointNetLab/data/ModelNet10_PLY/bed/test/bed_0582.ply,1,1,bed,bed,0.9956399202346802
plus_occlusion,0,117,/home/nochi/NOCHI/M2_PAR/Apprenyissage_Pointcloud/Pointclouds-classification-with-the-POINTNET-Neural-network/PointNetLab/data/ModelNet10_PLY/bed/test/bed_0583.ply,1,1,bed,bed,0.9879108667373657
plus_occlusion,0,118,/home/nochi/NOCHI/M2_PAR/Apprenyissage_Pointcloud/Pointclouds-classification-with-the-POINTNET-Neural-network/PointNetLab/data/ModelNet10_PLY/bed/test/bed_0584.ply,1,1,bed,bed,0.9995690584182739
plus_occlusion,0,119,/home/nochi/NOCHI/M2_PAR/Apprenyissage_Pointcloud/Pointclouds-classification-with-the-POINTNET-Neural-network/PointNetLab/data/ModelNet10_PLY/bed/test/bed_0585.ply,1,1,bed,bed,0.9987025260925293
plus_occlusion,0,120,/home/nochi/NOCHI/M2_PAR/Apprenyissage_Pointcloud/Pointclouds-classification-with-the-POINTNET-Neural-network/PointNetLab/data/ModelNet10_PLY/bed/test/bed_0586.ply,1,1,bed,bed,0.9994362592697144
plus_occlusion,0,121,/home/nochi/NOCHI/M2_PAR/Apprenyissage_Pointcloud/Pointclouds-classification-with-the-POINTNET-Neural-network/PointNetLab/data/ModelNet10_PLY/bed/test/bed_0587.ply,1,1,bed,bed,0.9991999864578247
plus_occlusion,0,122,/home/nochi/NOCHI/M2_PAR/Apprenyissage_Pointcloud/Pointclouds-classification-with-the-POINTNET-Neural-network/PointNetLab/data/ModelNet10_PLY/bed/test/bed_0588.ply,1,1,bed,bed,0.9847219586372375
plus_occlusion,0,123,/home/nochi/NOCHI/M2_PAR/Apprenyissage_Pointcloud/Pointclouds-classification-with-the-POINTNET-Neural-network/PointNetLab/data/ModelNet10_PLY/bed/test/bed_0589.ply,1,1,bed,bed,0.9998238682746887
plus_occlusion,0,124,/home/nochi/NOCHI/M2_PAR/Apprenyissage_Pointcloud/Pointclouds-classification-with-the-POINTNET-Neural-network/PointNetLab/data/ModelNet10_PLY/bed/test/bed_0590.ply,1,1,bed,bed,0.767227828502655
plus_occlusion,0,125,/home/nochi/NOCHI/M2_PAR/Apprenyissage_Pointcloud/Pointclouds-classification-with-the-POINTNET-Neural-network/PointNetLab/data/ModelNet10_PLY/bed/test/bed_0591.ply,1,1,bed,bed,0.9978437423706055
plus_occlusion,0,126,/home/nochi/NOCHI/M2_PAR/Apprenyissage_Pointcloud/Pointclouds-classification-with-the-POINTNET-Neural-network/PointNetLab/data/ModelNet10_PLY/bed/test/bed_0592.ply,1,1,bed,bed,0.9991034865379333
plus_occlusion,0,127,/home/nochi/NOCHI/M2_PAR/Apprenyissage_Pointcloud/Pointclouds-classification-with-the-POINTNET-Neural-network/PointNetLab/data/ModelNet10_PLY/bed/test/bed_0593.ply,1,1,bed,bed,0.9998980760574341
plus_occlusion,0,128,/home/nochi/NOCHI/M2_PAR/Apprenyissage_Pointcloud/Pointclouds-classification-with-the-POINTNET-Neural-network/PointNetLab/data/ModelNet10_PLY/bed/test/bed_0594.ply,1,1,bed,bed,0.9952887296676636
plus_occlusion,0,129,/home/nochi/NOCHI/M2_PAR/Apprenyissage_Pointcloud/Pointclouds-classification-with-the-POINTNET-Neural-network/PointNetLab/data/ModelNet10_PLY/bed/test/bed_0595.ply,1,1,bed,bed,0.9283284544944763
plus_occlusion,0,130,/home/nochi/NOCHI/M2_PAR/Apprenyissage_Pointcloud/Pointclouds-classification-with-the-POINTNET-Neural-network/PointNetLab/data/ModelNet10_PLY/bed/test/bed_0596.ply,1,1,bed,bed,0.9981101751327515
plus_occlusion,0,131,/home/nochi/NOCHI/M2_PAR/Apprenyissage_Pointcloud/Pointclouds-classification-with-the-POINTNET-Neural-network/PointNetLab/data/ModelNet10_PLY/bed/test/bed_0597.ply,1,1,bed,bed,0.999403715133667
plus_occlusion,0,132,/home/nochi/NOCHI/M2_PAR/Apprenyissage_Pointcloud/Pointclouds-classification-with-the-POINTNET-Neural-network/PointNetLab/data/ModelNet10_PLY/bed/test/bed_0598.ply,1,1,bed,bed,0.9667582511901855
plus_occlusion,0,133,/home/nochi/NOCHI/M2_PAR/Apprenyissage_Pointcloud/Pointclouds-classification-with-the-POINTNET-Neural-network/PointNetLab/data/ModelNet10_PLY/bed/test/bed_0599.ply,1,1,bed,bed,0.982953667640686
plus_occlusion,0,134,/home/nochi/NOCHI/M2_PAR/Apprenyissage_Pointcloud/Pointclouds-classification-with-the-POINTNET-Neural-network/PointNetLab/data/ModelNet10_PLY/bed/test/bed_0600.ply,1,1,bed,bed,0.9990705847740173
plus_occlusion,0,135,/home/nochi/NOCHI/M2_PAR/Apprenyissage_Pointcloud/Pointclouds-classification-with-the-POINTNET-Neural-network/PointNetLab/data/ModelNet10_PLY/bed/test/bed_0601.ply,1,1,bed,bed,0.9998984932899475
plus_occlusion,0,136,/home/nochi/NOCHI/M2_PAR/Apprenyissage_Pointcloud/Pointclouds-classification-with-the-POINTNET-Neural-network/PointNetLab/data/ModelNet10_PLY/bed/test/bed_0602.ply,1,1,bed,bed,0.999926745891571
plus_occlusion,0,137,/home/nochi/NOCHI/M2_PAR/Apprenyissage_Pointcloud/Pointclouds-classification-with-the-POINTNET-Neural-network/PointNetLab/data/ModelNet10_PLY/bed/test/bed_0603.ply,1,1,bed,bed,0.9997311234474182
plus_occlusion,0,138,/home/nochi/NOCHI/M2_PAR/Apprenyissage_Pointcloud/Pointclouds-classification-with-the-POINTNET-Neural-network/PointNetLab/data/ModelNet10_PLY/bed/test/bed_0604.ply,1,8,bed,table,0.884633481502533
plus_occlusion,0,139,/home/nochi/NOCHI/M2_PAR/Apprenyissage_Pointcloud/Pointclouds-classification-with-the-POINTNET-Neural-network/PointNetLab/data/ModelNet10_PLY/bed/test/bed_0605.ply,1,1,bed,bed,0.9992610216140747
plus_occlusion,0,140,/home/nochi/NOCHI/M2_PAR/Apprenyissage_Pointcloud/Pointclouds-classification-with-the-POINTNET-Neural-network/PointNetLab/data/ModelNet10_PLY/bed/test/bed_0606.ply,1,1,bed,bed,0.6665769815444946
plus_occlusion,0,141,/home/nochi/NOCHI/M2_PAR/Apprenyissage_Pointcloud/Pointclouds-classification-with-the-POINTNET-Neural-network/PointNetLab/data/ModelNet10_PLY/bed/test/bed_0607.ply,1,1,bed,bed,0.9878943562507629
plus_occlusion,0,142,/home/nochi/NOCHI/M2_PAR/Apprenyissage_Pointcloud/Pointclouds-classification-with-the-POINTNET-Neural-network/PointNetLab/data/ModelNet10_PLY/bed/test/bed_0608.ply,1,1,bed,bed,0.997936487197876
plus_occlusion,0,143,/home/nochi/NOCHI/M2_PAR/Apprenyissage_Pointcloud/Pointclouds-classification-with-the-POINTNET-Neural-network/PointNetLab/data/ModelNet10_PLY/bed/test/bed_0609.ply,1,1,bed,bed,0.9997223615646362
plus_occlusion,0,144,/home/nochi/NOCHI/M2_PAR/Apprenyissage_Pointcloud/Pointclouds-classification-with-the-POINTNET-Neural-network/PointNetLab/data/ModelNet10_PLY/bed/test/bed_0610.ply,1,1,bed,bed,0.9997686743736267
plus_occlusion,0,145,/home/nochi/NOCHI/M2_PAR/Apprenyissage_Pointcloud/Pointclouds-classification-with-the-POINTNET-Neural-network/PointNetLab/data/ModelNet10_PLY/bed/test/bed_0611.ply,1,1,bed,bed,0.991551399230957
plus_occlusion,0,146,/home/nochi/NOCHI/M2_PAR/Apprenyissage_Pointcloud/Pointclouds-classification-with-the-POINTNET-Neural-network/PointNetLab/data/ModelNet10_PLY/bed/test/bed_0612.ply,1,1,bed,bed,0.9705640077590942
plus_occlusion,0,147,/home/nochi/NOCHI/M2_PAR/Apprenyissage_Pointcloud/Pointclouds-classification-with-the-POINTNET-Neural-network/PointNetLab/data/ModelNet10_PLY/bed/test/bed_0613.ply,1,1,bed,bed,0.9997568726539612
plus_occlusion,0,148,/home/nochi/NOCHI/M2_PAR/Apprenyissage_Pointcloud/Pointclouds-classification-with-the-POINTNET-Neural-network/PointNetLab/data/ModelNet10_PLY/bed/test/bed_0614.ply,1,1,bed,bed,0.9279918670654297
plus_occlusion,0,149,/home/nochi/NOCHI/M2_PAR/Apprenyissage_Pointcloud/Pointclouds-classification-with-the-POINTNET-Neural-network/PointNetLab/data/ModelNet10_PLY/bed/test/bed_0615.ply,1,1,bed,bed,0.9921689629554749
plus_occlusion,0,150,/home/nochi/NOCHI/M2_PAR/Apprenyissage_Pointcloud/Pointclouds-classification-with-the-POINTNET-Neural-network/PointNetLab/data/ModelNet10_PLY/chair/test/chair_0890.ply,2,2,chair,chair,0.9996851682662964
plus_occlusion,0,151,/home/nochi/NOCHI/M2_PAR/Apprenyissage_Pointcloud/Pointclouds-classification-with-the-POINTNET-Neural-network/PointNetLab/data/ModelNet10_PLY/chair/test/chair_0891.ply,2,2,chair,chair,0.9993631839752197
plus_occlusion,0,152,/home/nochi/NOCHI/M2_PAR/Apprenyissage_Pointcloud/Pointclouds-classification-with-the-POINTNET-Neural-network/PointNetLab/data/ModelNet10_PLY/chair/test/chair_0892.ply,2,2,chair,chair,0.9947754144668579
plus_occlusion,0,153,/home/nochi/NOCHI/M2_PAR/Apprenyissage_Pointcloud/Pointclouds-classification-with-the-POINTNET-Neural-network/PointNetLab/data/ModelNet10_PLY/chair/test/chair_0893.ply,2,2,chair,chair,0.9999336004257202
plus_occlusion,0,154,/home/nochi/NOCHI/M2_PAR/Apprenyissage_Pointcloud/Pointclouds-classification-with-the-POINTNET-Neural-network/PointNetLab/data/ModelNet10_PLY/chair/test/chair_0894.ply,2,2,chair,chair,0.9996801614761353
plus_occlusion,0,155,/home/nochi/NOCHI/M2_PAR/Apprenyissage_Pointcloud/Pointclouds-classification-with-the-POINTNET-Neural-network/PointNetLab/data/ModelNet10_PLY/chair/test/chair_0895.ply,2,2,chair,chair,0.9999092817306519
plus_occlusion,0,156,/home/nochi/NOCHI/M2_PAR/Apprenyissage_Pointcloud/Pointclouds-classification-with-the-POINTNET-Neural-network/PointNetLab/data/ModelNet10_PLY/chair/test/chair_0896.ply,2,2,chair,chair,0.9978893399238586
plus_occlusion,0,157,/home/nochi/NOCHI/M2_PAR/Apprenyissage_Pointcloud/Pointclouds-classification-with-the-POINTNET-Neural-network/PointNetLab/data/ModelNet10_PLY/chair/test/chair_0897.ply,2,2,chair,chair,0.9950404763221741
plus_occlusion,0,158,/home/nochi/NOCHI/M2_PAR/Apprenyissage_Pointcloud/Pointclouds-classification-with-the-POINTNET-Neural-network/PointNetLab/data/ModelNet10_PLY/chair/test/chair_0898.ply,2,2,chair,chair,0.9996194243431091
plus_occlusion,0,159,/home/nochi/NOCHI/M2_PAR/Apprenyissage_Pointcloud/Pointclouds-classification-with-the-POINTNET-Neural-network/PointNetLab/data/ModelNet10_PLY/chair/test/chair_0899.ply,2,2,chair,chair,0.9998107552528381
plus_occlusion,0,160,/home/nochi/NOCHI/M2_PAR/Apprenyissage_Pointcloud/Pointclouds-classification-with-the-POINTNET-Neural-network/PointNetLab/data/ModelNet10_PLY/chair/test/chair_0900.ply,2,2,chair,chair,0.9970784187316895
plus_occlusion,0,161,/home/nochi/NOCHI/M2_PAR/Apprenyissage_Pointcloud/Pointclouds-classification-with-the-POINTNET-Neural-network/PointNetLab/data/ModelNet10_PLY/chair/test/chair_0901.ply,2,2,chair,chair,0.9998807311058044
plus_occlusion,0,162,/home/nochi/NOCHI/M2_PAR/Apprenyissage_Pointcloud/Pointclouds-classification-with-the-POINTNET-Neural-network/PointNetLab/data/ModelNet10_PLY/chair/test/chair_0902.ply,2,2,chair,chair,0.9999634027481079
plus_occlusion,0,163,/home/nochi/NOCHI/M2_PAR/Apprenyissage_Pointcloud/Pointclouds-classification-with-the-POINTNET-Neural-network/PointNetLab/data/ModelNet10_PLY/chair/test/chair_0903.ply,2,2,chair,chair,0.9330403804779053
plus_occlusion,0,164,/home/nochi/NOCHI/M2_PAR/Apprenyissage_Pointcloud/Pointclouds-classification-with-the-POINTNET-Neural-network/PointNetLab/data/ModelNet10_PLY/chair/test/chair_0904.ply,2,2,chair,chair,0.9988300204277039
plus_occlusion,0,165,/home/nochi/NOCHI/M2_PAR/Apprenyissage_Pointcloud/Pointclouds-classification-with-the-POINTNET-Neural-network/PointNetLab/data/ModelNet10_PLY/chair/test/chair_0905.ply,2,2,chair,chair,0.9987620115280151
plus_occlusion,0,166,/home/nochi/NOCHI/M2_PAR/Apprenyissage_Pointcloud/Pointclouds-classification-with-the-POINTNET-Neural-network/PointNetLab/data/ModelNet10_PLY/chair/test/chair_0906.ply,2,2,chair,chair,0.9919254779815674
plus_occlusion,0,167,/home/nochi/NOCHI/M2_PAR/Apprenyissage_Pointcloud/Pointclouds-classification-with-the-POINTNET-Neural-network/PointNetLab/data/ModelNet10_PLY/chair/test/chair_0907.ply,2,2,chair,chair,0.969379723072052
plus_occlusion,0,168,/home/nochi/NOCHI/M2_PAR/Apprenyissage_Pointcloud/Pointclouds-classification-with-the-POINTNET-Neural-network/PointNetLab/data/ModelNet10_PLY/chair/test/chair_0908.ply,2,2,chair,chair,0.9997104406356812
plus_occlusion,0,169,/home/nochi/NOCHI/M2_PAR/Apprenyissage_Pointcloud/Pointclouds-classification-with-the-POINTNET-Neural-network/PointNetLab/data/ModelNet10_PLY/chair/test/chair_0909.ply,2,2,chair,chair,0.9993409514427185
plus_occlusion,0,170,/home/nochi/NOCHI/M2_PAR/Apprenyissage_Pointcloud/Pointclouds-classification-with-the-POINTNET-Neural-network/PointNetLab/data/ModelNet10_PLY/chair/test/chair_0910.ply,2,2,chair,chair,0.999721109867096
plus_occlusion,0,171,/home/nochi/NOCHI/M2_PAR/Apprenyissage_Pointcloud/Pointclouds-classification-with-the-POINTNET-Neural-network/PointNetLab/data/ModelNet10_PLY/chair/test/chair_0911.ply,2,2,chair,chair,0.9999321699142456
plus_occlusion,0,172,/home/nochi/NOCHI/M2_PAR/Apprenyissage_Pointcloud/Pointclouds-classification-with-the-POINTNET-Neural-network/PointNetLab/data/ModelNet10_PLY/chair/test/chair_0912.ply,2,2,chair,chair,0.9999068379402161
plus_occlusion,0,173,/home/nochi/NOCHI/M2_PAR/Apprenyissage_Pointcloud/Pointclouds-classification-with-the-POINTNET-Neural-network/PointNetLab/data/ModelNet10_PLY/chair/test/chair_0913.ply,2,2,chair,chair,0.9713388681411743
plus_occlusion,0,174,/home/nochi/NOCHI/M2_PAR/Apprenyissage_Pointcloud/Pointclouds-classification-with-the-POINTNET-Neural-network/PointNetLab/data/ModelNet10_PLY/chair/test/chair_0914.ply,2,2,chair,chair,0.9997321963310242
plus_occlusion,0,175,/home/nochi/NOCHI/M2_PAR/Apprenyissage_Pointcloud/Pointclouds-classification-with-the-POINTNET-Neural-network/PointNetLab/data/ModelNet10_PLY/chair/test/chair_0915.ply,2,7,chair,sofa,0.5587507486343384
plus_occlusion,0,176,/home/nochi/NOCHI/M2_PAR/Apprenyissage_Pointcloud/Pointclouds-classification-with-the-POINTNET-Neural-network/PointNetLab/data/ModelNet10_PLY/chair/test/chair_0916.ply,2,2,chair,chair,0.9970638155937195
plus_occlusion,0,177,/home/nochi/NOCHI/M2_PAR/Apprenyissage_Pointcloud/Pointclouds-classification-with-the-POINTNET-Neural-network/PointNetLab/data/ModelNet10_PLY/chair/test/chair_0917.ply,2,2,chair,chair,0.9999288320541382
plus_occlusion,0,178,/home/nochi/NOCHI/M2_PAR/Apprenyissage_Pointcloud/Pointclouds-classification-with-the-POINTNET-Neural-network/PointNetLab/data/ModelNet10_PLY/chair/test/chair_0918.ply,2,2,chair,chair,0.9995757937431335
plus_occlusion,0,179,/home/nochi/NOCHI/M2_PAR/Apprenyissage_Pointcloud/Pointclouds-classification-with-the-POINTNET-Neural-network/PointNetLab/data/ModelNet10_PLY/chair/test/chair_0919.ply,2,2,chair,chair,0.9904354810714722
plus_occlusion,0,180,/home/nochi/NOCHI/M2_PAR/Apprenyissage_Pointcloud/Pointclouds-classification-with-the-POINTNET-Neural-network/PointNetLab/data/ModelNet10_PLY/chair/test/chair_0920.ply,2,2,chair,chair,0.984144926071167
plus_occlusion,0,181,/home/nochi/NOCHI/M2_PAR/Apprenyissage_Pointcloud/Pointclouds-classification-with-the-POINTNET-Neural-network/PointNetLab/data/ModelNet10_PLY/chair/test/chair_0921.ply,2,2,chair,chair,0.999722421169281
plus_occlusion,0,182,/home/nochi/NOCHI/M2_PAR/Apprenyissage_Pointcloud/Pointclouds-classification-with-the-POINTNET-Neural-network/PointNetLab/data/ModelNet10_PLY/chair/test/chair_0922.ply,2,2,chair,chair,0.9998124241828918
plus_occlusion,0,183,/home/nochi/NOCHI/M2_PAR/Apprenyissage_Pointcloud/Pointclouds-classification-with-the-POINTNET-Neural-network/PointNetLab/data/ModelNet10_PLY/chair/test/chair_0923.ply,2,2,chair,chair,0.999905526638031
plus_occlusion,0,184,/home/nochi/NOCHI/M2_PAR/Apprenyissage_Pointcloud/Pointclouds-classification-with-the-POINTNET-Neural-network/PointNetLab/data/ModelNet10_PLY/chair/test/chair_0924.ply,2,2,chair,chair,0.9998606443405151
plus_occlusion,0,185,/home/nochi/NOCHI/M2_PAR/Apprenyissage_Pointcloud/Pointclouds-classification-with-the-POINTNET-Neural-network/PointNetLab/data/ModelNet10_PLY/chair/test/chair_0925.ply,2,2,chair,chair,0.9997606873512268
plus_occlusion,0,186,/home/nochi/NOCHI/M2_PAR/Apprenyissage_Pointcloud/Pointclouds-classification-with-the-POINTNET-Neural-network/PointNetLab/data/ModelNet10_PLY/chair/test/chair_0926.ply,2,2,chair,chair,0.945846438407898
plus_occlusion,0,187,/home/nochi/NOCHI/M2_PAR/Apprenyissage_Pointcloud/Pointclouds-classification-with-the-POINTNET-Neural-network/PointNetLab/data/ModelNet10_PLY/chair/test/chair_0927.ply,2,2,chair,chair,0.9976621866226196
plus_occlusion,0,188,/home/nochi/NOCHI/M2_PAR/Apprenyissage_Pointcloud/Pointclouds-classification-with-the-POINTNET-Neural-network/PointNetLab/data/ModelNet10_PLY/chair/test/chair_0928.ply,2,2,chair,chair,0.9999949932098389
plus_occlusion,0,189,/home/nochi/NOCHI/M2_PAR/Apprenyissage_Pointcloud/Pointclouds-classification-with-the-POINTNET-Neural-network/PointNetLab/data/ModelNet10_PLY/chair/test/chair_0929.ply,2,2,chair,chair,0.9984827637672424
plus_occlusion,0,190,/home/nochi/NOCHI/M2_PAR/Apprenyissage_Pointcloud/Pointclouds-classification-with-the-POINTNET-Neural-network/PointNetLab/data/ModelNet10_PLY/chair/test/chair_0930.ply,2,2,chair,chair,0.9997982978820801
plus_occlusion,0,191,/home/nochi/NOCHI/M2_PAR/Apprenyissage_Pointcloud/Pointclouds-classification-with-the-POINTNET-Neural-network/PointNetLab/data/ModelNet10_PLY/chair/test/chair_0931.ply,2,2,chair,chair,0.9999767541885376
plus_occlusion,0,192,/home/nochi/NOCHI/M2_PAR/Apprenyissage_Pointcloud/Pointclouds-classification-with-the-POINTNET-Neural-network/PointNetLab/data/ModelNet10_PLY/chair/test/chair_0932.ply,2,2,chair,chair,0.9964058995246887
plus_occlusion,0,193,/home/nochi/NOCHI/M2_PAR/Apprenyissage_Pointcloud/Pointclouds-classification-with-the-POINTNET-Neural-network/PointNetLab/data/ModelNet10_PLY/chair/test/chair_0933.ply,2,2,chair,chair,0.9994295835494995
plus_occlusion,0,194,/home/nochi/NOCHI/M2_PAR/Apprenyissage_Pointcloud/Pointclouds-classification-with-the-POINTNET-Neural-network/PointNetLab/data/ModelNet10_PLY/chair/test/chair_0934.ply,2,2,chair,chair,0.9993317127227783
plus_occlusion,0,195,/home/nochi/NOCHI/M2_PAR/Apprenyissage_Pointcloud/Pointclouds-classification-with-the-POINTNET-Neural-network/PointNetLab/data/ModelNet10_PLY/chair/test/chair_0935.ply,2,2,chair,chair,0.9923641681671143
plus_occlusion,0,196,/home/nochi/NOCHI/M2_PAR/Apprenyissage_Pointcloud/Pointclouds-classification-with-the-POINTNET-Neural-network/PointNetLab/data/ModelNet10_PLY/chair/test/chair_0936.ply,2,2,chair,chair,0.9970532655715942
plus_occlusion,0,197,/home/nochi/NOCHI/M2_PAR/Apprenyissage_Pointcloud/Pointclouds-classification-with-the-POINTNET-Neural-network/PointNetLab/data/ModelNet10_PLY/chair/test/chair_0937.ply,2,2,chair,chair,0.9998811483383179
plus_occlusion,0,198,/home/nochi/NOCHI/M2_PAR/Apprenyissage_Pointcloud/Pointclouds-classification-with-the-POINTNET-Neural-network/PointNetLab/data/ModelNet10_PLY/chair/test/chair_0938.ply,2,2,chair,chair,0.9998834729194641
plus_occlusion,0,199,/home/nochi/NOCHI/M2_PAR/Apprenyissage_Pointcloud/Pointclouds-classification-with-the-POINTNET-Neural-network/PointNetLab/data/ModelNet10_PLY/chair/test/chair_0939.ply,2,2,chair,chair,0.9861753582954407
plus_occlusion,0,200,/home/nochi/NOCHI/M2_PAR/Apprenyissage_Pointcloud/Pointclouds-classification-with-the-POINTNET-Neural-network/PointNetLab/data/ModelNet10_PLY/chair/test/chair_0940.ply,2,2,chair,chair,0.9998584985733032
plus_occlusion,0,201,/home/nochi/NOCHI/M2_PAR/Apprenyissage_Pointcloud/Pointclouds-classification-with-the-POINTNET-Neural-network/PointNetLab/data/ModelNet10_PLY/chair/test/chair_0941.ply,2,2,chair,chair,0.9998019337654114
plus_occlusion,0,202,/home/nochi/NOCHI/M2_PAR/Apprenyissage_Pointcloud/Pointclouds-classification-with-the-POINTNET-Neural-network/PointNetLab/data/ModelNet10_PLY/chair/test/chair_0942.ply,2,2,chair,chair,0.9990540742874146
plus_occlusion,0,203,/home/nochi/NOCHI/M2_PAR/Apprenyissage_Pointcloud/Pointclouds-classification-with-the-POINTNET-Neural-network/PointNetLab/data/ModelNet10_PLY/chair/test/chair_0943.ply,2,2,chair,chair,0.9939733147621155
plus_occlusion,0,204,/home/nochi/NOCHI/M2_PAR/Apprenyissage_Pointcloud/Pointclouds-classification-with-the-POINTNET-Neural-network/PointNetLab/data/ModelNet10_PLY/chair/test/chair_0944.ply,2,2,chair,chair,0.9996799230575562
plus_occlusion,0,205,/home/nochi/NOCHI/M2_PAR/Apprenyissage_Pointcloud/Pointclouds-classification-with-the-POINTNET-Neural-network/PointNetLab/data/ModelNet10_PLY/chair/test/chair_0945.ply,2,2,chair,chair,0.9996609091758728
plus_occlusion,0,206,/home/nochi/NOCHI/M2_PAR/Apprenyissage_Pointcloud/Pointclouds-classification-with-the-POINTNET-Neural-network/PointNetLab/data/ModelNet10_PLY/chair/test/chair_0946.ply,2,2,chair,chair,0.9993258118629456
plus_occlusion,0,207,/home/nochi/NOCHI/M2_PAR/Apprenyissage_Pointcloud/Pointclouds-classification-with-the-POINTNET-Neural-network/PointNetLab/data/ModelNet10_PLY/chair/test/chair_0947.ply,2,2,chair,chair,0.995954155921936
plus_occlusion,0,208,/home/nochi/NOCHI/M2_PAR/Apprenyissage_Pointcloud/Pointclouds-classification-with-the-POINTNET-Neural-network/PointNetLab/data/ModelNet10_PLY/chair/test/chair_0948.ply,2,2,chair,chair,0.9995753169059753
plus_occlusion,0,209,/home/nochi/NOCHI/M2_PAR/Apprenyissage_Pointcloud/Pointclouds-classification-with-the-POINTNET-Neural-network/PointNetLab/data/ModelNet10_PLY/chair/test/chair_0949.ply,2,2,chair,chair,0.9998683333396912
plus_occlusion,0,210,/home/nochi/NOCHI/M2_PAR/Apprenyissage_Pointcloud/Pointclouds-classification-with-the-POINTNET-Neural-network/PointNetLab/data/ModelNet10_PLY/chair/test/chair_0950.ply,2,2,chair,chair,0.9353209137916565
plus_occlusion,0,211,/home/nochi/NOCHI/M2_PAR/Apprenyissage_Pointcloud/Pointclouds-classification-with-the-POINTNET-Neural-network/PointNetLab/data/ModelNet10_PLY/chair/test/chair_0951.ply,2,2,chair,chair,0.9978746771812439
plus_occlusion,0,212,/home/nochi/NOCHI/M2_PAR/Apprenyissage_Pointcloud/Pointclouds-classification-with-the-POINTNET-Neural-network/PointNetLab/data/ModelNet10_PLY/chair/test/chair_0952.ply,2,2,chair,chair,0.9998326301574707
plus_occlusion,0,213,/home/nochi/NOCHI/M2_PAR/Apprenyissage_Pointcloud/Pointclouds-classification-with-the-POINTNET-Neural-network/PointNetLab/data/ModelNet10_PLY/chair/test/chair_0953.ply,2,2,chair,chair,0.9993135929107666
plus_occlusion,0,214,/home/nochi/NOCHI/M2_PAR/Apprenyissage_Pointcloud/Pointclouds-classification-with-the-POINTNET-Neural-network/PointNetLab/data/ModelNet10_PLY/chair/test/chair_0954.ply,2,2,chair,chair,0.9999591112136841
plus_occlusion,0,215,/home/nochi/NOCHI/M2_PAR/Apprenyissage_Pointcloud/Pointclouds-classification-with-the-POINTNET-Neural-network/PointNetLab/data/ModelNet10_PLY/chair/test/chair_0955.ply,2,2,chair,chair,0.9713845252990723
plus_occlusion,0,216,/home/nochi/NOCHI/M2_PAR/Apprenyissage_Pointcloud/Pointclouds-classification-with-the-POINTNET-Neural-network/PointNetLab/data/ModelNet10_PLY/chair/test/chair_0956.ply,2,2,chair,chair,0.9998990893363953
plus_occlusion,0,217,/home/nochi/NOCHI/M2_PAR/Apprenyissage_Pointcloud/Pointclouds-classification-with-the-POINTNET-Neural-network/PointNetLab/data/ModelNet10_PLY/chair/test/chair_0957.ply,2,2,chair,chair,0.9999449253082275
plus_occlusion,0,218,/home/nochi/NOCHI/M2_PAR/Apprenyissage_Pointcloud/Pointclouds-classification-with-the-POINTNET-Neural-network/PointNetLab/data/ModelNet10_PLY/chair/test/chair_0958.ply,2,2,chair,chair,0.9916009902954102
plus_occlusion,0,219,/home/nochi/NOCHI/M2_PAR/Apprenyissage_Pointcloud/Pointclouds-classification-with-the-POINTNET-Neural-network/PointNetLab/data/ModelNet10_PLY/chair/test/chair_0959.ply,2,2,chair,chair,0.9999173879623413
plus_occlusion,0,220,/home/nochi/NOCHI/M2_PAR/Apprenyissage_Pointcloud/Pointclouds-classification-with-the-POINTNET-Neural-network/PointNetLab/data/ModelNet10_PLY/chair/test/chair_0960.ply,2,2,chair,chair,0.9998096823692322
plus_occlusion,0,221,/home/nochi/NOCHI/M2_PAR/Apprenyissage_Pointcloud/Pointclouds-classification-with-the-POINTNET-Neural-network/PointNetLab/data/ModelNet10_PLY/chair/test/chair_0961.ply,2,2,chair,chair,0.9999417066574097
plus_occlusion,0,222,/home/nochi/NOCHI/M2_PAR/Apprenyissage_Pointcloud/Pointclouds-classification-with-the-POINTNET-Neural-network/PointNetLab/data/ModelNet10_PLY/chair/test/chair_0962.ply,2,2,chair,chair,0.9999371767044067
plus_occlusion,0,223,/home/nochi/NOCHI/M2_PAR/Apprenyissage_Pointcloud/Pointclouds-classification-with-the-POINTNET-Neural-network/PointNetLab/data/ModelNet10_PLY/chair/test/chair_0963.ply,2,2,chair,chair,0.9999803900718689
plus_occlusion,0,224,/home/nochi/NOCHI/M2_PAR/Apprenyissage_Pointcloud/Pointclouds-classification-with-the-POINTNET-Neural-network/PointNetLab/data/ModelNet10_PLY/chair/test/chair_0964.ply,2,2,chair,chair,0.9997469186782837
plus_occlusion,0,225,/home/nochi/NOCHI/M2_PAR/Apprenyissage_Pointcloud/Pointclouds-classification-with-the-POINTNET-Neural-network/PointNetLab/data/ModelNet10_PLY/chair/test/chair_0965.ply,2,2,chair,chair,0.9999529123306274
plus_occlusion,0,226,/home/nochi/NOCHI/M2_PAR/Apprenyissage_Pointcloud/Pointclouds-classification-with-the-POINTNET-Neural-network/PointNetLab/data/ModelNet10_PLY/chair/test/chair_0966.ply,2,2,chair,chair,0.9988828301429749
plus_occlusion,0,227,/home/nochi/NOCHI/M2_PAR/Apprenyissage_Pointcloud/Pointclouds-classification-with-the-POINTNET-Neural-network/PointNetLab/data/ModelNet10_PLY/chair/test/chair_0967.ply,2,2,chair,chair,0.9998952746391296
plus_occlusion,0,228,/home/nochi/NOCHI/M2_PAR/Apprenyissage_Pointcloud/Pointclouds-classification-with-the-POINTNET-Neural-network/PointNetLab/data/ModelNet10_PLY/chair/test/chair_0968.ply,2,2,chair,chair,0.9997057318687439
plus_occlusion,0,229,/home/nochi/NOCHI/M2_PAR/Apprenyissage_Pointcloud/Pointclouds-classification-with-the-POINTNET-Neural-network/PointNetLab/data/ModelNet10_PLY/chair/test/chair_0969.ply,2,2,chair,chair,0.9997735619544983
plus_occlusion,0,230,/home/nochi/NOCHI/M2_PAR/Apprenyissage_Pointcloud/Pointclouds-classification-with-the-POINTNET-Neural-network/PointNetLab/data/ModelNet10_PLY/chair/test/chair_0970.ply,2,2,chair,chair,0.999981701374054
plus_occlusion,0,231,/home/nochi/NOCHI/M2_PAR/Apprenyissage_Pointcloud/Pointclouds-classification-with-the-POINTNET-Neural-network/PointNetLab/data/ModelNet10_PLY/chair/test/chair_0971.ply,2,2,chair,chair,0.9999790787696838
plus_occlusion,0,232,/home/nochi/NOCHI/M2_PAR/Apprenyissage_Pointcloud/Pointclouds-classification-with-the-POINTNET-Neural-network/PointNetLab/data/ModelNet10_PLY/chair/test/chair_0972.ply,2,2,chair,chair,0.9996364712715149
plus_occlusion,0,233,/home/nochi/NOCHI/M2_PAR/Apprenyissage_Pointcloud/Pointclouds-classification-with-the-POINTNET-Neural-network/PointNetLab/data/ModelNet10_PLY/chair/test/chair_0973.ply,2,2,chair,chair,0.9994344115257263
plus_occlusion,0,234,/home/nochi/NOCHI/M2_PAR/Apprenyissage_Pointcloud/Pointclouds-classification-with-the-POINTNET-Neural-network/PointNetLab/data/ModelNet10_PLY/chair/test/chair_0974.ply,2,2,chair,chair,0.9984949827194214
plus_occlusion,0,235,/home/nochi/NOCHI/M2_PAR/Apprenyissage_Pointcloud/Pointclouds-classification-with-the-POINTNET-Neural-network/PointNetLab/data/ModelNet10_PLY/chair/test/chair_0975.ply,2,2,chair,chair,0.998092532157898
plus_occlusion,0,236,/home/nochi/NOCHI/M2_PAR/Apprenyissage_Pointcloud/Pointclouds-classification-with-the-POINTNET-Neural-network/PointNetLab/data/ModelNet10_PLY/chair/test/chair_0976.ply,2,2,chair,chair,0.7475836277008057
plus_occlusion,0,237,/home/nochi/NOCHI/M2_PAR/Apprenyissage_Pointcloud/Pointclouds-classification-with-the-POINTNET-Neural-network/PointNetLab/data/ModelNet10_PLY/chair/test/chair_0977.ply,2,2,chair,chair,0.9994012117385864
plus_occlusion,0,238,/home/nochi/NOCHI/M2_PAR/Apprenyissage_Pointcloud/Pointclouds-classification-with-the-POINTNET-Neural-network/PointNetLab/data/ModelNet10_PLY/chair/test/chair_0978.ply,2,2,chair,chair,0.9980202913284302
plus_occlusion,0,239,/home/nochi/NOCHI/M2_PAR/Apprenyissage_Pointcloud/Pointclouds-classification-with-the-POINTNET-Neural-network/PointNetLab/data/ModelNet10_PLY/chair/test/chair_0979.ply,2,2,chair,chair,0.9997304677963257
plus_occlusion,0,240,/home/nochi/NOCHI/M2_PAR/Apprenyissage_Pointcloud/Pointclouds-classification-with-the-POINTNET-Neural-network/PointNetLab/data/ModelNet10_PLY/chair/test/chair_0980.ply,2,2,chair,chair,0.9997940063476562
plus_occlusion,0,241,/home/nochi/NOCHI/M2_PAR/Apprenyissage_Pointcloud/Pointclouds-classification-with-the-POINTNET-Neural-network/PointNetLab/data/ModelNet10_PLY/chair/test/chair_0981.ply,2,2,chair,chair,0.99210125207901
plus_occlusion,0,242,/home/nochi/NOCHI/M2_PAR/Apprenyissage_Pointcloud/Pointclouds-classification-with-the-POINTNET-Neural-network/PointNetLab/data/ModelNet10_PLY/chair/test/chair_0982.ply,2,2,chair,chair,0.995395302772522
plus_occlusion,0,243,/home/nochi/NOCHI/M2_PAR/Apprenyissage_Pointcloud/Pointclouds-classification-with-the-POINTNET-Neural-network/PointNetLab/data/ModelNet10_PLY/chair/test/chair_0983.ply,2,2,chair,chair,0.9999806880950928
plus_occlusion,0,244,/home/nochi/NOCHI/M2_PAR/Apprenyissage_Pointcloud/Pointclouds-classification-with-the-POINTNET-Neural-network/PointNetLab/data/ModelNet10_PLY/chair/test/chair_0984.ply,2,2,chair,chair,0.9622254371643066
plus_occlusion,0,245,/home/nochi/NOCHI/M2_PAR/Apprenyissage_Pointcloud/Pointclouds-classification-with-the-POINTNET-Neural-network/PointNetLab/data/ModelNet10_PLY/chair/test/chair_0985.ply,2,2,chair,chair,0.9835360050201416
plus_occlusion,0,246,/home/nochi/NOCHI/M2_PAR/Apprenyissage_Pointcloud/Pointclouds-classification-with-the-POINTNET-Neural-network/PointNetLab/data/ModelNet10_PLY/chair/test/chair_0986.ply,2,2,chair,chair,0.9994952082633972
plus_occlusion,0,247,/home/nochi/NOCHI/M2_PAR/Apprenyissage_Pointcloud/Pointclouds-classification-with-the-POINTNET-Neural-network/PointNetLab/data/ModelNet10_PLY/chair/test/chair_0987.ply,2,2,chair,chair,0.9999613761901855
plus_occlusion,0,248,/home/nochi/NOCHI/M2_PAR/Apprenyissage_Pointcloud/Pointclouds-classification-with-the-POINTNET-Neural-network/PointNetLab/data/ModelNet10_PLY/chair/test/chair_0988.ply,2,2,chair,chair,0.9993335008621216
plus_occlusion,0,249,/home/nochi/NOCHI/M2_PAR/Apprenyissage_Pointcloud/Pointclouds-classification-with-the-POINTNET-Neural-network/PointNetLab/data/ModelNet10_PLY/chair/test/chair_0989.ply,2,2,chair,chair,0.999955415725708
plus_occlusion,0,250,/home/nochi/NOCHI/M2_PAR/Apprenyissage_Pointcloud/Pointclouds-classification-with-the-POINTNET-Neural-network/PointNetLab/data/ModelNet10_PLY/desk/test/desk_0201.ply,3,3,desk,desk,0.9541090726852417
plus_occlusion,0,251,/home/nochi/NOCHI/M2_PAR/Apprenyissage_Pointcloud/Pointclouds-classification-with-the-POINTNET-Neural-network/PointNetLab/data/ModelNet10_PLY/desk/test/desk_0202.ply,3,8,desk,table,0.9861481785774231
plus_occlusion,0,252,/home/nochi/NOCHI/M2_PAR/Apprenyissage_Pointcloud/Pointclouds-classification-with-the-POINTNET-Neural-network/PointNetLab/data/ModelNet10_PLY/desk/test/desk_0203.ply,3,3,desk,desk,0.9910864233970642
plus_occlusion,0,253,/home/nochi/NOCHI/M2_PAR/Apprenyissage_Pointcloud/Pointclouds-classification-with-the-POINTNET-Neural-network/PointNetLab/data/ModelNet10_PLY/desk/test/desk_0204.ply,3,3,desk,desk,0.47974592447280884
plus_occlusion,0,254,/home/nochi/NOCHI/M2_PAR/Apprenyissage_Pointcloud/Pointclouds-classification-with-the-POINTNET-Neural-network/PointNetLab/data/ModelNet10_PLY/desk/test/desk_0205.ply,3,3,desk,desk,0.9954850077629089
plus_occlusion,0,255,/home/nochi/NOCHI/M2_PAR/Apprenyissage_Pointcloud/Pointclouds-classification-with-the-POINTNET-Neural-network/PointNetLab/data/ModelNet10_PLY/desk/test/desk_0206.ply,3,3,desk,desk,0.9990425705909729
plus_occlusion,0,256,/home/nochi/NOCHI/M2_PAR/Apprenyissage_Pointcloud/Pointclouds-classification-with-the-POINTNET-Neural-network/PointNetLab/data/ModelNet10_PLY/desk/test/desk_0207.ply,3,3,desk,desk,0.9362102150917053
plus_occlusion,0,257,/home/nochi/NOCHI/M2_PAR/Apprenyissage_Pointcloud/Pointclouds-classification-with-the-POINTNET-Neural-network/PointNetLab/data/ModelNet10_PLY/desk/test/desk_0208.ply,3,3,desk,desk,0.997883677482605
plus_occlusion,0,258,/home/nochi/NOCHI/M2_PAR/Apprenyissage_Pointcloud/Pointclouds-classification-with-the-POINTNET-Neural-network/PointNetLab/data/ModelNet10_PLY/desk/test/desk_0209.ply,3,3,desk,desk,0.9989387392997742
plus_occlusion,0,259,/home/nochi/NOCHI/M2_PAR/Apprenyissage_Pointcloud/Pointclouds-classification-with-the-POINTNET-Neural-network/PointNetLab/data/ModelNet10_PLY/desk/test/desk_0210.ply,3,7,desk,sofa,0.9702392220497131
plus_occlusion,0,260,/home/nochi/NOCHI/M2_PAR/Apprenyissage_Pointcloud/Pointclouds-classification-with-the-POINTNET-Neural-network/PointNetLab/data/ModelNet10_PLY/desk/test/desk_0211.ply,3,8,desk,table,0.8567438721656799
plus_occlusion,0,261,/home/nochi/NOCHI/M2_PAR/Apprenyissage_Pointcloud/Pointclouds-classification-with-the-POINTNET-Neural-network/PointNetLab/data/ModelNet10_PLY/desk/test/desk_0212.ply,3,3,desk,desk,0.9943422079086304
plus_occlusion,0,262,/home/nochi/NOCHI/M2_PAR/Apprenyissage_Pointcloud/Pointclouds-classification-with-the-POINTNET-Neural-network/PointNetLab/data/ModelNet10_PLY/desk/test/desk_0213.ply,3,3,desk,desk,0.9990667700767517
plus_occlusion,0,263,/home/nochi/NOCHI/M2_PAR/Apprenyissage_Pointcloud/Pointclouds-classification-with-the-POINTNET-Neural-network/PointNetLab/data/ModelNet10_PLY/desk/test/desk_0214.ply,3,3,desk,desk,0.9984057545661926
plus_occlusion,0,264,/home/nochi/NOCHI/M2_PAR/Apprenyissage_Pointcloud/Pointclouds-classification-with-the-POINTNET-Neural-network/PointNetLab/data/ModelNet10_PLY/desk/test/desk_0215.ply,3,3,desk,desk,0.9984326958656311
plus_occlusion,0,265,/home/nochi/NOCHI/M2_PAR/Apprenyissage_Pointcloud/Pointclouds-classification-with-the-POINTNET-Neural-network/PointNetLab/data/ModelNet10_PLY/desk/test/desk_0216.ply,3,3,desk,desk,0.9965391159057617
plus_occlusion,0,266,/home/nochi/NOCHI/M2_PAR/Apprenyissage_Pointcloud/Pointclouds-classification-with-the-POINTNET-Neural-network/PointNetLab/data/ModelNet10_PLY/desk/test/desk_0217.ply,3,3,desk,desk,0.9958639144897461
plus_occlusion,0,267,/home/nochi/NOCHI/M2_PAR/Apprenyissage_Pointcloud/Pointclouds-classification-with-the-POINTNET-Neural-network/PointNetLab/data/ModelNet10_PLY/desk/test/desk_0218.ply,3,3,desk,desk,0.5648548603057861
plus_occlusion,0,268,/home/nochi/NOCHI/M2_PAR/Apprenyissage_Pointcloud/Pointclouds-classification-with-the-POINTNET-Neural-network/PointNetLab/data/ModelNet10_PLY/desk/test/desk_0219.ply,3,3,desk,desk,0.9842206239700317
plus_occlusion,0,269,/home/nochi/NOCHI/M2_PAR/Apprenyissage_Pointcloud/Pointclouds-classification-with-the-POINTNET-Neural-network/PointNetLab/data/ModelNet10_PLY/desk/test/desk_0220.ply,3,3,desk,desk,0.9887317419052124
plus_occlusion,0,270,/home/nochi/NOCHI/M2_PAR/Apprenyissage_Pointcloud/Pointclouds-classification-with-the-POINTNET-Neural-network/PointNetLab/data/ModelNet10_PLY/desk/test/desk_0221.ply,3,3,desk,desk,0.9113304018974304
plus_occlusion,0,271,/home/nochi/NOCHI/M2_PAR/Apprenyissage_Pointcloud/Pointclouds-classification-with-the-POINTNET-Neural-network/PointNetLab/data/ModelNet10_PLY/desk/test/desk_0222.ply,3,3,desk,desk,0.9553089737892151
plus_occlusion,0,272,/home/nochi/NOCHI/M2_PAR/Apprenyissage_Pointcloud/Pointclouds-classification-with-the-POINTNET-Neural-network/PointNetLab/data/ModelNet10_PLY/desk/test/desk_0223.ply,3,3,desk,desk,0.9927125573158264
plus_occlusion,0,273,/home/nochi/NOCHI/M2_PAR/Apprenyissage_Pointcloud/Pointclouds-classification-with-the-POINTNET-Neural-network/PointNetLab/data/ModelNet10_PLY/desk/test/desk_0224.ply,3,3,desk,desk,0.6579488515853882
plus_occlusion,0,274,/home/nochi/NOCHI/M2_PAR/Apprenyissage_Pointcloud/Pointclouds-classification-with-the-POINTNET-Neural-network/PointNetLab/data/ModelNet10_PLY/desk/test/desk_0225.ply,3,3,desk,desk,0.9893109202384949
plus_occlusion,0,275,/home/nochi/NOCHI/M2_PAR/Apprenyissage_Pointcloud/Pointclouds-classification-with-the-POINTNET-Neural-network/PointNetLab/data/ModelNet10_PLY/desk/test/desk_0226.ply,3,3,desk,desk,0.9946252703666687
plus_occlusion,0,276,/home/nochi/NOCHI/M2_PAR/Apprenyissage_Pointcloud/Pointclouds-classification-with-the-POINTNET-Neural-network/PointNetLab/data/ModelNet10_PLY/desk/test/desk_0227.ply,3,3,desk,desk,0.992684543132782
plus_occlusion,0,277,/home/nochi/NOCHI/M2_PAR/Apprenyissage_Pointcloud/Pointclouds-classification-with-the-POINTNET-Neural-network/PointNetLab/data/ModelNet10_PLY/desk/test/desk_0228.ply,3,3,desk,desk,0.997012734413147
plus_occlusion,0,278,/home/nochi/NOCHI/M2_PAR/Apprenyissage_Pointcloud/Pointclouds-classification-with-the-POINTNET-Neural-network/PointNetLab/data/ModelNet10_PLY/desk/test/desk_0229.ply,3,3,desk,desk,0.9854981899261475
plus_occlusion,0,279,/home/nochi/NOCHI/M2_PAR/Apprenyissage_Pointcloud/Pointclouds-classification-with-the-POINTNET-Neural-network/PointNetLab/data/ModelNet10_PLY/desk/test/desk_0230.ply,3,3,desk,desk,0.9990155696868896
plus_occlusion,0,280,/home/nochi/NOCHI/M2_PAR/Apprenyissage_Pointcloud/Pointclouds-classification-with-the-POINTNET-Neural-network/PointNetLab/data/ModelNet10_PLY/desk/test/desk_0231.ply,3,3,desk,desk,0.9987210631370544
plus_occlusion,0,281,/home/nochi/NOCHI/M2_PAR/Apprenyissage_Pointcloud/Pointclouds-classification-with-the-POINTNET-Neural-network/PointNetLab/data/ModelNet10_PLY/desk/test/desk_0232.ply,3,3,desk,desk,0.995417594909668
plus_occlusion,0,282,/home/nochi/NOCHI/M2_PAR/Apprenyissage_Pointcloud/Pointclouds-classification-with-the-POINTNET-Neural-network/PointNetLab/data/ModelNet10_PLY/desk/test/desk_0233.ply,3,3,desk,desk,0.9409234523773193
plus_occlusion,0,283,/home/nochi/NOCHI/M2_PAR/Apprenyissage_Pointcloud/Pointclouds-classification-with-the-POINTNET-Neural-network/PointNetLab/data/ModelNet10_PLY/desk/test/desk_0234.ply,3,8,desk,table,0.5420413613319397
plus_occlusion,0,284,/home/nochi/NOCHI/M2_PAR/Apprenyissage_Pointcloud/Pointclouds-classification-with-the-POINTNET-Neural-network/PointNetLab/data/ModelNet10_PLY/desk/test/desk_0235.ply,3,3,desk,desk,0.9974294304847717
plus_occlusion,0,285,/home/nochi/NOCHI/M2_PAR/Apprenyissage_Pointcloud/Pointclouds-classification-with-the-POINTNET-Neural-network/PointNetLab/data/ModelNet10_PLY/desk/test/desk_0236.ply,3,3,desk,desk,0.9955669045448303
plus_occlusion,0,286,/home/nochi/NOCHI/M2_PAR/Apprenyissage_Pointcloud/Pointclouds-classification-with-the-POINTNET-Neural-network/PointNetLab/data/ModelNet10_PLY/desk/test/desk_0237.ply,3,3,desk,desk,0.9989662170410156
plus_occlusion,0,287,/home/nochi/NOCHI/M2_PAR/Apprenyissage_Pointcloud/Pointclouds-classification-with-the-POINTNET-Neural-network/PointNetLab/data/ModelNet10_PLY/desk/test/desk_0238.ply,3,3,desk,desk,0.9588522911071777
plus_occlusion,0,288,/home/nochi/NOCHI/M2_PAR/Apprenyissage_Pointcloud/Pointclouds-classification-with-the-POINTNET-Neural-network/PointNetLab/data/ModelNet10_PLY/desk/test/desk_0239.ply,3,3,desk,desk,0.9881307482719421
plus_occlusion,0,289,/home/nochi/NOCHI/M2_PAR/Apprenyissage_Pointcloud/Pointclouds-classification-with-the-POINTNET-Neural-network/PointNetLab/data/ModelNet10_PLY/desk/test/desk_0240.ply,3,3,desk,desk,0.9983136057853699
plus_occlusion,0,290,/home/nochi/NOCHI/M2_PAR/Apprenyissage_Pointcloud/Pointclouds-classification-with-the-POINTNET-Neural-network/PointNetLab/data/ModelNet10_PLY/desk/test/desk_0241.ply,3,3,desk,desk,0.9980199337005615
plus_occlusion,0,291,/home/nochi/NOCHI/M2_PAR/Apprenyissage_Pointcloud/Pointclouds-classification-with-the-POINTNET-Neural-network/PointNetLab/data/ModelNet10_PLY/desk/test/desk_0242.ply,3,8,desk,table,0.6922488212585449
plus_occlusion,0,292,/home/nochi/NOCHI/M2_PAR/Apprenyissage_Pointcloud/Pointclouds-classification-with-the-POINTNET-Neural-network/PointNetLab/data/ModelNet10_PLY/desk/test/desk_0243.ply,3,7,desk,sofa,0.5609045624732971
plus_occlusion,0,293,/home/nochi/NOCHI/M2_PAR/Apprenyissage_Pointcloud/Pointclouds-classification-with-the-POINTNET-Neural-network/PointNetLab/data/ModelNet10_PLY/desk/test/desk_0244.ply,3,3,desk,desk,0.9939032793045044
plus_occlusion,0,294,/home/nochi/NOCHI/M2_PAR/Apprenyissage_Pointcloud/Pointclouds-classification-with-the-POINTNET-Neural-network/PointNetLab/data/ModelNet10_PLY/desk/test/desk_0245.ply,3,3,desk,desk,0.9773622155189514
plus_occlusion,0,295,/home/nochi/NOCHI/M2_PAR/Apprenyissage_Pointcloud/Pointclouds-classification-with-the-POINTNET-Neural-network/PointNetLab/data/ModelNet10_PLY/desk/test/desk_0246.ply,3,3,desk,desk,0.8856129050254822
plus_occlusion,0,296,/home/nochi/NOCHI/M2_PAR/Apprenyissage_Pointcloud/Pointclouds-classification-with-the-POINTNET-Neural-network/PointNetLab/data/ModelNet10_PLY/desk/test/desk_0247.ply,3,3,desk,desk,0.6344915628433228
plus_occlusion,0,297,/home/nochi/NOCHI/M2_PAR/Apprenyissage_Pointcloud/Pointclouds-classification-with-the-POINTNET-Neural-network/PointNetLab/data/ModelNet10_PLY/desk/test/desk_0248.ply,3,3,desk,desk,0.9541833996772766
plus_occlusion,0,298,/home/nochi/NOCHI/M2_PAR/Apprenyissage_Pointcloud/Pointclouds-classification-with-the-POINTNET-Neural-network/PointNetLab/data/ModelNet10_PLY/desk/test/desk_0249.ply,3,8,desk,table,0.9043270349502563
plus_occlusion,0,299,/home/nochi/NOCHI/M2_PAR/Apprenyissage_Pointcloud/Pointclouds-classification-with-the-POINTNET-Neural-network/PointNetLab/data/ModelNet10_PLY/desk/test/desk_0250.ply,3,3,desk,desk,0.9703125953674316
plus_occlusion,0,300,/home/nochi/NOCHI/M2_PAR/Apprenyissage_Pointcloud/Pointclouds-classification-with-the-POINTNET-Neural-network/PointNetLab/data/ModelNet10_PLY/desk/test/desk_0251.ply,3,3,desk,desk,0.7021239995956421
plus_occlusion,0,301,/home/nochi/NOCHI/M2_PAR/Apprenyissage_Pointcloud/Pointclouds-classification-with-the-POINTNET-Neural-network/PointNetLab/data/ModelNet10_PLY/desk/test/desk_0252.ply,3,4,desk,dresser,0.4663112461566925
plus_occlusion,0,302,/home/nochi/NOCHI/M2_PAR/Apprenyissage_Pointcloud/Pointclouds-classification-with-the-POINTNET-Neural-network/PointNetLab/data/ModelNet10_PLY/desk/test/desk_0253.ply,3,3,desk,desk,0.8132044672966003
plus_occlusion,0,303,/home/nochi/NOCHI/M2_PAR/Apprenyissage_Pointcloud/Pointclouds-classification-with-the-POINTNET-Neural-network/PointNetLab/data/ModelNet10_PLY/desk/test/desk_0254.ply,3,3,desk,desk,0.9384511709213257
plus_occlusion,0,304,/home/nochi/NOCHI/M2_PAR/Apprenyissage_Pointcloud/Pointclouds-classification-with-the-POINTNET-Neural-network/PointNetLab/data/ModelNet10_PLY/desk/test/desk_0255.ply,3,3,desk,desk,0.9104130864143372
plus_occlusion,0,305,/home/nochi/NOCHI/M2_PAR/Apprenyissage_Pointcloud/Pointclouds-classification-with-the-POINTNET-Neural-network/PointNetLab/data/ModelNet10_PLY/desk/test/desk_0256.ply,3,3,desk,desk,0.9983733892440796
plus_occlusion,0,306,/home/nochi/NOCHI/M2_PAR/Apprenyissage_Pointcloud/Pointclouds-classification-with-the-POINTNET-Neural-network/PointNetLab/data/ModelNet10_PLY/desk/test/desk_0257.ply,3,3,desk,desk,0.9993816614151001
plus_occlusion,0,307,/home/nochi/NOCHI/M2_PAR/Apprenyissage_Pointcloud/Pointclouds-classification-with-the-POINTNET-Neural-network/PointNetLab/data/ModelNet10_PLY/desk/test/desk_0258.ply,3,3,desk,desk,0.6968536972999573
plus_occlusion,0,308,/home/nochi/NOCHI/M2_PAR/Apprenyissage_Pointcloud/Pointclouds-classification-with-the-POINTNET-Neural-network/PointNetLab/data/ModelNet10_PLY/desk/test/desk_0259.ply,3,3,desk,desk,0.9059687256813049
plus_occlusion,0,309,/home/nochi/NOCHI/M2_PAR/Apprenyissage_Pointcloud/Pointclouds-classification-with-the-POINTNET-Neural-network/PointNetLab/data/ModelNet10_PLY/desk/test/desk_0260.ply,3,3,desk,desk,0.8704315423965454
plus_occlusion,0,310,/home/nochi/NOCHI/M2_PAR/Apprenyissage_Pointcloud/Pointclouds-classification-with-the-POINTNET-Neural-network/PointNetLab/data/ModelNet10_PLY/desk/test/desk_0261.ply,3,3,desk,desk,0.9983311295509338
plus_occlusion,0,311,/home/nochi/NOCHI/M2_PAR/Apprenyissage_Pointcloud/Pointclouds-classification-with-the-POINTNET-Neural-network/PointNetLab/data/ModelNet10_PLY/desk/test/desk_0262.ply,3,3,desk,desk,0.980779767036438
plus_occlusion,0,312,/home/nochi/NOCHI/M2_PAR/Apprenyissage_Pointcloud/Pointclouds-classification-with-the-POINTNET-Neural-network/PointNetLab/data/ModelNet10_PLY/desk/test/desk_0263.ply,3,3,desk,desk,0.9297681450843811
plus_occlusion,0,313,/home/nochi/NOCHI/M2_PAR/Apprenyissage_Pointcloud/Pointclouds-classification-with-the-POINTNET-Neural-network/PointNetLab/data/ModelNet10_PLY/desk/test/desk_0264.ply,3,3,desk,desk,0.9987426996231079
plus_occlusion,0,314,/home/nochi/NOCHI/M2_PAR/Apprenyissage_Pointcloud/Pointclouds-classification-with-the-POINTNET-Neural-network/PointNetLab/data/ModelNet10_PLY/desk/test/desk_0265.ply,3,8,desk,table,0.4137795865535736
plus_occlusion,0,315,/home/nochi/NOCHI/M2_PAR/Apprenyissage_Pointcloud/Pointclouds-classification-with-the-POINTNET-Neural-network/PointNetLab/data/ModelNet10_PLY/desk/test/desk_0266.ply,3,4,desk,dresser,0.8621206879615784
plus_occlusion,0,316,/home/nochi/NOCHI/M2_PAR/Apprenyissage_Pointcloud/Pointclouds-classification-with-the-POINTNET-Neural-network/PointNetLab/data/ModelNet10_PLY/desk/test/desk_0267.ply,3,8,desk,table,0.5414736270904541
plus_occlusion,0,317,/home/nochi/NOCHI/M2_PAR/Apprenyissage_Pointcloud/Pointclouds-classification-with-the-POINTNET-Neural-network/PointNetLab/data/ModelNet10_PLY/desk/test/desk_0268.ply,3,3,desk,desk,0.7155713438987732
plus_occlusion,0,318,/home/nochi/NOCHI/M2_PAR/Apprenyissage_Pointcloud/Pointclouds-classification-with-the-POINTNET-Neural-network/PointNetLab/data/ModelNet10_PLY/desk/test/desk_0269.ply,3,3,desk,desk,0.971551775932312
plus_occlusion,0,319,/home/nochi/NOCHI/M2_PAR/Apprenyissage_Pointcloud/Pointclouds-classification-with-the-POINTNET-Neural-network/PointNetLab/data/ModelNet10_PLY/desk/test/desk_0270.ply,3,3,desk,desk,0.9960858821868896
plus_occlusion,0,320,/home/nochi/NOCHI/M2_PAR/Apprenyissage_Pointcloud/Pointclouds-classification-with-the-POINTNET-Neural-network/PointNetLab/data/ModelNet10_PLY/desk/test/desk_0271.ply,3,3,desk,desk,0.9994143843650818
plus_occlusion,0,321,/home/nochi/NOCHI/M2_PAR/Apprenyissage_Pointcloud/Pointclouds-classification-with-the-POINTNET-Neural-network/PointNetLab/data/ModelNet10_PLY/desk/test/desk_0272.ply,3,3,desk,desk,0.998977541923523
plus_occlusion,0,322,/home/nochi/NOCHI/M2_PAR/Apprenyissage_Pointcloud/Pointclouds-classification-with-the-POINTNET-Neural-network/PointNetLab/data/ModelNet10_PLY/desk/test/desk_0273.ply,3,3,desk,desk,0.9295039176940918
plus_occlusion,0,323,/home/nochi/NOCHI/M2_PAR/Apprenyissage_Pointcloud/Pointclouds-classification-with-the-POINTNET-Neural-network/PointNetLab/data/ModelNet10_PLY/desk/test/desk_0274.ply,3,3,desk,desk,0.9747747778892517
plus_occlusion,0,324,/home/nochi/NOCHI/M2_PAR/Apprenyissage_Pointcloud/Pointclouds-classification-with-the-POINTNET-Neural-network/PointNetLab/data/ModelNet10_PLY/desk/test/desk_0275.ply,3,3,desk,desk,0.995392918586731
plus_occlusion,0,325,/home/nochi/NOCHI/M2_PAR/Apprenyissage_Pointcloud/Pointclouds-classification-with-the-POINTNET-Neural-network/PointNetLab/data/ModelNet10_PLY/desk/test/desk_0276.ply,3,3,desk,desk,0.9358854293823242
plus_occlusion,0,326,/home/nochi/NOCHI/M2_PAR/Apprenyissage_Pointcloud/Pointclouds-classification-with-the-POINTNET-Neural-network/PointNetLab/data/ModelNet10_PLY/desk/test/desk_0277.ply,3,3,desk,desk,0.9912806153297424
plus_occlusion,0,327,/home/nochi/NOCHI/M2_PAR/Apprenyissage_Pointcloud/Pointclouds-classification-with-the-POINTNET-Neural-network/PointNetLab/data/ModelNet10_PLY/desk/test/desk_0278.ply,3,3,desk,desk,0.8043478727340698
plus_occlusion,0,328,/home/nochi/NOCHI/M2_PAR/Apprenyissage_Pointcloud/Pointclouds-classification-with-the-POINTNET-Neural-network/PointNetLab/data/ModelNet10_PLY/desk/test/desk_0279.ply,3,3,desk,desk,0.9387456178665161
plus_occlusion,0,329,/home/nochi/NOCHI/M2_PAR/Apprenyissage_Pointcloud/Pointclouds-classification-with-the-POINTNET-Neural-network/PointNetLab/data/ModelNet10_PLY/desk/test/desk_0280.ply,3,3,desk,desk,0.9642391204833984
plus_occlusion,0,330,/home/nochi/NOCHI/M2_PAR/Apprenyissage_Pointcloud/Pointclouds-classification-with-the-POINTNET-Neural-network/PointNetLab/data/ModelNet10_PLY/desk/test/desk_0281.ply,3,3,desk,desk,0.9857707619667053
plus_occlusion,0,331,/home/nochi/NOCHI/M2_PAR/Apprenyissage_Pointcloud/Pointclouds-classification-with-the-POINTNET-Neural-network/PointNetLab/data/ModelNet10_PLY/desk/test/desk_0282.ply,3,3,desk,desk,0.9104908108711243
plus_occlusion,0,332,/home/nochi/NOCHI/M2_PAR/Apprenyissage_Pointcloud/Pointclouds-classification-with-the-POINTNET-Neural-network/PointNetLab/data/ModelNet10_PLY/desk/test/desk_0283.ply,3,3,desk,desk,0.7061115503311157
plus_occlusion,0,333,/home/nochi/NOCHI/M2_PAR/Apprenyissage_Pointcloud/Pointclouds-classification-with-the-POINTNET-Neural-network/PointNetLab/data/ModelNet10_PLY/desk/test/desk_0284.ply,3,3,desk,desk,0.9921737909317017
plus_occlusion,0,334,/home/nochi/NOCHI/M2_PAR/Apprenyissage_Pointcloud/Pointclouds-classification-with-the-POINTNET-Neural-network/PointNetLab/data/ModelNet10_PLY/desk/test/desk_0285.ply,3,3,desk,desk,0.9956147074699402
plus_occlusion,0,335,/home/nochi/NOCHI/M2_PAR/Apprenyissage_Pointcloud/Pointclouds-classification-with-the-POINTNET-Neural-network/PointNetLab/data/ModelNet10_PLY/desk/test/desk_0286.ply,3,3,desk,desk,0.9936521649360657
plus_occlusion,0,336,/home/nochi/NOCHI/M2_PAR/Apprenyissage_Pointcloud/Pointclouds-classification-with-the-POINTNET-Neural-network/PointNetLab/data/ModelNet10_PLY/dresser/test/dresser_0201.ply,4,4,dresser,dresser,0.8753073215484619
plus_occlusion,0,337,/home/nochi/NOCHI/M2_PAR/Apprenyissage_Pointcloud/Pointclouds-classification-with-the-POINTNET-Neural-network/PointNetLab/data/ModelNet10_PLY/dresser/test/dresser_0202.ply,4,4,dresser,dresser,0.8321337103843689
plus_occlusion,0,338,/home/nochi/NOCHI/M2_PAR/Apprenyissage_Pointcloud/Pointclouds-classification-with-the-POINTNET-Neural-network/PointNetLab/data/ModelNet10_PLY/dresser/test/dresser_0203.ply,4,4,dresser,dresser,0.9725824594497681
plus_occlusion,0,339,/home/nochi/NOCHI/M2_PAR/Apprenyissage_Pointcloud/Pointclouds-classification-with-the-POINTNET-Neural-network/PointNetLab/data/ModelNet10_PLY/dresser/test/dresser_0204.ply,4,4,dresser,dresser,0.9896523356437683
plus_occlusion,0,340,/home/nochi/NOCHI/M2_PAR/Apprenyissage_Pointcloud/Pointclouds-classification-with-the-POINTNET-Neural-network/PointNetLab/data/ModelNet10_PLY/dresser/test/dresser_0205.ply,4,4,dresser,dresser,0.9871041774749756
plus_occlusion,0,341,/home/nochi/NOCHI/M2_PAR/Apprenyissage_Pointcloud/Pointclouds-classification-with-the-POINTNET-Neural-network/PointNetLab/data/ModelNet10_PLY/dresser/test/dresser_0206.ply,4,4,dresser,dresser,0.8980702757835388
plus_occlusion,0,342,/home/nochi/NOCHI/M2_PAR/Apprenyissage_Pointcloud/Pointclouds-classification-with-the-POINTNET-Neural-network/PointNetLab/data/ModelNet10_PLY/dresser/test/dresser_0207.ply,4,4,dresser,dresser,0.9825093746185303
plus_occlusion,0,343,/home/nochi/NOCHI/M2_PAR/Apprenyissage_Pointcloud/Pointclouds-classification-with-the-POINTNET-Neural-network/PointNetLab/data/ModelNet10_PLY/dresser/test/dresser_0208.ply,4,4,dresser,dresser,0.806451141834259
plus_occlusion,0,344,/home/nochi/NOCHI/M2_PAR/Apprenyissage_Pointcloud/Pointclouds-classification-with-the-POINTNET-Neural-network/PointNetLab/data/ModelNet10_PLY/dresser/test/dresser_0209.ply,4,4,dresser,dresser,0.9861948490142822
plus_occlusion,0,345,/home/nochi/NOCHI/M2_PAR/Apprenyissage_Pointcloud/Pointclouds-classification-with-the-POINTNET-Neural-network/PointNetLab/data/ModelNet10_PLY/dresser/test/dresser_0210.ply,4,4,dresser,dresser,0.8421230316162109
plus_occlusion,0,346,/home/nochi/NOCHI/M2_PAR/Apprenyissage_Pointcloud/Pointclouds-classification-with-the-POINTNET-Neural-network/PointNetLab/data/ModelNet10_PLY/dresser/test/dresser_0211.ply,4,4,dresser,dresser,0.9100314378738403
plus_occlusion,0,347,/home/nochi/NOCHI/M2_PAR/Apprenyissage_Pointcloud/Pointclouds-classification-with-the-POINTNET-Neural-network/PointNetLab/data/ModelNet10_PLY/dresser/test/dresser_0212.ply,4,8,dresser,table,0.957691490650177
plus_occlusion,0,348,/home/nochi/NOCHI/M2_PAR/Apprenyissage_Pointcloud/Pointclouds-classification-with-the-POINTNET-Neural-network/PointNetLab/data/ModelNet10_PLY/dresser/test/dresser_0213.ply,4,4,dresser,dresser,0.9896059036254883
plus_occlusion,0,349,/home/nochi/NOCHI/M2_PAR/Apprenyissage_Pointcloud/Pointclouds-classification-with-the-POINTNET-Neural-network/PointNetLab/data/ModelNet10_PLY/dresser/test/dresser_0214.ply,4,4,dresser,dresser,0.9581877589225769
plus_occlusion,0,350,/home/nochi/NOCHI/M2_PAR/Apprenyissage_Pointcloud/Pointclouds-classification-with-the-POINTNET-Neural-network/PointNetLab/data/ModelNet10_PLY/dresser/test/dresser_0215.ply,4,4,dresser,dresser,0.9607633352279663
plus_occlusion,0,351,/home/nochi/NOCHI/M2_PAR/Apprenyissage_Pointcloud/Pointclouds-classification-with-the-POINTNET-Neural-network/PointNetLab/data/ModelNet10_PLY/dresser/test/dresser_0216.ply,4,4,dresser,dresser,0.8072611093521118
plus_occlusion,0,352,/home/nochi/NOCHI/M2_PAR/Apprenyissage_Pointcloud/Pointclouds-classification-with-the-POINTNET-Neural-network/PointNetLab/data/ModelNet10_PLY/dresser/test/dresser_0217.ply,4,4,dresser,dresser,0.9042593836784363
plus_occlusion,0,353,/home/nochi/NOCHI/M2_PAR/Apprenyissage_Pointcloud/Pointclouds-classification-with-the-POINTNET-Neural-network/PointNetLab/data/ModelNet10_PLY/dresser/test/dresser_0218.ply,4,4,dresser,dresser,0.8981831669807434
plus_occlusion,0,354,/home/nochi/NOCHI/M2_PAR/Apprenyissage_Pointcloud/Pointclouds-classification-with-the-POINTNET-Neural-network/PointNetLab/data/ModelNet10_PLY/dresser/test/dresser_0219.ply,4,6,dresser,night_stand,0.62387615442276
plus_occlusion,0,355,/home/nochi/NOCHI/M2_PAR/Apprenyissage_Pointcloud/Pointclouds-classification-with-the-POINTNET-Neural-network/PointNetLab/data/ModelNet10_PLY/dresser/test/dresser_0220.ply,4,4,dresser,dresser,0.6279957890510559
plus_occlusion,0,356,/home/nochi/NOCHI/M2_PAR/Apprenyissage_Pointcloud/Pointclouds-classification-with-the-POINTNET-Neural-network/PointNetLab/data/ModelNet10_PLY/dresser/test/dresser_0221.ply,4,4,dresser,dresser,0.9417213797569275
plus_occlusion,0,357,/home/nochi/NOCHI/M2_PAR/Apprenyissage_Pointcloud/Pointclouds-classification-with-the-POINTNET-Neural-network/PointNetLab/data/ModelNet10_PLY/dresser/test/dresser_0222.ply,4,4,dresser,dresser,0.9944767355918884
plus_occlusion,0,358,/home/nochi/NOCHI/M2_PAR/Apprenyissage_Pointcloud/Pointclouds-classification-with-the-POINTNET-Neural-network/PointNetLab/data/ModelNet10_PLY/dresser/test/dresser_0223.ply,4,4,dresser,dresser,0.6661956906318665
plus_occlusion,0,359,/home/nochi/NOCHI/M2_PAR/Apprenyissage_Pointcloud/Pointclouds-classification-with-the-POINTNET-Neural-network/PointNetLab/data/ModelNet10_PLY/dresser/test/dresser_0224.ply,4,4,dresser,dresser,0.7465589642524719
plus_occlusion,0,360,/home/nochi/NOCHI/M2_PAR/Apprenyissage_Pointcloud/Pointclouds-classification-with-the-POINTNET-Neural-network/PointNetLab/data/ModelNet10_PLY/dresser/test/dresser_0225.ply,4,4,dresser,dresser,0.934341311454773
plus_occlusion,0,361,/home/nochi/NOCHI/M2_PAR/Apprenyissage_Pointcloud/Pointclouds-classification-with-the-POINTNET-Neural-network/PointNetLab/data/ModelNet10_PLY/dresser/test/dresser_0226.ply,4,4,dresser,dresser,0.994184672832489
plus_occlusion,0,362,/home/nochi/NOCHI/M2_PAR/Apprenyissage_Pointcloud/Pointclouds-classification-with-the-POINTNET-Neural-network/PointNetLab/data/ModelNet10_PLY/dresser/test/dresser_0227.ply,4,4,dresser,dresser,0.7212182879447937
plus_occlusion,0,363,/home/nochi/NOCHI/M2_PAR/Apprenyissage_Pointcloud/Pointclouds-classification-with-the-POINTNET-Neural-network/PointNetLab/data/ModelNet10_PLY/dresser/test/dresser_0228.ply,4,4,dresser,dresser,0.9708969593048096
plus_occlusion,0,364,/home/nochi/NOCHI/M2_PAR/Apprenyissage_Pointcloud/Pointclouds-classification-with-the-POINTNET-Neural-network/PointNetLab/data/ModelNet10_PLY/dresser/test/dresser_0229.ply,4,4,dresser,dresser,0.8875613808631897
plus_occlusion,0,365,/home/nochi/NOCHI/M2_PAR/Apprenyissage_Pointcloud/Pointclouds-classification-with-the-POINTNET-Neural-network/PointNetLab/data/ModelNet10_PLY/dresser/test/dresser_0230.ply,4,4,dresser,dresser,0.9914997220039368
plus_occlusion,0,366,/home/nochi/NOCHI/M2_PAR/Apprenyissage_Pointcloud/Pointclouds-classification-with-the-POINTNET-Neural-network/PointNetLab/data/ModelNet10_PLY/dresser/test/dresser_0231.ply,4,4,dresser,dresser,0.9840871691703796
plus_occlusion,0,367,/home/nochi/NOCHI/M2_PAR/Apprenyissage_Pointcloud/Pointclouds-classification-with-the-POINTNET-Neural-network/PointNetLab/data/ModelNet10_PLY/dresser/test/dresser_0232.ply,4,4,dresser,dresser,0.9698131084442139
plus_occlusion,0,368,/home/nochi/NOCHI/M2_PAR/Apprenyissage_Pointcloud/Pointclouds-classification-with-the-POINTNET-Neural-network/PointNetLab/data/ModelNet10_PLY/dresser/test/dresser_0233.ply,4,9,dresser,toilet,0.7048631906509399
plus_occlusion,0,369,/home/nochi/NOCHI/M2_PAR/Apprenyissage_Pointcloud/Pointclouds-classification-with-the-POINTNET-Neural-network/PointNetLab/data/ModelNet10_PLY/dresser/test/dresser_0234.ply,4,4,dresser,dresser,0.9259234666824341
plus_occlusion,0,370,/home/nochi/NOCHI/M2_PAR/Apprenyissage_Pointcloud/Pointclouds-classification-with-the-POINTNET-Neural-network/PointNetLab/data/ModelNet10_PLY/dresser/test/dresser_0235.ply,4,4,dresser,dresser,0.7511453628540039
plus_occlusion,0,371,/home/nochi/NOCHI/M2_PAR/Apprenyissage_Pointcloud/Pointclouds-classification-with-the-POINTNET-Neural-network/PointNetLab/data/ModelNet10_PLY/dresser/test/dresser_0236.ply,4,6,dresser,night_stand,0.5406281352043152
plus_occlusion,0,372,/home/nochi/NOCHI/M2_PAR/Apprenyissage_Pointcloud/Pointclouds-classification-with-the-POINTNET-Neural-network/PointNetLab/data/ModelNet10_PLY/dresser/test/dresser_0237.ply,4,4,dresser,dresser,0.9526686072349548
plus_occlusion,0,373,/home/nochi/NOCHI/M2_PAR/Apprenyissage_Pointcloud/Pointclouds-classification-with-the-POINTNET-Neural-network/PointNetLab/data/ModelNet10_PLY/dresser/test/dresser_0238.ply,4,4,dresser,dresser,0.9791578650474548
plus_occlusion,0,374,/home/nochi/NOCHI/M2_PAR/Apprenyissage_Pointcloud/Pointclouds-classification-with-the-POINTNET-Neural-network/PointNetLab/data/ModelNet10_PLY/dresser/test/dresser_0239.ply,4,4,dresser,dresser,0.9900748133659363
plus_occlusion,0,375,/home/nochi/NOCHI/M2_PAR/Apprenyissage_Pointcloud/Pointclouds-classification-with-the-POINTNET-Neural-network/PointNetLab/data/ModelNet10_PLY/dresser/test/dresser_0240.ply,4,4,dresser,dresser,0.9612456560134888
plus_occlusion,0,376,/home/nochi/NOCHI/M2_PAR/Apprenyissage_Pointcloud/Pointclouds-classification-with-the-POINTNET-Neural-network/PointNetLab/data/ModelNet10_PLY/dresser/test/dresser_0241.ply,4,4,dresser,dresser,0.6889774203300476
plus_occlusion,0,377,/home/nochi/NOCHI/M2_PAR/Apprenyissage_Pointcloud/Pointclouds-classification-with-the-POINTNET-Neural-network/PointNetLab/data/ModelNet10_PLY/dresser/test/dresser_0242.ply,4,4,dresser,dresser,0.8868703246116638
plus_occlusion,0,378,/home/nochi/NOCHI/M2_PAR/Apprenyissage_Pointcloud/Pointclouds-classification-with-the-POINTNET-Neural-network/PointNetLab/data/ModelNet10_PLY/dresser/test/dresser_0243.ply,4,4,dresser,dresser,0.9758358597755432
plus_occlusion,0,379,/home/nochi/NOCHI/M2_PAR/Apprenyissage_Pointcloud/Pointclouds-classification-with-the-POINTNET-Neural-network/PointNetLab/data/ModelNet10_PLY/dresser/test/dresser_0244.ply,4,4,dresser,dresser,0.9898232221603394
plus_occlusion,0,380,/home/nochi/NOCHI/M2_PAR/Apprenyissage_Pointcloud/Pointclouds-classification-with-the-POINTNET-Neural-network/PointNetLab/data/ModelNet10_PLY/dresser/test/dresser_0245.ply,4,4,dresser,dresser,0.9597374200820923
plus_occlusion,0,381,/home/nochi/NOCHI/M2_PAR/Apprenyissage_Pointcloud/Pointclouds-classification-with-the-POINTNET-Neural-network/PointNetLab/data/ModelNet10_PLY/dresser/test/dresser_0246.ply,4,4,dresser,dresser,0.8932491540908813
plus_occlusion,0,382,/home/nochi/NOCHI/M2_PAR/Apprenyissage_Pointcloud/Pointclouds-classification-with-the-POINTNET-Neural-network/PointNetLab/data/ModelNet10_PLY/dresser/test/dresser_0247.ply,4,4,dresser,dresser,0.9920868277549744
plus_occlusion,0,383,/home/nochi/NOCHI/M2_PAR/Apprenyissage_Pointcloud/Pointclouds-classification-with-the-POINTNET-Neural-network/PointNetLab/data/ModelNet10_PLY/dresser/test/dresser_0248.ply,4,4,dresser,dresser,0.93917316198349
plus_occlusion,0,384,/home/nochi/NOCHI/M2_PAR/Apprenyissage_Pointcloud/Pointclouds-classification-with-the-POINTNET-Neural-network/PointNetLab/data/ModelNet10_PLY/dresser/test/dresser_0249.ply,4,4,dresser,dresser,0.9962614178657532
plus_occlusion,0,385,/home/nochi/NOCHI/M2_PAR/Apprenyissage_Pointcloud/Pointclouds-classification-with-the-POINTNET-Neural-network/PointNetLab/data/ModelNet10_PLY/dresser/test/dresser_0250.ply,4,4,dresser,dresser,0.554511308670044
plus_occlusion,0,386,/home/nochi/NOCHI/M2_PAR/Apprenyissage_Pointcloud/Pointclouds-classification-with-the-POINTNET-Neural-network/PointNetLab/data/ModelNet10_PLY/dresser/test/dresser_0251.ply,4,4,dresser,dresser,0.9671187400817871
plus_occlusion,0,387,/home/nochi/NOCHI/M2_PAR/Apprenyissage_Pointcloud/Pointclouds-classification-with-the-POINTNET-Neural-network/PointNetLab/data/ModelNet10_PLY/dresser/test/dresser_0252.ply,4,4,dresser,dresser,0.9789823889732361
plus_occlusion,0,388,/home/nochi/NOCHI/M2_PAR/Apprenyissage_Pointcloud/Pointclouds-classification-with-the-POINTNET-Neural-network/PointNetLab/data/ModelNet10_PLY/dresser/test/dresser_0253.ply,4,4,dresser,dresser,0.9534142017364502
plus_occlusion,0,389,/home/nochi/NOCHI/M2_PAR/Apprenyissage_Pointcloud/Pointclouds-classification-with-the-POINTNET-Neural-network/PointNetLab/data/ModelNet10_PLY/dresser/test/dresser_0254.ply,4,4,dresser,dresser,0.9511430859565735
plus_occlusion,0,390,/home/nochi/NOCHI/M2_PAR/Apprenyissage_Pointcloud/Pointclouds-classification-with-the-POINTNET-Neural-network/PointNetLab/data/ModelNet10_PLY/dresser/test/dresser_0255.ply,4,4,dresser,dresser,0.9892255663871765
plus_occlusion,0,391,/home/nochi/NOCHI/M2_PAR/Apprenyissage_Pointcloud/Pointclouds-classification-with-the-POINTNET-Neural-network/PointNetLab/data/ModelNet10_PLY/dresser/test/dresser_0256.ply,4,4,dresser,dresser,0.8904260993003845
plus_occlusion,0,392,/home/nochi/NOCHI/M2_PAR/Apprenyissage_Pointcloud/Pointclouds-classification-with-the-POINTNET-Neural-network/PointNetLab/data/ModelNet10_PLY/dresser/test/dresser_0257.ply,4,4,dresser,dresser,0.7095243334770203
plus_occlusion,0,393,/home/nochi/NOCHI/M2_PAR/Apprenyissage_Pointcloud/Pointclouds-classification-with-the-POINTNET-Neural-network/PointNetLab/data/ModelNet10_PLY/dresser/test/dresser_0258.ply,4,4,dresser,dresser,0.5177158713340759
plus_occlusion,0,394,/home/nochi/NOCHI/M2_PAR/Apprenyissage_Pointcloud/Pointclouds-classification-with-the-POINTNET-Neural-network/PointNetLab/data/ModelNet10_PLY/dresser/test/dresser_0259.ply,4,6,dresser,night_stand,0.37169399857521057
plus_occlusion,0,395,/home/nochi/NOCHI/M2_PAR/Apprenyissage_Pointcloud/Pointclouds-classification-with-the-POINTNET-Neural-network/PointNetLab/data/ModelNet10_PLY/dresser/test/dresser_0260.ply,4,4,dresser,dresser,0.7258618474006653
plus_occlusion,0,396,/home/nochi/NOCHI/M2_PAR/Apprenyissage_Pointcloud/Pointclouds-classification-with-the-POINTNET-Neural-network/PointNetLab/data/ModelNet10_PLY/dresser/test/dresser_0261.ply,4,4,dresser,dresser,0.9908021688461304
plus_occlusion,0,397,/home/nochi/NOCHI/M2_PAR/Apprenyissage_Pointcloud/Pointclouds-classification-with-the-POINTNET-Neural-network/PointNetLab/data/ModelNet10_PLY/dresser/test/dresser_0262.ply,4,4,dresser,dresser,0.9555015563964844
plus_occlusion,0,398,/home/nochi/NOCHI/M2_PAR/Apprenyissage_Pointcloud/Pointclouds-classification-with-the-POINTNET-Neural-network/PointNetLab/data/ModelNet10_PLY/dresser/test/dresser_0263.ply,4,4,dresser,dresser,0.9802266955375671
plus_occlusion,0,399,/home/nochi/NOCHI/M2_PAR/Apprenyissage_Pointcloud/Pointclouds-classification-with-the-POINTNET-Neural-network/PointNetLab/data/ModelNet10_PLY/dresser/test/dresser_0264.ply,4,4,dresser,dresser,0.9531428217887878
plus_occlusion,0,400,/home/nochi/NOCHI/M2_PAR/Apprenyissage_Pointcloud/Pointclouds-classification-with-the-POINTNET-Neural-network/PointNetLab/data/ModelNet10_PLY/dresser/test/dresser_0265.ply,4,4,dresser,dresser,0.9936228394508362
plus_occlusion,0,401,/home/nochi/NOCHI/M2_PAR/Apprenyissage_Pointcloud/Pointclouds-classification-with-the-POINTNET-Neural-network/PointNetLab/data/ModelNet10_PLY/dresser/test/dresser_0266.ply,4,4,dresser,dresser,0.9893184304237366
plus_occlusion,0,402,/home/nochi/NOCHI/M2_PAR/Apprenyissage_Pointcloud/Pointclouds-classification-with-the-POINTNET-Neural-network/PointNetLab/data/ModelNet10_PLY/dresser/test/dresser_0267.ply,4,4,dresser,dresser,0.9369518756866455
plus_occlusion,0,403,/home/nochi/NOCHI/M2_PAR/Apprenyissage_Pointcloud/Pointclouds-classification-with-the-POINTNET-Neural-network/PointNetLab/data/ModelNet10_PLY/dresser/test/dresser_0268.ply,4,4,dresser,dresser,0.9488949179649353
plus_occlusion,0,404,/home/nochi/NOCHI/M2_PAR/Apprenyissage_Pointcloud/Pointclouds-classification-with-the-POINTNET-Neural-network/PointNetLab/data/ModelNet10_PLY/dresser/test/dresser_0269.ply,4,4,dresser,dresser,0.9402714967727661
plus_occlusion,0,405,/home/nochi/NOCHI/M2_PAR/Apprenyissage_Pointcloud/Pointclouds-classification-with-the-POINTNET-Neural-network/PointNetLab/data/ModelNet10_PLY/dresser/test/dresser_0270.ply,4,4,dresser,dresser,0.9487690925598145
plus_occlusion,0,406,/home/nochi/NOCHI/M2_PAR/Apprenyissage_Pointcloud/Pointclouds-classification-with-the-POINTNET-Neural-network/PointNetLab/data/ModelNet10_PLY/dresser/test/dresser_0271.ply,4,4,dresser,dresser,0.9939494132995605
plus_occlusion,0,407,/home/nochi/NOCHI/M2_PAR/Apprenyissage_Pointcloud/Pointclouds-classification-with-the-POINTNET-Neural-network/PointNetLab/data/ModelNet10_PLY/dresser/test/dresser_0272.ply,4,4,dresser,dresser,0.5975818037986755
plus_occlusion,0,408,/home/nochi/NOCHI/M2_PAR/Apprenyissage_Pointcloud/Pointclouds-classification-with-the-POINTNET-Neural-network/PointNetLab/data/ModelNet10_PLY/dresser/test/dresser_0273.ply,4,6,dresser,night_stand,0.7430194020271301
plus_occlusion,0,409,/home/nochi/NOCHI/M2_PAR/Apprenyissage_Pointcloud/Pointclouds-classification-with-the-POINTNET-Neural-network/PointNetLab/data/ModelNet10_PLY/dresser/test/dresser_0274.ply,4,4,dresser,dresser,0.7613532543182373
plus_occlusion,0,410,/home/nochi/NOCHI/M2_PAR/Apprenyissage_Pointcloud/Pointclouds-classification-with-the-POINTNET-Neural-network/PointNetLab/data/ModelNet10_PLY/dresser/test/dresser_0275.ply,4,4,dresser,dresser,0.9776613116264343
plus_occlusion,0,411,/home/nochi/NOCHI/M2_PAR/Apprenyissage_Pointcloud/Pointclouds-classification-with-the-POINTNET-Neural-network/PointNetLab/data/ModelNet10_PLY/dresser/test/dresser_0276.ply,4,4,dresser,dresser,0.9384333491325378
plus_occlusion,0,412,/home/nochi/NOCHI/M2_PAR/Apprenyissage_Pointcloud/Pointclouds-classification-with-the-POINTNET-Neural-network/PointNetLab/data/ModelNet10_PLY/dresser/test/dresser_0277.ply,4,6,dresser,night_stand,0.589063823223114
plus_occlusion,0,413,/home/nochi/NOCHI/M2_PAR/Apprenyissage_Pointcloud/Pointclouds-classification-with-the-POINTNET-Neural-network/PointNetLab/data/ModelNet10_PLY/dresser/test/dresser_0278.ply,4,4,dresser,dresser,0.8966525197029114
plus_occlusion,0,414,/home/nochi/NOCHI/M2_PAR/Apprenyissage_Pointcloud/Pointclouds-classification-with-the-POINTNET-Neural-network/PointNetLab/data/ModelNet10_PLY/dresser/test/dresser_0279.ply,4,4,dresser,dresser,0.9791791439056396
plus_occlusion,0,415,/home/nochi/NOCHI/M2_PAR/Apprenyissage_Pointcloud/Pointclouds-classification-with-the-POINTNET-Neural-network/PointNetLab/data/ModelNet10_PLY/dresser/test/dresser_0280.ply,4,4,dresser,dresser,0.760726809501648
plus_occlusion,0,416,/home/nochi/NOCHI/M2_PAR/Apprenyissage_Pointcloud/Pointclouds-classification-with-the-POINTNET-Neural-network/PointNetLab/data/ModelNet10_PLY/dresser/test/dresser_0281.ply,4,4,dresser,dresser,0.8878307938575745
plus_occlusion,0,417,/home/nochi/NOCHI/M2_PAR/Apprenyissage_Pointcloud/Pointclouds-classification-with-the-POINTNET-Neural-network/PointNetLab/data/ModelNet10_PLY/dresser/test/dresser_0282.ply,4,4,dresser,dresser,0.8640850186347961
plus_occlusion,0,418,/home/nochi/NOCHI/M2_PAR/Apprenyissage_Pointcloud/Pointclouds-classification-with-the-POINTNET-Neural-network/PointNetLab/data/ModelNet10_PLY/dresser/test/dresser_0283.ply,4,4,dresser,dresser,0.983302652835846
plus_occlusion,0,419,/home/nochi/NOCHI/M2_PAR/Apprenyissage_Pointcloud/Pointclouds-classification-with-the-POINTNET-Neural-network/PointNetLab/data/ModelNet10_PLY/dresser/test/dresser_0284.ply,4,4,dresser,dresser,0.8443854451179504
plus_occlusion,0,420,/home/nochi/NOCHI/M2_PAR/Apprenyissage_Pointcloud/Pointclouds-classification-with-the-POINTNET-Neural-network/PointNetLab/data/ModelNet10_PLY/dresser/test/dresser_0285.ply,4,4,dresser,dresser,0.6617347002029419
plus_occlusion,0,421,/home/nochi/NOCHI/M2_PAR/Apprenyissage_Pointcloud/Pointclouds-classification-with-the-POINTNET-Neural-network/PointNetLab/data/ModelNet10_PLY/dresser/test/dresser_0286.ply,4,3,dresser,desk,0.4599910378456116
plus_occlusion,0,422,/home/nochi/NOCHI/M2_PAR/Apprenyissage_Pointcloud/Pointclouds-classification-with-the-POINTNET-Neural-network/PointNetLab/data/ModelNet10_PLY/monitor/test/monitor_0466.ply,5,5,monitor,monitor,0.9948675036430359
plus_occlusion,0,423,/home/nochi/NOCHI/M2_PAR/Apprenyissage_Pointcloud/Pointclouds-classification-with-the-POINTNET-Neural-network/PointNetLab/data/ModelNet10_PLY/monitor/test/monitor_0467.ply,5,5,monitor,monitor,0.9997867345809937
plus_occlusion,0,424,/home/nochi/NOCHI/M2_PAR/Apprenyissage_Pointcloud/Pointclouds-classification-with-the-POINTNET-Neural-network/PointNetLab/data/ModelNet10_PLY/monitor/test/monitor_0468.ply,5,5,monitor,monitor,0.9998236894607544
plus_occlusion,0,425,/home/nochi/NOCHI/M2_PAR/Apprenyissage_Pointcloud/Pointclouds-classification-with-the-POINTNET-Neural-network/PointNetLab/data/ModelNet10_PLY/monitor/test/monitor_0469.ply,5,5,monitor,monitor,0.9984915256500244
plus_occlusion,0,426,/home/nochi/NOCHI/M2_PAR/Apprenyissage_Pointcloud/Pointclouds-classification-with-the-POINTNET-Neural-network/PointNetLab/data/ModelNet10_PLY/monitor/test/monitor_0470.ply,5,5,monitor,monitor,0.9967596530914307
plus_occlusion,0,427,/home/nochi/NOCHI/M2_PAR/Apprenyissage_Pointcloud/Pointclouds-classification-with-the-POINTNET-Neural-network/PointNetLab/data/ModelNet10_PLY/monitor/test/monitor_0471.ply,5,5,monitor,monitor,0.9997773766517639
plus_occlusion,0,428,/home/nochi/NOCHI/M2_PAR/Apprenyissage_Pointcloud/Pointclouds-classification-with-the-POINTNET-Neural-network/PointNetLab/data/ModelNet10_PLY/monitor/test/monitor_0472.ply,5,5,monitor,monitor,0.8807811141014099
plus_occlusion,0,429,/home/nochi/NOCHI/M2_PAR/Apprenyissage_Pointcloud/Pointclouds-classification-with-the-POINTNET-Neural-network/PointNetLab/data/ModelNet10_PLY/monitor/test/monitor_0473.ply,5,5,monitor,monitor,0.9993405342102051
plus_occlusion,0,430,/home/nochi/NOCHI/M2_PAR/Apprenyissage_Pointcloud/Pointclouds-classification-with-the-POINTNET-Neural-network/PointNetLab/data/ModelNet10_PLY/monitor/test/monitor_0474.ply,5,5,monitor,monitor,0.9953737258911133
plus_occlusion,0,431,/home/nochi/NOCHI/M2_PAR/Apprenyissage_Pointcloud/Pointclouds-classification-with-the-POINTNET-Neural-network/PointNetLab/data/ModelNet10_PLY/monitor/test/monitor_0475.ply,5,5,monitor,monitor,0.9998602271080017
plus_occlusion,0,432,/home/nochi/NOCHI/M2_PAR/Apprenyissage_Pointcloud/Pointclouds-classification-with-the-POINTNET-Neural-network/PointNetLab/data/ModelNet10_PLY/monitor/test/monitor_0476.ply,5,5,monitor,monitor,0.9992241859436035
plus_occlusion,0,433,/home/nochi/NOCHI/M2_PAR/Apprenyissage_Pointcloud/Pointclouds-classification-with-the-POINTNET-Neural-network/PointNetLab/data/ModelNet10_PLY/monitor/test/monitor_0477.ply,5,5,monitor,monitor,0.99945467710495
plus_occlusion,0,434,/home/nochi/NOCHI/M2_PAR/Apprenyissage_Pointcloud/Pointclouds-classification-with-the-POINTNET-Neural-network/PointNetLab/data/ModelNet10_PLY/monitor/test/monitor_0478.ply,5,5,monitor,monitor,0.9999213814735413
plus_occlusion,0,435,/home/nochi/NOCHI/M2_PAR/Apprenyissage_Pointcloud/Pointclouds-classification-with-the-POINTNET-Neural-network/PointNetLab/data/ModelNet10_PLY/monitor/test/monitor_0479.ply,5,5,monitor,monitor,0.9998916387557983
plus_occlusion,0,436,/home/nochi/NOCHI/M2_PAR/Apprenyissage_Pointcloud/Pointclouds-classification-with-the-POINTNET-Neural-network/PointNetLab/data/ModelNet10_PLY/monitor/test/monitor_0480.ply,5,5,monitor,monitor,0.9997450113296509
plus_occlusion,0,437,/home/nochi/NOCHI/M2_PAR/Apprenyissage_Pointcloud/Pointclouds-classification-with-the-POINTNET-Neural-network/PointNetLab/data/ModelNet10_PLY/monitor/test/monitor_0481.ply,5,5,monitor,monitor,0.9623690247535706
plus_occlusion,0,438,/home/nochi/NOCHI/M2_PAR/Apprenyissage_Pointcloud/Pointclouds-classification-with-the-POINTNET-Neural-network/PointNetLab/data/ModelNet10_PLY/monitor/test/monitor_0482.ply,5,5,monitor,monitor,0.956088125705719
plus_occlusion,0,439,/home/nochi/NOCHI/M2_PAR/Apprenyissage_Pointcloud/Pointclouds-classification-with-the-POINTNET-Neural-network/PointNetLab/data/ModelNet10_PLY/monitor/test/monitor_0483.ply,5,5,monitor,monitor,0.9788362383842468
plus_occlusion,0,440,/home/nochi/NOCHI/M2_PAR/Apprenyissage_Pointcloud/Pointclouds-classification-with-the-POINTNET-Neural-network/PointNetLab/data/ModelNet10_PLY/monitor/test/monitor_0484.ply,5,5,monitor,monitor,0.9993492960929871
plus_occlusion,0,441,/home/nochi/NOCHI/M2_PAR/Apprenyissage_Pointcloud/Pointclouds-classification-with-the-POINTNET-Neural-network/PointNetLab/data/ModelNet10_PLY/monitor/test/monitor_0485.ply,5,5,monitor,monitor,0.9996066093444824
plus_occlusion,0,442,/home/nochi/NOCHI/M2_PAR/Apprenyissage_Pointcloud/Pointclouds-classification-with-the-POINTNET-Neural-network/PointNetLab/data/ModelNet10_PLY/monitor/test/monitor_0486.ply,5,5,monitor,monitor,0.9990381002426147
plus_occlusion,0,443,/home/nochi/NOCHI/M2_PAR/Apprenyissage_Pointcloud/Pointclouds-classification-with-the-POINTNET-Neural-network/PointNetLab/data/ModelNet10_PLY/monitor/test/monitor_0487.ply,5,5,monitor,monitor,0.997883141040802
plus_occlusion,0,444,/home/nochi/NOCHI/M2_PAR/Apprenyissage_Pointcloud/Pointclouds-classification-with-the-POINTNET-Neural-network/PointNetLab/data/ModelNet10_PLY/monitor/test/monitor_0488.ply,5,5,monitor,monitor,0.4139052927494049
plus_occlusion,0,445,/home/nochi/NOCHI/M2_PAR/Apprenyissage_Pointcloud/Pointclouds-classification-with-the-POINTNET-Neural-network/PointNetLab/data/ModelNet10_PLY/monitor/test/monitor_0489.ply,5,5,monitor,monitor,0.995864748954773
plus_occlusion,0,446,/home/nochi/NOCHI/M2_PAR/Apprenyissage_Pointcloud/Pointclouds-classification-with-the-POINTNET-Neural-network/PointNetLab/data/ModelNet10_PLY/monitor/test/monitor_0490.ply,5,5,monitor,monitor,0.9293126463890076
plus_occlusion,0,447,/home/nochi/NOCHI/M2_PAR/Apprenyissage_Pointcloud/Pointclouds-classification-with-the-POINTNET-Neural-network/PointNetLab/data/ModelNet10_PLY/monitor/test/monitor_0491.ply,5,9,monitor,toilet,0.5205146670341492
plus_occlusion,0,448,/home/nochi/NOCHI/M2_PAR/Apprenyissage_Pointcloud/Pointclouds-classification-with-the-POINTNET-Neural-network/PointNetLab/data/ModelNet10_PLY/monitor/test/monitor_0492.ply,5,5,monitor,monitor,0.9941255450248718
plus_occlusion,0,449,/home/nochi/NOCHI/M2_PAR/Apprenyissage_Pointcloud/Pointclouds-classification-with-the-POINTNET-Neural-network/PointNetLab/data/ModelNet10_PLY/monitor/test/monitor_0493.ply,5,5,monitor,monitor,0.9997375011444092
plus_occlusion,0,450,/home/nochi/NOCHI/M2_PAR/Apprenyissage_Pointcloud/Pointclouds-classification-with-the-POINTNET-Neural-network/PointNetLab/data/ModelNet10_PLY/monitor/test/monitor_0494.ply,5,5,monitor,monitor,0.9957045912742615
plus_occlusion,0,451,/home/nochi/NOCHI/M2_PAR/Apprenyissage_Pointcloud/Pointclouds-classification-with-the-POINTNET-Neural-network/PointNetLab/data/ModelNet10_PLY/monitor/test/monitor_0495.ply,5,5,monitor,monitor,0.9998665452003479
plus_occlusion,0,452,/home/nochi/NOCHI/M2_PAR/Apprenyissage_Pointcloud/Pointclouds-classification-with-the-POINTNET-Neural-network/PointNetLab/data/ModelNet10_PLY/monitor/test/monitor_0496.ply,5,5,monitor,monitor,0.5257482528686523
plus_occlusion,0,453,/home/nochi/NOCHI/M2_PAR/Apprenyissage_Pointcloud/Pointclouds-classification-with-the-POINTNET-Neural-network/PointNetLab/data/ModelNet10_PLY/monitor/test/monitor_0497.ply,5,9,monitor,toilet,0.40254780650138855
plus_occlusion,0,454,/home/nochi/NOCHI/M2_PAR/Apprenyissage_Pointcloud/Pointclouds-classification-with-the-POINTNET-Neural-network/PointNetLab/data/ModelNet10_PLY/monitor/test/monitor_0498.ply,5,5,monitor,monitor,0.976140022277832
plus_occlusion,0,455,/home/nochi/NOCHI/M2_PAR/Apprenyissage_Pointcloud/Pointclouds-classification-with-the-POINTNET-Neural-network/PointNetLab/data/ModelNet10_PLY/monitor/test/monitor_0499.ply,5,5,monitor,monitor,0.9996052980422974
plus_occlusion,0,456,/home/nochi/NOCHI/M2_PAR/Apprenyissage_Pointcloud/Pointclouds-classification-with-the-POINTNET-Neural-network/PointNetLab/data/ModelNet10_PLY/monitor/test/monitor_0500.ply,5,5,monitor,monitor,0.9277625679969788
plus_occlusion,0,457,/home/nochi/NOCHI/M2_PAR/Apprenyissage_Pointcloud/Pointclouds-classification-with-the-POINTNET-Neural-network/PointNetLab/data/ModelNet10_PLY/monitor/test/monitor_0501.ply,5,5,monitor,monitor,0.9882574677467346
plus_occlusion,0,458,/home/nochi/NOCHI/M2_PAR/Apprenyissage_Pointcloud/Pointclouds-classification-with-the-POINTNET-Neural-network/PointNetLab/data/ModelNet10_PLY/monitor/test/monitor_0502.ply,5,5,monitor,monitor,0.9999375939369202
plus_occlusion,0,459,/home/nochi/NOCHI/M2_PAR/Apprenyissage_Pointcloud/Pointclouds-classification-with-the-POINTNET-Neural-network/PointNetLab/data/ModelNet10_PLY/monitor/test/monitor_0503.ply,5,5,monitor,monitor,0.9997124671936035
plus_occlusion,0,460,/home/nochi/NOCHI/M2_PAR/Apprenyissage_Pointcloud/Pointclouds-classification-with-the-POINTNET-Neural-network/PointNetLab/data/ModelNet10_PLY/monitor/test/monitor_0504.ply,5,5,monitor,monitor,0.9999211430549622
plus_occlusion,0,461,/home/nochi/NOCHI/M2_PAR/Apprenyissage_Pointcloud/Pointclouds-classification-with-the-POINTNET-Neural-network/PointNetLab/data/ModelNet10_PLY/monitor/test/monitor_0505.ply,5,5,monitor,monitor,0.9998785853385925
plus_occlusion,0,462,/home/nochi/NOCHI/M2_PAR/Apprenyissage_Pointcloud/Pointclouds-classification-with-the-POINTNET-Neural-network/PointNetLab/data/ModelNet10_PLY/monitor/test/monitor_0506.ply,5,4,monitor,dresser,0.8405271172523499
plus_occlusion,0,463,/home/nochi/NOCHI/M2_PAR/Apprenyissage_Pointcloud/Pointclouds-classification-with-the-POINTNET-Neural-network/PointNetLab/data/ModelNet10_PLY/monitor/test/monitor_0507.ply,5,2,monitor,chair,0.4843219816684723
plus_occlusion,0,464,/home/nochi/NOCHI/M2_PAR/Apprenyissage_Pointcloud/Pointclouds-classification-with-the-POINTNET-Neural-network/PointNetLab/data/ModelNet10_PLY/monitor/test/monitor_0508.ply,5,5,monitor,monitor,0.9997560381889343
plus_occlusion,0,465,/home/nochi/NOCHI/M2_PAR/Apprenyissage_Pointcloud/Pointclouds-classification-with-the-POINTNET-Neural-network/PointNetLab/data/ModelNet10_PLY/monitor/test/monitor_0509.ply,5,5,monitor,monitor,0.9999483227729797
plus_occlusion,0,466,/home/nochi/NOCHI/M2_PAR/Apprenyissage_Pointcloud/Pointclouds-classification-with-the-POINTNET-Neural-network/PointNetLab/data/ModelNet10_PLY/monitor/test/monitor_0510.ply,5,5,monitor,monitor,0.9997816681861877
plus_occlusion,0,467,/home/nochi/NOCHI/M2_PAR/Apprenyissage_Pointcloud/Pointclouds-classification-with-the-POINTNET-Neural-network/PointNetLab/data/ModelNet10_PLY/monitor/test/monitor_0511.ply,5,5,monitor,monitor,0.9992910623550415
plus_occlusion,0,468,/home/nochi/NOCHI/M2_PAR/Apprenyissage_Pointcloud/Pointclouds-classification-with-the-POINTNET-Neural-network/PointNetLab/data/ModelNet10_PLY/monitor/test/monitor_0512.ply,5,5,monitor,monitor,0.9999192953109741
plus_occlusion,0,469,/home/nochi/NOCHI/M2_PAR/Apprenyissage_Pointcloud/Pointclouds-classification-with-the-POINTNET-Neural-network/PointNetLab/data/ModelNet10_PLY/monitor/test/monitor_0513.ply,5,5,monitor,monitor,0.996248185634613
plus_occlusion,0,470,/home/nochi/NOCHI/M2_PAR/Apprenyissage_Pointcloud/Pointclouds-classification-with-the-POINTNET-Neural-network/PointNetLab/data/ModelNet10_PLY/monitor/test/monitor_0514.ply,5,5,monitor,monitor,0.999828577041626
plus_occlusion,0,471,/home/nochi/NOCHI/M2_PAR/Apprenyissage_Pointcloud/Pointclouds-classification-with-the-POINTNET-Neural-network/PointNetLab/data/ModelNet10_PLY/monitor/test/monitor_0515.ply,5,5,monitor,monitor,0.9995362758636475
plus_occlusion,0,472,/home/nochi/NOCHI/M2_PAR/Apprenyissage_Pointcloud/Pointclouds-classification-with-the-POINTNET-Neural-network/PointNetLab/data/ModelNet10_PLY/monitor/test/monitor_0516.ply,5,5,monitor,monitor,0.9983994364738464
plus_occlusion,0,473,/home/nochi/NOCHI/M2_PAR/Apprenyissage_Pointcloud/Pointclouds-classification-with-the-POINTNET-Neural-network/PointNetLab/data/ModelNet10_PLY/monitor/test/monitor_0517.ply,5,5,monitor,monitor,0.9981911182403564
plus_occlusion,0,474,/home/nochi/NOCHI/M2_PAR/Apprenyissage_Pointcloud/Pointclouds-classification-with-the-POINTNET-Neural-network/PointNetLab/data/ModelNet10_PLY/monitor/test/monitor_0518.ply,5,5,monitor,monitor,0.9999241828918457
plus_occlusion,0,475,/home/nochi/NOCHI/M2_PAR/Apprenyissage_Pointcloud/Pointclouds-classification-with-the-POINTNET-Neural-network/PointNetLab/data/ModelNet10_PLY/monitor/test/monitor_0519.ply,5,5,monitor,monitor,0.8448578715324402
plus_occlusion,0,476,/home/nochi/NOCHI/M2_PAR/Apprenyissage_Pointcloud/Pointclouds-classification-with-the-POINTNET-Neural-network/PointNetLab/data/ModelNet10_PLY/monitor/test/monitor_0520.ply,5,5,monitor,monitor,0.999951958656311
plus_occlusion,0,477,/home/nochi/NOCHI/M2_PAR/Apprenyissage_Pointcloud/Pointclouds-classification-with-the-POINTNET-Neural-network/PointNetLab/data/ModelNet10_PLY/monitor/test/monitor_0521.ply,5,5,monitor,monitor,0.9801788330078125
plus_occlusion,0,478,/home/nochi/NOCHI/M2_PAR/Apprenyissage_Pointcloud/Pointclouds-classification-with-the-POINTNET-Neural-network/PointNetLab/data/ModelNet10_PLY/monitor/test/monitor_0522.ply,5,5,monitor,monitor,0.9993323087692261
plus_occlusion,0,479,/home/nochi/NOCHI/M2_PAR/Apprenyissage_Pointcloud/Pointclouds-classification-with-the-POINTNET-Neural-network/PointNetLab/data/ModelNet10_PLY/monitor/test/monitor_0523.ply,5,5,monitor,monitor,0.9987820982933044
plus_occlusion,0,480,/home/nochi/NOCHI/M2_PAR/Apprenyissage_Pointcloud/Pointclouds-classification-with-the-POINTNET-Neural-network/PointNetLab/data/ModelNet10_PLY/monitor/test/monitor_0524.ply,5,5,monitor,monitor,0.9975301623344421
plus_occlusion,0,481,/home/nochi/NOCHI/M2_PAR/Apprenyissage_Pointcloud/Pointclouds-classification-with-the-POINTNET-Neural-network/PointNetLab/data/ModelNet10_PLY/monitor/test/monitor_0525.ply,5,5,monitor,monitor,0.9999091625213623
plus_occlusion,0,482,/home/nochi/NOCHI/M2_PAR/Apprenyissage_Pointcloud/Pointclouds-classification-with-the-POINTNET-Neural-network/PointNetLab/data/ModelNet10_PLY/monitor/test/monitor_0526.ply,5,5,monitor,monitor,0.9999432563781738
plus_occlusion,0,483,/home/nochi/NOCHI/M2_PAR/Apprenyissage_Pointcloud/Pointclouds-classification-with-the-POINTNET-Neural-network/PointNetLab/data/ModelNet10_PLY/monitor/test/monitor_0527.ply,5,5,monitor,monitor,0.9998940229415894
plus_occlusion,0,484,/home/nochi/NOCHI/M2_PAR/Apprenyissage_Pointcloud/Pointclouds-classification-with-the-POINTNET-Neural-network/PointNetLab/data/ModelNet10_PLY/monitor/test/monitor_0528.ply,5,5,monitor,monitor,0.9999083280563354
plus_occlusion,0,485,/home/nochi/NOCHI/M2_PAR/Apprenyissage_Pointcloud/Pointclouds-classification-with-the-POINTNET-Neural-network/PointNetLab/data/ModelNet10_PLY/monitor/test/monitor_0529.ply,5,5,monitor,monitor,0.9996540546417236
plus_occlusion,0,486,/home/nochi/NOCHI/M2_PAR/Apprenyissage_Pointcloud/Pointclouds-classification-with-the-POINTNET-Neural-network/PointNetLab/data/ModelNet10_PLY/monitor/test/monitor_0530.ply,5,5,monitor,monitor,0.999975323677063
plus_occlusion,0,487,/home/nochi/NOCHI/M2_PAR/Apprenyissage_Pointcloud/Pointclouds-classification-with-the-POINTNET-Neural-network/PointNetLab/data/ModelNet10_PLY/monitor/test/monitor_0531.ply,5,5,monitor,monitor,0.8889288306236267
plus_occlusion,0,488,/home/nochi/NOCHI/M2_PAR/Apprenyissage_Pointcloud/Pointclouds-classification-with-the-POINTNET-Neural-network/PointNetLab/data/ModelNet10_PLY/monitor/test/monitor_0532.ply,5,5,monitor,monitor,0.9995313286781311
plus_occlusion,0,489,/home/nochi/NOCHI/M2_PAR/Apprenyissage_Pointcloud/Pointclouds-classification-with-the-POINTNET-Neural-network/PointNetLab/data/ModelNet10_PLY/monitor/test/monitor_0533.ply,5,5,monitor,monitor,0.9993063807487488
plus_occlusion,0,490,/home/nochi/NOCHI/M2_PAR/Apprenyissage_Pointcloud/Pointclouds-classification-with-the-POINTNET-Neural-network/PointNetLab/data/ModelNet10_PLY/monitor/test/monitor_0534.ply,5,5,monitor,monitor,0.9990227818489075
plus_occlusion,0,491,/home/nochi/NOCHI/M2_PAR/Apprenyissage_Pointcloud/Pointclouds-classification-with-the-POINTNET-Neural-network/PointNetLab/data/ModelNet10_PLY/monitor/test/monitor_0535.ply,5,5,monitor,monitor,0.9981099367141724
plus_occlusion,0,492,/home/nochi/NOCHI/M2_PAR/Apprenyissage_Pointcloud/Pointclouds-classification-with-the-POINTNET-Neural-network/PointNetLab/data/ModelNet10_PLY/monitor/test/monitor_0536.ply,5,5,monitor,monitor,0.997852087020874
plus_occlusion,0,493,/home/nochi/NOCHI/M2_PAR/Apprenyissage_Pointcloud/Pointclouds-classification-with-the-POINTNET-Neural-network/PointNetLab/data/ModelNet10_PLY/monitor/test/monitor_0537.ply,5,5,monitor,monitor,0.9993171691894531
plus_occlusion,0,494,/home/nochi/NOCHI/M2_PAR/Apprenyissage_Pointcloud/Pointclouds-classification-with-the-POINTNET-Neural-network/PointNetLab/data/ModelNet10_PLY/monitor/test/monitor_0538.ply,5,5,monitor,monitor,0.9999006390571594
plus_occlusion,0,495,/home/nochi/NOCHI/M2_PAR/Apprenyissage_Pointcloud/Pointclouds-classification-with-the-POINTNET-Neural-network/PointNetLab/data/ModelNet10_PLY/monitor/test/monitor_0539.ply,5,5,monitor,monitor,0.9990451335906982
plus_occlusion,0,496,/home/nochi/NOCHI/M2_PAR/Apprenyissage_Pointcloud/Pointclouds-classification-with-the-POINTNET-Neural-network/PointNetLab/data/ModelNet10_PLY/monitor/test/monitor_0540.ply,5,5,monitor,monitor,0.9994205832481384
plus_occlusion,0,497,/home/nochi/NOCHI/M2_PAR/Apprenyissage_Pointcloud/Pointclouds-classification-with-the-POINTNET-Neural-network/PointNetLab/data/ModelNet10_PLY/monitor/test/monitor_0541.ply,5,5,monitor,monitor,0.9988014101982117
plus_occlusion,0,498,/home/nochi/NOCHI/M2_PAR/Apprenyissage_Pointcloud/Pointclouds-classification-with-the-POINTNET-Neural-network/PointNetLab/data/ModelNet10_PLY/monitor/test/monitor_0542.ply,5,5,monitor,monitor,0.99972003698349
plus_occlusion,0,499,/home/nochi/NOCHI/M2_PAR/Apprenyissage_Pointcloud/Pointclouds-classification-with-the-POINTNET-Neural-network/PointNetLab/data/ModelNet10_PLY/monitor/test/monitor_0543.ply,5,5,monitor,monitor,0.999904990196228
plus_occlusion,0,500,/home/nochi/NOCHI/M2_PAR/Apprenyissage_Pointcloud/Pointclouds-classification-with-the-POINTNET-Neural-network/PointNetLab/data/ModelNet10_PLY/monitor/test/monitor_0544.ply,5,5,monitor,monitor,0.9997219443321228
plus_occlusion,0,501,/home/nochi/NOCHI/M2_PAR/Apprenyissage_Pointcloud/Pointclouds-classification-with-the-POINTNET-Neural-network/PointNetLab/data/ModelNet10_PLY/monitor/test/monitor_0545.ply,5,5,monitor,monitor,0.9999257326126099
plus_occlusion,0,502,/home/nochi/NOCHI/M2_PAR/Apprenyissage_Pointcloud/Pointclouds-classification-with-the-POINTNET-Neural-network/PointNetLab/data/ModelNet10_PLY/monitor/test/monitor_0546.ply,5,5,monitor,monitor,0.9999316334724426
plus_occlusion,0,503,/home/nochi/NOCHI/M2_PAR/Apprenyissage_Pointcloud/Pointclouds-classification-with-the-POINTNET-Neural-network/PointNetLab/data/ModelNet10_PLY/monitor/test/monitor_0547.ply,5,5,monitor,monitor,0.9998522400856018
plus_occlusion,0,504,/home/nochi/NOCHI/M2_PAR/Apprenyissage_Pointcloud/Pointclouds-classification-with-the-POINTNET-Neural-network/PointNetLab/data/ModelNet10_PLY/monitor/test/monitor_0548.ply,5,5,monitor,monitor,0.9997574687004089
plus_occlusion,0,505,/home/nochi/NOCHI/M2_PAR/Apprenyissage_Pointcloud/Pointclouds-classification-with-the-POINTNET-Neural-network/PointNetLab/data/ModelNet10_PLY/monitor/test/monitor_0549.ply,5,5,monitor,monitor,0.9989427924156189
plus_occlusion,0,506,/home/nochi/NOCHI/M2_PAR/Apprenyissage_Pointcloud/Pointclouds-classification-with-the-POINTNET-Neural-network/PointNetLab/data/ModelNet10_PLY/monitor/test/monitor_0550.ply,5,5,monitor,monitor,0.999742329120636
plus_occlusion,0,507,/home/nochi/NOCHI/M2_PAR/Apprenyissage_Pointcloud/Pointclouds-classification-with-the-POINTNET-Neural-network/PointNetLab/data/ModelNet10_PLY/monitor/test/monitor_0551.ply,5,5,monitor,monitor,0.9998232126235962
plus_occlusion,0,508,/home/nochi/NOCHI/M2_PAR/Apprenyissage_Pointcloud/Pointclouds-classification-with-the-POINTNET-Neural-network/PointNetLab/data/ModelNet10_PLY/monitor/test/monitor_0552.ply,5,5,monitor,monitor,0.9989476203918457
plus_occlusion,0,509,/home/nochi/NOCHI/M2_PAR/Apprenyissage_Pointcloud/Pointclouds-classification-with-the-POINTNET-Neural-network/PointNetLab/data/ModelNet10_PLY/monitor/test/monitor_0553.ply,5,5,monitor,monitor,0.9993900060653687
plus_occlusion,0,510,/home/nochi/NOCHI/M2_PAR/Apprenyissage_Pointcloud/Pointclouds-classification-with-the-POINTNET-Neural-network/PointNetLab/data/ModelNet10_PLY/monitor/test/monitor_0554.ply,5,5,monitor,monitor,0.999945342540741
plus_occlusion,0,511,/home/nochi/NOCHI/M2_PAR/Apprenyissage_Pointcloud/Pointclouds-classification-with-the-POINTNET-Neural-network/PointNetLab/data/ModelNet10_PLY/monitor/test/monitor_0555.ply,5,5,monitor,monitor,0.9907912015914917
plus_occlusion,0,512,/home/nochi/NOCHI/M2_PAR/Apprenyissage_Pointcloud/Pointclouds-classification-with-the-POINTNET-Neural-network/PointNetLab/data/ModelNet10_PLY/monitor/test/monitor_0556.ply,5,5,monitor,monitor,0.999951958656311
plus_occlusion,0,513,/home/nochi/NOCHI/M2_PAR/Apprenyissage_Pointcloud/Pointclouds-classification-with-the-POINTNET-Neural-network/PointNetLab/data/ModelNet10_PLY/monitor/test/monitor_0557.ply,5,5,monitor,monitor,0.9714673757553101
plus_occlusion,0,514,/home/nochi/NOCHI/M2_PAR/Apprenyissage_Pointcloud/Pointclouds-classification-with-the-POINTNET-Neural-network/PointNetLab/data/ModelNet10_PLY/monitor/test/monitor_0558.ply,5,5,monitor,monitor,0.9996291995048523
plus_occlusion,0,515,/home/nochi/NOCHI/M2_PAR/Apprenyissage_Pointcloud/Pointclouds-classification-with-the-POINTNET-Neural-network/PointNetLab/data/ModelNet10_PLY/monitor/test/monitor_0559.ply,5,5,monitor,monitor,0.9998193383216858
plus_occlusion,0,516,/home/nochi/NOCHI/M2_PAR/Apprenyissage_Pointcloud/Pointclouds-classification-with-the-POINTNET-Neural-network/PointNetLab/data/ModelNet10_PLY/monitor/test/monitor_0560.ply,5,5,monitor,monitor,0.99710613489151
plus_occlusion,0,517,/home/nochi/NOCHI/M2_PAR/Apprenyissage_Pointcloud/Pointclouds-classification-with-the-POINTNET-Neural-network/PointNetLab/data/ModelNet10_PLY/monitor/test/monitor_0561.ply,5,5,monitor,monitor,0.9999150037765503
plus_occlusion,0,518,/home/nochi/NOCHI/M2_PAR/Apprenyissage_Pointcloud/Pointclouds-classification-with-the-POINTNET-Neural-network/PointNetLab/data/ModelNet10_PLY/monitor/test/monitor_0562.ply,5,5,monitor,monitor,0.7690485715866089
plus_occlusion,0,519,/home/nochi/NOCHI/M2_PAR/Apprenyissage_Pointcloud/Pointclouds-classification-with-the-POINTNET-Neural-network/PointNetLab/data/ModelNet10_PLY/monitor/test/monitor_0563.ply,5,5,monitor,monitor,0.9987083673477173
plus_occlusion,0,520,/home/nochi/NOCHI/M2_PAR/Apprenyissage_Pointcloud/Pointclouds-classification-with-the-POINTNET-Neural-network/PointNetLab/data/ModelNet10_PLY/monitor/test/monitor_0564.ply,5,5,monitor,monitor,0.9997940063476562
plus_occlusion,0,521,/home/nochi/NOCHI/M2_PAR/Apprenyissage_Pointcloud/Pointclouds-classification-with-the-POINTNET-Neural-network/PointNetLab/data/ModelNet10_PLY/monitor/test/monitor_0565.ply,5,5,monitor,monitor,0.9999696016311646
plus_occlusion,0,522,/home/nochi/NOCHI/M2_PAR/Apprenyissage_Pointcloud/Pointclouds-classification-with-the-POINTNET-Neural-network/PointNetLab/data/ModelNet10_PLY/night_stand/test/night_stand_0201.ply,6,6,night_stand,night_stand,0.8675981163978577
plus_occlusion,0,523,/home/nochi/NOCHI/M2_PAR/Apprenyissage_Pointcloud/Pointclouds-classification-with-the-POINTNET-Neural-network/PointNetLab/data/ModelNet10_PLY/night_stand/test/night_stand_0202.ply,6,6,night_stand,night_stand,0.5824927091598511
plus_occlusion,0,524,/home/nochi/NOCHI/M2_PAR/Apprenyissage_Pointcloud/Pointclouds-classification-with-the-POINTNET-Neural-network/PointNetLab/data/ModelNet10_PLY/night_stand/test/night_stand_0203.ply,6,6,night_stand,night_stand,0.5776364207267761
plus_occlusion,0,525,/home/nochi/NOCHI/M2_PAR/Apprenyissage_Pointcloud/Pointclouds-classification-with-the-POINTNET-Neural-network/PointNetLab/data/ModelNet10_PLY/night_stand/test/night_stand_0204.ply,6,4,night_stand,dresser,0.5876641869544983
plus_occlusion,0,526,/home/nochi/NOCHI/M2_PAR/Apprenyissage_Pointcloud/Pointclouds-classification-with-the-POINTNET-Neural-network/PointNetLab/data/ModelNet10_PLY/night_stand/test/night_stand_0205.ply,6,6,night_stand,night_stand,0.7240070700645447
plus_occlusion,0,527,/home/nochi/NOCHI/M2_PAR/Apprenyissage_Pointcloud/Pointclouds-classification-with-the-POINTNET-Neural-network/PointNetLab/data/ModelNet10_PLY/night_stand/test/night_stand_0206.ply,6,6,night_stand,night_stand,0.43114325404167175
plus_occlusion,0,528,/home/nochi/NOCHI/M2_PAR/Apprenyissage_Pointcloud/Pointclouds-classification-with-the-POINTNET-Neural-network/PointNetLab/data/ModelNet10_PLY/night_stand/test/night_stand_0207.ply,6,6,night_stand,night_stand,0.6851257681846619
plus_occlusion,0,529,/home/nochi/NOCHI/M2_PAR/Apprenyissage_Pointcloud/Pointclouds-classification-with-the-POINTNET-Neural-network/PointNetLab/data/ModelNet10_PLY/night_stand/test/night_stand_0208.ply,6,4,night_stand,dresser,0.5851970911026001
plus_occlusion,0,530,/home/nochi/NOCHI/M2_PAR/Apprenyissage_Pointcloud/Pointclouds-classification-with-the-POINTNET-Neural-network/PointNetLab/data/ModelNet10_PLY/night_stand/test/night_stand_0209.ply,6,6,night_stand,night_stand,0.7186973690986633
plus_occlusion,0,531,/home/nochi/NOCHI/M2_PAR/Apprenyissage_Pointcloud/Pointclouds-classification-with-the-POINTNET-Neural-network/PointNetLab/data/ModelNet10_PLY/night_stand/test/night_stand_0210.ply,6,4,night_stand,dresser,0.743810772895813
plus_occlusion,0,532,/home/nochi/NOCHI/M2_PAR/Apprenyissage_Pointcloud/Pointclouds-classification-with-the-POINTNET-Neural-network/PointNetLab/data/ModelNet10_PLY/night_stand/test/night_stand_0211.ply,6,6,night_stand,night_stand,0.5228537917137146
plus_occlusion,0,533,/home/nochi/NOCHI/M2_PAR/Apprenyissage_Pointcloud/Pointclouds-classification-with-the-POINTNET-Neural-network/PointNetLab/data/ModelNet10_PLY/night_stand/test/night_stand_0212.ply,6,6,night_stand,night_stand,0.5895410180091858
plus_occlusion,0,534,/home/nochi/NOCHI/M2_PAR/Apprenyissage_Pointcloud/Pointclouds-classification-with-the-POINTNET-Neural-network/PointNetLab/data/ModelNet10_PLY/night_stand/test/night_stand_0213.ply,6,6,night_stand,night_stand,0.8369460701942444
plus_occlusion,0,535,/home/nochi/NOCHI/M2_PAR/Apprenyissage_Pointcloud/Pointclouds-classification-with-the-POINTNET-Neural-network/PointNetLab/data/ModelNet10_PLY/night_stand/test/night_stand_0214.ply,6,6,night_stand,night_stand,0.6812655925750732
plus_occlusion,0,536,/home/nochi/NOCHI/M2_PAR/Apprenyissage_Pointcloud/Pointclouds-classification-with-the-POINTNET-Neural-network/PointNetLab/data/ModelNet10_PLY/night_stand/test/night_stand_0215.ply,6,4,night_stand,dresser,0.8153181076049805
plus_occlusion,0,537,/home/nochi/NOCHI/M2_PAR/Apprenyissage_Pointcloud/Pointclouds-classification-with-the-POINTNET-Neural-network/PointNetLab/data/ModelNet10_PLY/night_stand/test/night_stand_0216.ply,6,8,night_stand,table,0.6242379546165466
plus_occlusion,0,538,/home/nochi/NOCHI/M2_PAR/Apprenyissage_Pointcloud/Pointclouds-classification-with-the-POINTNET-Neural-network/PointNetLab/data/ModelNet10_PLY/night_stand/test/night_stand_0217.ply,6,6,night_stand,night_stand,0.7093560099601746
plus_occlusion,0,539,/home/nochi/NOCHI/M2_PAR/Apprenyissage_Pointcloud/Pointclouds-classification-with-the-POINTNET-Neural-network/PointNetLab/data/ModelNet10_PLY/night_stand/test/night_stand_0218.ply,6,6,night_stand,night_stand,0.7831979990005493
plus_occlusion,0,540,/home/nochi/NOCHI/M2_PAR/Apprenyissage_Pointcloud/Pointclouds-classification-with-the-POINTNET-Neural-network/PointNetLab/data/ModelNet10_PLY/night_stand/test/night_stand_0219.ply,6,6,night_stand,night_stand,0.9438719749450684
plus_occlusion,0,541,/home/nochi/NOCHI/M2_PAR/Apprenyissage_Pointcloud/Pointclouds-classification-with-the-POINTNET-Neural-network/PointNetLab/data/ModelNet10_PLY/night_stand/test/night_stand_0220.ply,6,4,night_stand,dresser,0.7161959409713745
plus_occlusion,0,542,/home/nochi/NOCHI/M2_PAR/Apprenyissage_Pointcloud/Pointclouds-classification-with-the-POINTNET-Neural-network/PointNetLab/data/ModelNet10_PLY/night_stand/test/night_stand_0221.ply,6,9,night_stand,toilet,0.3819395899772644
plus_occlusion,0,543,/home/nochi/NOCHI/M2_PAR/Apprenyissage_Pointcloud/Pointclouds-classification-with-the-POINTNET-Neural-network/PointNetLab/data/ModelNet10_PLY/night_stand/test/night_stand_0222.ply,6,4,night_stand,dresser,0.765426754951477
plus_occlusion,0,544,/home/nochi/NOCHI/M2_PAR/Apprenyissage_Pointcloud/Pointclouds-classification-with-the-POINTNET-Neural-network/PointNetLab/data/ModelNet10_PLY/night_stand/test/night_stand_0223.ply,6,4,night_stand,dresser,0.814045786857605
plus_occlusion,0,545,/home/nochi/NOCHI/M2_PAR/Apprenyissage_Pointcloud/Pointclouds-classification-with-the-POINTNET-Neural-network/PointNetLab/data/ModelNet10_PLY/night_stand/test/night_stand_0224.ply,6,5,night_stand,monitor,0.8256185054779053
plus_occlusion,0,546,/home/nochi/NOCHI/M2_PAR/Apprenyissage_Pointcloud/Pointclouds-classification-with-the-POINTNET-Neural-network/PointNetLab/data/ModelNet10_PLY/night_stand/test/night_stand_0225.ply,6,6,night_stand,night_stand,0.795692503452301
plus_occlusion,0,547,/home/nochi/NOCHI/M2_PAR/Apprenyissage_Pointcloud/Pointclouds-classification-with-the-POINTNET-Neural-network/PointNetLab/data/ModelNet10_PLY/night_stand/test/night_stand_0226.ply,6,6,night_stand,night_stand,0.5478383302688599
plus_occlusion,0,548,/home/nochi/NOCHI/M2_PAR/Apprenyissage_Pointcloud/Pointclouds-classification-with-the-POINTNET-Neural-network/PointNetLab/data/ModelNet10_PLY/night_stand/test/night_stand_0227.ply,6,4,night_stand,dresser,0.6740769743919373
plus_occlusion,0,549,/home/nochi/NOCHI/M2_PAR/Apprenyissage_Pointcloud/Pointclouds-classification-with-the-POINTNET-Neural-network/PointNetLab/data/ModelNet10_PLY/night_stand/test/night_stand_0228.ply,6,4,night_stand,dresser,0.8774626851081848
plus_occlusion,0,550,/home/nochi/NOCHI/M2_PAR/Apprenyissage_Pointcloud/Pointclouds-classification-with-the-POINTNET-Neural-network/PointNetLab/data/ModelNet10_PLY/night_stand/test/night_stand_0229.ply,6,6,night_stand,night_stand,0.6702945828437805
plus_occlusion,0,551,/home/nochi/NOCHI/M2_PAR/Apprenyissage_Pointcloud/Pointclouds-classification-with-the-POINTNET-Neural-network/PointNetLab/data/ModelNet10_PLY/night_stand/test/night_stand_0230.ply,6,6,night_stand,night_stand,0.7837569117546082
plus_occlusion,0,552,/home/nochi/NOCHI/M2_PAR/Apprenyissage_Pointcloud/Pointclouds-classification-with-the-POINTNET-Neural-network/PointNetLab/data/ModelNet10_PLY/night_stand/test/night_stand_0231.ply,6,4,night_stand,dresser,0.41493871808052063
plus_occlusion,0,553,/home/nochi/NOCHI/M2_PAR/Apprenyissage_Pointcloud/Pointclouds-classification-with-the-POINTNET-Neural-network/PointNetLab/data/ModelNet10_PLY/night_stand/test/night_stand_0232.ply,6,6,night_stand,night_stand,0.8430302143096924
plus_occlusion,0,554,/home/nochi/NOCHI/M2_PAR/Apprenyissage_Pointcloud/Pointclouds-classification-with-the-POINTNET-Neural-network/PointNetLab/data/ModelNet10_PLY/night_stand/test/night_stand_0233.ply,6,6,night_stand,night_stand,0.6563191413879395
plus_occlusion,0,555,/home/nochi/NOCHI/M2_PAR/Apprenyissage_Pointcloud/Pointclouds-classification-with-the-POINTNET-Neural-network/PointNetLab/data/ModelNet10_PLY/night_stand/test/night_stand_0234.ply,6,6,night_stand,night_stand,0.3655010461807251
plus_occlusion,0,556,/home/nochi/NOCHI/M2_PAR/Apprenyissage_Pointcloud/Pointclouds-classification-with-the-POINTNET-Neural-network/PointNetLab/data/ModelNet10_PLY/night_stand/test/night_stand_0235.ply,6,6,night_stand,night_stand,0.8722559809684753
plus_occlusion,0,557,/home/nochi/NOCHI/M2_PAR/Apprenyissage_Pointcloud/Pointclouds-classification-with-the-POINTNET-Neural-network/PointNetLab/data/ModelNet10_PLY/night_stand/test/night_stand_0236.ply,6,6,night_stand,night_stand,0.8411493897438049
plus_occlusion,0,558,/home/nochi/NOCHI/M2_PAR/Apprenyissage_Pointcloud/Pointclouds-classification-with-the-POINTNET-Neural-network/PointNetLab/data/ModelNet10_PLY/night_stand/test/night_stand_0237.ply,6,6,night_stand,night_stand,0.6078304052352905
plus_occlusion,0,559,/home/nochi/NOCHI/M2_PAR/Apprenyissage_Pointcloud/Pointclouds-classification-with-the-POINTNET-Neural-network/PointNetLab/data/ModelNet10_PLY/night_stand/test/night_stand_0238.ply,6,6,night_stand,night_stand,0.7062192559242249
plus_occlusion,0,560,/home/nochi/NOCHI/M2_PAR/Apprenyissage_Pointcloud/Pointclouds-classification-with-the-POINTNET-Neural-network/PointNetLab/data/ModelNet10_PLY/night_stand/test/night_stand_0239.ply,6,6,night_stand,night_stand,0.8072001934051514
plus_occlusion,0,561,/home/nochi/NOCHI/M2_PAR/Apprenyissage_Pointcloud/Pointclouds-classification-with-the-POINTNET-Neural-network/PointNetLab/data/ModelNet10_PLY/night_stand/test/night_stand_0240.ply,6,6,night_stand,night_stand,0.7074728012084961
plus_occlusion,0,562,/home/nochi/NOCHI/M2_PAR/Apprenyissage_Pointcloud/Pointclouds-classification-with-the-POINTNET-Neural-network/PointNetLab/data/ModelNet10_PLY/night_stand/test/night_stand_0241.ply,6,6,night_stand,night_stand,0.5976893901824951
plus_occlusion,0,563,/home/nochi/NOCHI/M2_PAR/Apprenyissage_Pointcloud/Pointclouds-classification-with-the-POINTNET-Neural-network/PointNetLab/data/ModelNet10_PLY/night_stand/test/night_stand_0242.ply,6,6,night_stand,night_stand,0.658097505569458
plus_occlusion,0,564,/home/nochi/NOCHI/M2_PAR/Apprenyissage_Pointcloud/Pointclouds-classification-with-the-POINTNET-Neural-network/PointNetLab/data/ModelNet10_PLY/night_stand/test/night_stand_0243.ply,6,6,night_stand,night_stand,0.7686500549316406
plus_occlusion,0,565,/home/nochi/NOCHI/M2_PAR/Apprenyissage_Pointcloud/Pointclouds-classification-with-the-POINTNET-Neural-network/PointNetLab/data/ModelNet10_PLY/night_stand/test/night_stand_0244.ply,6,4,night_stand,dresser,0.7835363149642944
plus_occlusion,0,566,/home/nochi/NOCHI/M2_PAR/Apprenyissage_Pointcloud/Pointclouds-classification-with-the-POINTNET-Neural-network/PointNetLab/data/ModelNet10_PLY/night_stand/test/night_stand_0245.ply,6,6,night_stand,night_stand,0.8855553865432739
plus_occlusion,0,567,/home/nochi/NOCHI/M2_PAR/Apprenyissage_Pointcloud/Pointclouds-classification-with-the-POINTNET-Neural-network/PointNetLab/data/ModelNet10_PLY/night_stand/test/night_stand_0246.ply,6,6,night_stand,night_stand,0.5735572576522827
plus_occlusion,0,568,/home/nochi/NOCHI/M2_PAR/Apprenyissage_Pointcloud/Pointclouds-classification-with-the-POINTNET-Neural-network/PointNetLab/data/ModelNet10_PLY/night_stand/test/night_stand_0247.ply,6,4,night_stand,dresser,0.8651058673858643
plus_occlusion,0,569,/home/nochi/NOCHI/M2_PAR/Apprenyissage_Pointcloud/Pointclouds-classification-with-the-POINTNET-Neural-network/PointNetLab/data/ModelNet10_PLY/night_stand/test/night_stand_0248.ply,6,6,night_stand,night_stand,0.9121028184890747
plus_occlusion,0,570,/home/nochi/NOCHI/M2_PAR/Apprenyissage_Pointcloud/Pointclouds-classification-with-the-POINTNET-Neural-network/PointNetLab/data/ModelNet10_PLY/night_stand/test/night_stand_0249.ply,6,6,night_stand,night_stand,0.769281268119812
plus_occlusion,0,571,/home/nochi/NOCHI/M2_PAR/Apprenyissage_Pointcloud/Pointclouds-classification-with-the-POINTNET-Neural-network/PointNetLab/data/ModelNet10_PLY/night_stand/test/night_stand_0250.ply,6,8,night_stand,table,0.7992412447929382
plus_occlusion,0,572,/home/nochi/NOCHI/M2_PAR/Apprenyissage_Pointcloud/Pointclouds-classification-with-the-POINTNET-Neural-network/PointNetLab/data/ModelNet10_PLY/night_stand/test/night_stand_0251.ply,6,6,night_stand,night_stand,0.862631618976593
plus_occlusion,0,573,/home/nochi/NOCHI/M2_PAR/Apprenyissage_Pointcloud/Pointclouds-classification-with-the-POINTNET-Neural-network/PointNetLab/data/ModelNet10_PLY/night_stand/test/night_stand_0252.ply,6,4,night_stand,dresser,0.98332279920578
plus_occlusion,0,574,/home/nochi/NOCHI/M2_PAR/Apprenyissage_Pointcloud/Pointclouds-classification-with-the-POINTNET-Neural-network/PointNetLab/data/ModelNet10_PLY/night_stand/test/night_stand_0253.ply,6,6,night_stand,night_stand,0.5840908885002136
plus_occlusion,0,575,/home/nochi/NOCHI/M2_PAR/Apprenyissage_Pointcloud/Pointclouds-classification-with-the-POINTNET-Neural-network/PointNetLab/data/ModelNet10_PLY/night_stand/test/night_stand_0254.ply,6,4,night_stand,dresser,0.5999522805213928
plus_occlusion,0,576,/home/nochi/NOCHI/M2_PAR/Apprenyissage_Pointcloud/Pointclouds-classification-with-the-POINTNET-Neural-network/PointNetLab/data/ModelNet10_PLY/night_stand/test/night_stand_0255.ply,6,6,night_stand,night_stand,0.4433000683784485
plus_occlusion,0,577,/home/nochi/NOCHI/M2_PAR/Apprenyissage_Pointcloud/Pointclouds-classification-with-the-POINTNET-Neural-network/PointNetLab/data/ModelNet10_PLY/night_stand/test/night_stand_0256.ply,6,4,night_stand,dresser,0.8580670952796936
plus_occlusion,0,578,/home/nochi/NOCHI/M2_PAR/Apprenyissage_Pointcloud/Pointclouds-classification-with-the-POINTNET-Neural-network/PointNetLab/data/ModelNet10_PLY/night_stand/test/night_stand_0257.ply,6,6,night_stand,night_stand,0.5313032865524292
plus_occlusion,0,579,/home/nochi/NOCHI/M2_PAR/Apprenyissage_Pointcloud/Pointclouds-classification-with-the-POINTNET-Neural-network/PointNetLab/data/ModelNet10_PLY/night_stand/test/night_stand_0258.ply,6,6,night_stand,night_stand,0.6241815090179443
plus_occlusion,0,580,/home/nochi/NOCHI/M2_PAR/Apprenyissage_Pointcloud/Pointclouds-classification-with-the-POINTNET-Neural-network/PointNetLab/data/ModelNet10_PLY/night_stand/test/night_stand_0259.ply,6,8,night_stand,table,0.4887154698371887
plus_occlusion,0,581,/home/nochi/NOCHI/M2_PAR/Apprenyissage_Pointcloud/Pointclouds-classification-with-the-POINTNET-Neural-network/PointNetLab/data/ModelNet10_PLY/night_stand/test/night_stand_0260.ply,6,6,night_stand,night_stand,0.5659508109092712
plus_occlusion,0,582,/home/nochi/NOCHI/M2_PAR/Apprenyissage_Pointcloud/Pointclouds-classification-with-the-POINTNET-Neural-network/PointNetLab/data/ModelNet10_PLY/night_stand/test/night_stand_0261.ply,6,6,night_stand,night_stand,0.8420829176902771
plus_occlusion,0,583,/home/nochi/NOCHI/M2_PAR/Apprenyissage_Pointcloud/Pointclouds-classification-with-the-POINTNET-Neural-network/PointNetLab/data/ModelNet10_PLY/night_stand/test/night_stand_0262.ply,6,4,night_stand,dresser,0.5916011929512024
plus_occlusion,0,584,/home/nochi/NOCHI/M2_PAR/Apprenyissage_Pointcloud/Pointclouds-classification-with-the-POINTNET-Neural-network/PointNetLab/data/ModelNet10_PLY/night_stand/test/night_stand_0263.ply,6,6,night_stand,night_stand,0.44603899121284485
plus_occlusion,0,585,/home/nochi/NOCHI/M2_PAR/Apprenyissage_Pointcloud/Pointclouds-classification-with-the-POINTNET-Neural-network/PointNetLab/data/ModelNet10_PLY/night_stand/test/night_stand_0264.ply,6,6,night_stand,night_stand,0.8274216055870056
plus_occlusion,0,586,/home/nochi/NOCHI/M2_PAR/Apprenyissage_Pointcloud/Pointclouds-classification-with-the-POINTNET-Neural-network/PointNetLab/data/ModelNet10_PLY/night_stand/test/night_stand_0265.ply,6,6,night_stand,night_stand,0.532780110836029
plus_occlusion,0,587,/home/nochi/NOCHI/M2_PAR/Apprenyissage_Pointcloud/Pointclouds-classification-with-the-POINTNET-Neural-network/PointNetLab/data/ModelNet10_PLY/night_stand/test/night_stand_0266.ply,6,6,night_stand,night_stand,0.5629754662513733
plus_occlusion,0,588,/home/nochi/NOCHI/M2_PAR/Apprenyissage_Pointcloud/Pointclouds-classification-with-the-POINTNET-Neural-network/PointNetLab/data/ModelNet10_PLY/night_stand/test/night_stand_0267.ply,6,6,night_stand,night_stand,0.8056795001029968
plus_occlusion,0,589,/home/nochi/NOCHI/M2_PAR/Apprenyissage_Pointcloud/Pointclouds-classification-with-the-POINTNET-Neural-network/PointNetLab/data/ModelNet10_PLY/night_stand/test/night_stand_0268.ply,6,6,night_stand,night_stand,0.7965216040611267
plus_occlusion,0,590,/home/nochi/NOCHI/M2_PAR/Apprenyissage_Pointcloud/Pointclouds-classification-with-the-POINTNET-Neural-network/PointNetLab/data/ModelNet10_PLY/night_stand/test/night_stand_0269.ply,6,6,night_stand,night_stand,0.5840749740600586
plus_occlusion,0,591,/home/nochi/NOCHI/M2_PAR/Apprenyissage_Pointcloud/Pointclouds-classification-with-the-POINTNET-Neural-network/PointNetLab/data/ModelNet10_PLY/night_stand/test/night_stand_0270.ply,6,6,night_stand,night_stand,0.8897167444229126
plus_occlusion,0,592,/home/nochi/NOCHI/M2_PAR/Apprenyissage_Pointcloud/Pointclouds-classification-with-the-POINTNET-Neural-network/PointNetLab/data/ModelNet10_PLY/night_stand/test/night_stand_0271.ply,6,6,night_stand,night_stand,0.8991125226020813
plus_occlusion,0,593,/home/nochi/NOCHI/M2_PAR/Apprenyissage_Pointcloud/Pointclouds-classification-with-the-POINTNET-Neural-network/PointNetLab/data/ModelNet10_PLY/night_stand/test/night_stand_0272.ply,6,4,night_stand,dresser,0.9292573928833008
plus_occlusion,0,594,/home/nochi/NOCHI/M2_PAR/Apprenyissage_Pointcloud/Pointclouds-classification-with-the-POINTNET-Neural-network/PointNetLab/data/ModelNet10_PLY/night_stand/test/night_stand_0273.ply,6,6,night_stand,night_stand,0.8491193056106567
plus_occlusion,0,595,/home/nochi/NOCHI/M2_PAR/Apprenyissage_Pointcloud/Pointclouds-classification-with-the-POINTNET-Neural-network/PointNetLab/data/ModelNet10_PLY/night_stand/test/night_stand_0274.ply,6,4,night_stand,dresser,0.9293441772460938
plus_occlusion,0,596,/home/nochi/NOCHI/M2_PAR/Apprenyissage_Pointcloud/Pointclouds-classification-with-the-POINTNET-Neural-network/PointNetLab/data/ModelNet10_PLY/night_stand/test/night_stand_0275.ply,6,6,night_stand,night_stand,0.6500968933105469
plus_occlusion,0,597,/home/nochi/NOCHI/M2_PAR/Apprenyissage_Pointcloud/Pointclouds-classification-with-the-POINTNET-Neural-network/PointNetLab/data/ModelNet10_PLY/night_stand/test/night_stand_0276.ply,6,4,night_stand,dresser,0.5817418098449707
plus_occlusion,0,598,/home/nochi/NOCHI/M2_PAR/Apprenyissage_Pointcloud/Pointclouds-classification-with-the-POINTNET-Neural-network/PointNetLab/data/ModelNet10_PLY/night_stand/test/night_stand_0277.ply,6,4,night_stand,dresser,0.9316003322601318
plus_occlusion,0,599,/home/nochi/NOCHI/M2_PAR/Apprenyissage_Pointcloud/Pointclouds-classification-with-the-POINTNET-Neural-network/PointNetLab/data/ModelNet10_PLY/night_stand/test/night_stand_0278.ply,6,3,night_stand,desk,0.5217357277870178
plus_occlusion,0,600,/home/nochi/NOCHI/M2_PAR/Apprenyissage_Pointcloud/Pointclouds-classification-with-the-POINTNET-Neural-network/PointNetLab/data/ModelNet10_PLY/night_stand/test/night_stand_0279.ply,6,4,night_stand,dresser,0.5508103966712952
plus_occlusion,0,601,/home/nochi/NOCHI/M2_PAR/Apprenyissage_Pointcloud/Pointclouds-classification-with-the-POINTNET-Neural-network/PointNetLab/data/ModelNet10_PLY/night_stand/test/night_stand_0280.ply,6,6,night_stand,night_stand,0.8602091670036316
plus_occlusion,0,602,/home/nochi/NOCHI/M2_PAR/Apprenyissage_Pointcloud/Pointclouds-classification-with-the-POINTNET-Neural-network/PointNetLab/data/ModelNet10_PLY/night_stand/test/night_stand_0281.ply,6,4,night_stand,dresser,0.8903061151504517
plus_occlusion,0,603,/home/nochi/NOCHI/M2_PAR/Apprenyissage_Pointcloud/Pointclouds-classification-with-the-POINTNET-Neural-network/PointNetLab/data/ModelNet10_PLY/night_stand/test/night_stand_0282.ply,6,3,night_stand,desk,0.9102100133895874
plus_occlusion,0,604,/home/nochi/NOCHI/M2_PAR/Apprenyissage_Pointcloud/Pointclouds-classification-with-the-POINTNET-Neural-network/PointNetLab/data/ModelNet10_PLY/night_stand/test/night_stand_0283.ply,6,6,night_stand,night_stand,0.5088533163070679
plus_occlusion,0,605,/home/nochi/NOCHI/M2_PAR/Apprenyissage_Pointcloud/Pointclouds-classification-with-the-POINTNET-Neural-network/PointNetLab/data/ModelNet10_PLY/night_stand/test/night_stand_0284.ply,6,4,night_stand,dresser,0.6354159116744995
plus_occlusion,0,606,/home/nochi/NOCHI/M2_PAR/Apprenyissage_Pointcloud/Pointclouds-classification-with-the-POINTNET-Neural-network/PointNetLab/data/ModelNet10_PLY/night_stand/test/night_stand_0285.ply,6,6,night_stand,night_stand,0.7138110995292664
plus_occlusion,0,607,/home/nochi/NOCHI/M2_PAR/Apprenyissage_Pointcloud/Pointclouds-classification-with-the-POINTNET-Neural-network/PointNetLab/data/ModelNet10_PLY/night_stand/test/night_stand_0286.ply,6,4,night_stand,dresser,0.8886962532997131
plus_occlusion,0,608,/home/nochi/NOCHI/M2_PAR/Apprenyissage_Pointcloud/Pointclouds-classification-with-the-POINTNET-Neural-network/PointNetLab/data/ModelNet10_PLY/sofa/test/sofa_0681.ply,7,6,sofa,night_stand,0.41991347074508667
plus_occlusion,0,609,/home/nochi/NOCHI/M2_PAR/Apprenyissage_Pointcloud/Pointclouds-classification-with-the-POINTNET-Neural-network/PointNetLab/data/ModelNet10_PLY/sofa/test/sofa_0682.ply,7,9,sofa,toilet,0.545847475528717
plus_occlusion,0,610,/home/nochi/NOCHI/M2_PAR/Apprenyissage_Pointcloud/Pointclouds-classification-with-the-POINTNET-Neural-network/PointNetLab/data/ModelNet10_PLY/sofa/test/sofa_0683.ply,7,3,sofa,desk,0.7528200745582581
plus_occlusion,0,611,/home/nochi/NOCHI/M2_PAR/Apprenyissage_Pointcloud/Pointclouds-classification-with-the-POINTNET-Neural-network/PointNetLab/data/ModelNet10_PLY/sofa/test/sofa_0684.ply,7,7,sofa,sofa,0.9945279955863953
plus_occlusion,0,612,/home/nochi/NOCHI/M2_PAR/Apprenyissage_Pointcloud/Pointclouds-classification-with-the-POINTNET-Neural-network/PointNetLab/data/ModelNet10_PLY/sofa/test/sofa_0685.ply,7,7,sofa,sofa,0.9995508193969727
plus_occlusion,0,613,/home/nochi/NOCHI/M2_PAR/Apprenyissage_Pointcloud/Pointclouds-classification-with-the-POINTNET-Neural-network/PointNetLab/data/ModelNet10_PLY/sofa/test/sofa_0686.ply,7,7,sofa,sofa,0.792610764503479
plus_occlusion,0,614,/home/nochi/NOCHI/M2_PAR/Apprenyissage_Pointcloud/Pointclouds-classification-with-the-POINTNET-Neural-network/PointNetLab/data/ModelNet10_PLY/sofa/test/sofa_0687.ply,7,7,sofa,sofa,0.9916293621063232
plus_occlusion,0,615,/home/nochi/NOCHI/M2_PAR/Apprenyissage_Pointcloud/Pointclouds-classification-with-the-POINTNET-Neural-network/PointNetLab/data/ModelNet10_PLY/sofa/test/sofa_0688.ply,7,7,sofa,sofa,0.9918044209480286
plus_occlusion,0,616,/home/nochi/NOCHI/M2_PAR/Apprenyissage_Pointcloud/Pointclouds-classification-with-the-POINTNET-Neural-network/PointNetLab/data/ModelNet10_PLY/sofa/test/sofa_0689.ply,7,7,sofa,sofa,0.9932661056518555
plus_occlusion,0,617,/home/nochi/NOCHI/M2_PAR/Apprenyissage_Pointcloud/Pointclouds-classification-with-the-POINTNET-Neural-network/PointNetLab/data/ModelNet10_PLY/sofa/test/sofa_0690.ply,7,7,sofa,sofa,0.9948589205741882
plus_occlusion,0,618,/home/nochi/NOCHI/M2_PAR/Apprenyissage_Pointcloud/Pointclouds-classification-with-the-POINTNET-Neural-network/PointNetLab/data/ModelNet10_PLY/sofa/test/sofa_0691.ply,7,7,sofa,sofa,0.9957301020622253
plus_occlusion,0,619,/home/nochi/NOCHI/M2_PAR/Apprenyissage_Pointcloud/Pointclouds-classification-with-the-POINTNET-Neural-network/PointNetLab/data/ModelNet10_PLY/sofa/test/sofa_0692.ply,7,7,sofa,sofa,0.8934821486473083
plus_occlusion,0,620,/home/nochi/NOCHI/M2_PAR/Apprenyissage_Pointcloud/Pointclouds-classification-with-the-POINTNET-Neural-network/PointNetLab/data/ModelNet10_PLY/sofa/test/sofa_0693.ply,7,7,sofa,sofa,0.9963333010673523
plus_occlusion,0,621,/home/nochi/NOCHI/M2_PAR/Apprenyissage_Pointcloud/Pointclouds-classification-with-the-POINTNET-Neural-network/PointNetLab/data/ModelNet10_PLY/sofa/test/sofa_0694.ply,7,7,sofa,sofa,0.9772233963012695
plus_occlusion,0,622,/home/nochi/NOCHI/M2_PAR/Apprenyissage_Pointcloud/Pointclouds-classification-with-the-POINTNET-Neural-network/PointNetLab/data/ModelNet10_PLY/sofa/test/sofa_0695.ply,7,7,sofa,sofa,0.9879366755485535
plus_occlusion,0,623,/home/nochi/NOCHI/M2_PAR/Apprenyissage_Pointcloud/Pointclouds-classification-with-the-POINTNET-Neural-network/PointNetLab/data/ModelNet10_PLY/sofa/test/sofa_0696.ply,7,7,sofa,sofa,0.9981546401977539
plus_occlusion,0,624,/home/nochi/NOCHI/M2_PAR/Apprenyissage_Pointcloud/Pointclouds-classification-with-the-POINTNET-Neural-network/PointNetLab/data/ModelNet10_PLY/sofa/test/sofa_0697.ply,7,7,sofa,sofa,0.9937478303909302
plus_occlusion,0,625,/home/nochi/NOCHI/M2_PAR/Apprenyissage_Pointcloud/Pointclouds-classification-with-the-POINTNET-Neural-network/PointNetLab/data/ModelNet10_PLY/sofa/test/sofa_0698.ply,7,7,sofa,sofa,0.9941813945770264
plus_occlusion,0,626,/home/nochi/NOCHI/M2_PAR/Apprenyissage_Pointcloud/Pointclouds-classification-with-the-POINTNET-Neural-network/PointNetLab/data/ModelNet10_PLY/sofa/test/sofa_0699.ply,7,7,sofa,sofa,0.9836271405220032
plus_occlusion,0,627,/home/nochi/NOCHI/M2_PAR/Apprenyissage_Pointcloud/Pointclouds-classification-with-the-POINTNET-Neural-network/PointNetLab/data/ModelNet10_PLY/sofa/test/sofa_0700.ply,7,7,sofa,sofa,0.9828565120697021
plus_occlusion,0,628,/home/nochi/NOCHI/M2_PAR/Apprenyissage_Pointcloud/Pointclouds-classification-with-the-POINTNET-Neural-network/PointNetLab/data/ModelNet10_PLY/sofa/test/sofa_0701.ply,7,7,sofa,sofa,0.9823669791221619
plus_occlusion,0,629,/home/nochi/NOCHI/M2_PAR/Apprenyissage_Pointcloud/Pointclouds-classification-with-the-POINTNET-Neural-network/PointNetLab/data/ModelNet10_PLY/sofa/test/sofa_0702.ply,7,7,sofa,sofa,0.9926884770393372
plus_occlusion,0,630,/home/nochi/NOCHI/M2_PAR/Apprenyissage_Pointcloud/Pointclouds-classification-with-the-POINTNET-Neural-network/PointNetLab/data/ModelNet10_PLY/sofa/test/sofa_0703.ply,7,7,sofa,sofa,0.9749529957771301
plus_occlusion,0,631,/home/nochi/NOCHI/M2_PAR/Apprenyissage_Pointcloud/Pointclouds-classification-with-the-POINTNET-Neural-network/PointNetLab/data/ModelNet10_PLY/sofa/test/sofa_0704.ply,7,7,sofa,sofa,0.9939214587211609
plus_occlusion,0,632,/home/nochi/NOCHI/M2_PAR/Apprenyissage_Pointcloud/Pointclouds-classification-with-the-POINTNET-Neural-network/PointNetLab/data/ModelNet10_PLY/sofa/test/sofa_0705.ply,7,7,sofa,sofa,0.9969055652618408
plus_occlusion,0,633,/home/nochi/NOCHI/M2_PAR/Apprenyissage_Pointcloud/Pointclouds-classification-with-the-POINTNET-Neural-network/PointNetLab/data/ModelNet10_PLY/sofa/test/sofa_0706.ply,7,7,sofa,sofa,0.9045193791389465
plus_occlusion,0,634,/home/nochi/NOCHI/M2_PAR/Apprenyissage_Pointcloud/Pointclouds-classification-with-the-POINTNET-Neural-network/PointNetLab/data/ModelNet10_PLY/sofa/test/sofa_0707.ply,7,7,sofa,sofa,0.9722315073013306
plus_occlusion,0,635,/home/nochi/NOCHI/M2_PAR/Apprenyissage_Pointcloud/Pointclouds-classification-with-the-POINTNET-Neural-network/PointNetLab/data/ModelNet10_PLY/sofa/test/sofa_0708.ply,7,7,sofa,sofa,0.9979185461997986
plus_occlusion,0,636,/home/nochi/NOCHI/M2_PAR/Apprenyissage_Pointcloud/Pointclouds-classification-with-the-POINTNET-Neural-network/PointNetLab/data/ModelNet10_PLY/sofa/test/sofa_0709.ply,7,7,sofa,sofa,0.9970621466636658
plus_occlusion,0,637,/home/nochi/NOCHI/M2_PAR/Apprenyissage_Pointcloud/Pointclouds-classification-with-the-POINTNET-Neural-network/PointNetLab/data/ModelNet10_PLY/sofa/test/sofa_0710.ply,7,7,sofa,sofa,0.9977096915245056
plus_occlusion,0,638,/home/nochi/NOCHI/M2_PAR/Apprenyissage_Pointcloud/Pointclouds-classification-with-the-POINTNET-Neural-network/PointNetLab/data/ModelNet10_PLY/sofa/test/sofa_0711.ply,7,7,sofa,sofa,0.9990479350090027
plus_occlusion,0,639,/home/nochi/NOCHI/M2_PAR/Apprenyissage_Pointcloud/Pointclouds-classification-with-the-POINTNET-Neural-network/PointNetLab/data/ModelNet10_PLY/sofa/test/sofa_0712.ply,7,7,sofa,sofa,0.9989728927612305
plus_occlusion,0,640,/home/nochi/NOCHI/M2_PAR/Apprenyissage_Pointcloud/Pointclouds-classification-with-the-POINTNET-Neural-network/PointNetLab/data/ModelNet10_PLY/sofa/test/sofa_0713.ply,7,7,sofa,sofa,0.9990123510360718
plus_occlusion,0,641,/home/nochi/NOCHI/M2_PAR/Apprenyissage_Pointcloud/Pointclouds-classification-with-the-POINTNET-Neural-network/PointNetLab/data/ModelNet10_PLY/sofa/test/sofa_0714.ply,7,7,sofa,sofa,0.9990295171737671
plus_occlusion,0,642,/home/nochi/NOCHI/M2_PAR/Apprenyissage_Pointcloud/Pointclouds-classification-with-the-POINTNET-Neural-network/PointNetLab/data/ModelNet10_PLY/sofa/test/sofa_0715.ply,7,7,sofa,sofa,0.9877294898033142
plus_occlusion,0,643,/home/nochi/NOCHI/M2_PAR/Apprenyissage_Pointcloud/Pointclouds-classification-with-the-POINTNET-Neural-network/PointNetLab/data/ModelNet10_PLY/sofa/test/sofa_0716.ply,7,7,sofa,sofa,0.9716167449951172
plus_occlusion,0,644,/home/nochi/NOCHI/M2_PAR/Apprenyissage_Pointcloud/Pointclouds-classification-with-the-POINTNET-Neural-network/PointNetLab/data/ModelNet10_PLY/sofa/test/sofa_0717.ply,7,7,sofa,sofa,0.9931769371032715
plus_occlusion,0,645,/home/nochi/NOCHI/M2_PAR/Apprenyissage_Pointcloud/Pointclouds-classification-with-the-POINTNET-Neural-network/PointNetLab/data/ModelNet10_PLY/sofa/test/sofa_0718.ply,7,7,sofa,sofa,0.9987696409225464
plus_occlusion,0,646,/home/nochi/NOCHI/M2_PAR/Apprenyissage_Pointcloud/Pointclouds-classification-with-the-POINTNET-Neural-network/PointNetLab/data/ModelNet10_PLY/sofa/test/sofa_0719.ply,7,7,sofa,sofa,0.9979946613311768
plus_occlusion,0,647,/home/nochi/NOCHI/M2_PAR/Apprenyissage_Pointcloud/Pointclouds-classification-with-the-POINTNET-Neural-network/PointNetLab/data/ModelNet10_PLY/sofa/test/sofa_0720.ply,7,7,sofa,sofa,0.9725484848022461
plus_occlusion,0,648,/home/nochi/NOCHI/M2_PAR/Apprenyissage_Pointcloud/Pointclouds-classification-with-the-POINTNET-Neural-network/PointNetLab/data/ModelNet10_PLY/sofa/test/sofa_0721.ply,7,7,sofa,sofa,0.9959385395050049
plus_occlusion,0,649,/home/nochi/NOCHI/M2_PAR/Apprenyissage_Pointcloud/Pointclouds-classification-with-the-POINTNET-Neural-network/PointNetLab/data/ModelNet10_PLY/sofa/test/sofa_0722.ply,7,7,sofa,sofa,0.9990845322608948
plus_occlusion,0,650,/home/nochi/NOCHI/M2_PAR/Apprenyissage_Pointcloud/Pointclouds-classification-with-the-POINTNET-Neural-network/PointNetLab/data/ModelNet10_PLY/sofa/test/sofa_0723.ply,7,7,sofa,sofa,0.9895134568214417
plus_occlusion,0,651,/home/nochi/NOCHI/M2_PAR/Apprenyissage_Pointcloud/Pointclouds-classification-with-the-POINTNET-Neural-network/PointNetLab/data/ModelNet10_PLY/sofa/test/sofa_0724.ply,7,7,sofa,sofa,0.9976503252983093
plus_occlusion,0,652,/home/nochi/NOCHI/M2_PAR/Apprenyissage_Pointcloud/Pointclouds-classification-with-the-POINTNET-Neural-network/PointNetLab/data/ModelNet10_PLY/sofa/test/sofa_0725.ply,7,7,sofa,sofa,0.9966611862182617
plus_occlusion,0,653,/home/nochi/NOCHI/M2_PAR/Apprenyissage_Pointcloud/Pointclouds-classification-with-the-POINTNET-Neural-network/PointNetLab/data/ModelNet10_PLY/sofa/test/sofa_0726.ply,7,7,sofa,sofa,0.9975093007087708
plus_occlusion,0,654,/home/nochi/NOCHI/M2_PAR/Apprenyissage_Pointcloud/Pointclouds-classification-with-the-POINTNET-Neural-network/PointNetLab/data/ModelNet10_PLY/sofa/test/sofa_0727.ply,7,7,sofa,sofa,0.9963650703430176
plus_occlusion,0,655,/home/nochi/NOCHI/M2_PAR/Apprenyissage_Pointcloud/Pointclouds-classification-with-the-POINTNET-Neural-network/PointNetLab/data/ModelNet10_PLY/sofa/test/sofa_0728.ply,7,7,sofa,sofa,0.9968312382698059
plus_occlusion,0,656,/home/nochi/NOCHI/M2_PAR/Apprenyissage_Pointcloud/Pointclouds-classification-with-the-POINTNET-Neural-network/PointNetLab/data/ModelNet10_PLY/sofa/test/sofa_0729.ply,7,7,sofa,sofa,0.9963055849075317
plus_occlusion,0,657,/home/nochi/NOCHI/M2_PAR/Apprenyissage_Pointcloud/Pointclouds-classification-with-the-POINTNET-Neural-network/PointNetLab/data/ModelNet10_PLY/sofa/test/sofa_0730.ply,7,7,sofa,sofa,0.9864111542701721
plus_occlusion,0,658,/home/nochi/NOCHI/M2_PAR/Apprenyissage_Pointcloud/Pointclouds-classification-with-the-POINTNET-Neural-network/PointNetLab/data/ModelNet10_PLY/sofa/test/sofa_0731.ply,7,7,sofa,sofa,0.9992263317108154
plus_occlusion,0,659,/home/nochi/NOCHI/M2_PAR/Apprenyissage_Pointcloud/Pointclouds-classification-with-the-POINTNET-Neural-network/PointNetLab/data/ModelNet10_PLY/sofa/test/sofa_0732.ply,7,7,sofa,sofa,0.9750682711601257
plus_occlusion,0,660,/home/nochi/NOCHI/M2_PAR/Apprenyissage_Pointcloud/Pointclouds-classification-with-the-POINTNET-Neural-network/PointNetLab/data/ModelNet10_PLY/sofa/test/sofa_0733.ply,7,7,sofa,sofa,0.9620717167854309
plus_occlusion,0,661,/home/nochi/NOCHI/M2_PAR/Apprenyissage_Pointcloud/Pointclouds-classification-with-the-POINTNET-Neural-network/PointNetLab/data/ModelNet10_PLY/sofa/test/sofa_0734.ply,7,7,sofa,sofa,0.9905912280082703
plus_occlusion,0,662,/home/nochi/NOCHI/M2_PAR/Apprenyissage_Pointcloud/Pointclouds-classification-with-the-POINTNET-Neural-network/PointNetLab/data/ModelNet10_PLY/sofa/test/sofa_0735.ply,7,7,sofa,sofa,0.9948911666870117
plus_occlusion,0,663,/home/nochi/NOCHI/M2_PAR/Apprenyissage_Pointcloud/Pointclouds-classification-with-the-POINTNET-Neural-network/PointNetLab/data/ModelNet10_PLY/sofa/test/sofa_0736.ply,7,7,sofa,sofa,0.7392563223838806
plus_occlusion,0,664,/home/nochi/NOCHI/M2_PAR/Apprenyissage_Pointcloud/Pointclouds-classification-with-the-POINTNET-Neural-network/PointNetLab/data/ModelNet10_PLY/sofa/test/sofa_0737.ply,7,7,sofa,sofa,0.9979331493377686
plus_occlusion,0,665,/home/nochi/NOCHI/M2_PAR/Apprenyissage_Pointcloud/Pointclouds-classification-with-the-POINTNET-Neural-network/PointNetLab/data/ModelNet10_PLY/sofa/test/sofa_0738.ply,7,7,sofa,sofa,0.9983001947402954
plus_occlusion,0,666,/home/nochi/NOCHI/M2_PAR/Apprenyissage_Pointcloud/Pointclouds-classification-with-the-POINTNET-Neural-network/PointNetLab/data/ModelNet10_PLY/sofa/test/sofa_0739.ply,7,7,sofa,sofa,0.9906732439994812
plus_occlusion,0,667,/home/nochi/NOCHI/M2_PAR/Apprenyissage_Pointcloud/Pointclouds-classification-with-the-POINTNET-Neural-network/PointNetLab/data/ModelNet10_PLY/sofa/test/sofa_0740.ply,7,7,sofa,sofa,0.9984655976295471
plus_occlusion,0,668,/home/nochi/NOCHI/M2_PAR/Apprenyissage_Pointcloud/Pointclouds-classification-with-the-POINTNET-Neural-network/PointNetLab/data/ModelNet10_PLY/sofa/test/sofa_0741.ply,7,7,sofa,sofa,0.991068959236145
plus_occlusion,0,669,/home/nochi/NOCHI/M2_PAR/Apprenyissage_Pointcloud/Pointclouds-classification-with-the-POINTNET-Neural-network/PointNetLab/data/ModelNet10_PLY/sofa/test/sofa_0742.ply,7,7,sofa,sofa,0.9682851433753967
plus_occlusion,0,670,/home/nochi/NOCHI/M2_PAR/Apprenyissage_Pointcloud/Pointclouds-classification-with-the-POINTNET-Neural-network/PointNetLab/data/ModelNet10_PLY/sofa/test/sofa_0743.ply,7,7,sofa,sofa,0.9955058693885803
plus_occlusion,0,671,/home/nochi/NOCHI/M2_PAR/Apprenyissage_Pointcloud/Pointclouds-classification-with-the-POINTNET-Neural-network/PointNetLab/data/ModelNet10_PLY/sofa/test/sofa_0744.ply,7,7,sofa,sofa,0.9989016652107239
plus_occlusion,0,672,/home/nochi/NOCHI/M2_PAR/Apprenyissage_Pointcloud/Pointclouds-classification-with-the-POINTNET-Neural-network/PointNetLab/data/ModelNet10_PLY/sofa/test/sofa_0745.ply,7,7,sofa,sofa,0.9850064516067505
plus_occlusion,0,673,/home/nochi/NOCHI/M2_PAR/Apprenyissage_Pointcloud/Pointclouds-classification-with-the-POINTNET-Neural-network/PointNetLab/data/ModelNet10_PLY/sofa/test/sofa_0746.ply,7,7,sofa,sofa,0.9954134821891785
plus_occlusion,0,674,/home/nochi/NOCHI/M2_PAR/Apprenyissage_Pointcloud/Pointclouds-classification-with-the-POINTNET-Neural-network/PointNetLab/data/ModelNet10_PLY/sofa/test/sofa_0747.ply,7,7,sofa,sofa,0.9978176951408386
plus_occlusion,0,675,/home/nochi/NOCHI/M2_PAR/Apprenyissage_Pointcloud/Pointclouds-classification-with-the-POINTNET-Neural-network/PointNetLab/data/ModelNet10_PLY/sofa/test/sofa_0748.ply,7,7,sofa,sofa,0.9948523640632629
plus_occlusion,0,676,/home/nochi/NOCHI/M2_PAR/Apprenyissage_Pointcloud/Pointclouds-classification-with-the-POINTNET-Neural-network/PointNetLab/data/ModelNet10_PLY/sofa/test/sofa_0749.ply,7,7,sofa,sofa,0.9968393445014954
plus_occlusion,0,677,/home/nochi/NOCHI/M2_PAR/Apprenyissage_Pointcloud/Pointclouds-classification-with-the-POINTNET-Neural-network/PointNetLab/data/ModelNet10_PLY/sofa/test/sofa_0750.ply,7,7,sofa,sofa,0.9964378476142883
plus_occlusion,0,678,/home/nochi/NOCHI/M2_PAR/Apprenyissage_Pointcloud/Pointclouds-classification-with-the-POINTNET-Neural-network/PointNetLab/data/ModelNet10_PLY/sofa/test/sofa_0751.ply,7,7,sofa,sofa,0.9871597290039062
plus_occlusion,0,679,/home/nochi/NOCHI/M2_PAR/Apprenyissage_Pointcloud/Pointclouds-classification-with-the-POINTNET-Neural-network/PointNetLab/data/ModelNet10_PLY/sofa/test/sofa_0752.ply,7,7,sofa,sofa,0.9801710844039917
plus_occlusion,0,680,/home/nochi/NOCHI/M2_PAR/Apprenyissage_Pointcloud/Pointclouds-classification-with-the-POINTNET-Neural-network/PointNetLab/data/ModelNet10_PLY/sofa/test/sofa_0753.ply,7,7,sofa,sofa,0.8418232798576355
plus_occlusion,0,681,/home/nochi/NOCHI/M2_PAR/Apprenyissage_Pointcloud/Pointclouds-classification-with-the-POINTNET-Neural-network/PointNetLab/data/ModelNet10_PLY/sofa/test/sofa_0754.ply,7,7,sofa,sofa,0.9943378567695618
plus_occlusion,0,682,/home/nochi/NOCHI/M2_PAR/Apprenyissage_Pointcloud/Pointclouds-classification-with-the-POINTNET-Neural-network/PointNetLab/data/ModelNet10_PLY/sofa/test/sofa_0755.ply,7,7,sofa,sofa,0.6032546162605286
plus_occlusion,0,683,/home/nochi/NOCHI/M2_PAR/Apprenyissage_Pointcloud/Pointclouds-classification-with-the-POINTNET-Neural-network/PointNetLab/data/ModelNet10_PLY/sofa/test/sofa_0756.ply,7,7,sofa,sofa,0.9964082837104797
plus_occlusion,0,684,/home/nochi/NOCHI/M2_PAR/Apprenyissage_Pointcloud/Pointclouds-classification-with-the-POINTNET-Neural-network/PointNetLab/data/ModelNet10_PLY/sofa/test/sofa_0757.ply,7,7,sofa,sofa,0.9981383085250854
plus_occlusion,0,685,/home/nochi/NOCHI/M2_PAR/Apprenyissage_Pointcloud/Pointclouds-classification-with-the-POINTNET-Neural-network/PointNetLab/data/ModelNet10_PLY/sofa/test/sofa_0758.ply,7,7,sofa,sofa,0.9926590919494629
plus_occlusion,0,686,/home/nochi/NOCHI/M2_PAR/Apprenyissage_Pointcloud/Pointclouds-classification-with-the-POINTNET-Neural-network/PointNetLab/data/ModelNet10_PLY/sofa/test/sofa_0759.ply,7,7,sofa,sofa,0.9802501201629639
plus_occlusion,0,687,/home/nochi/NOCHI/M2_PAR/Apprenyissage_Pointcloud/Pointclouds-classification-with-the-POINTNET-Neural-network/PointNetLab/data/ModelNet10_PLY/sofa/test/sofa_0760.ply,7,7,sofa,sofa,0.9859395027160645
plus_occlusion,0,688,/home/nochi/NOCHI/M2_PAR/Apprenyissage_Pointcloud/Pointclouds-classification-with-the-POINTNET-Neural-network/PointNetLab/data/ModelNet10_PLY/sofa/test/sofa_0761.ply,7,7,sofa,sofa,0.9970324039459229
plus_occlusion,0,689,/home/nochi/NOCHI/M2_PAR/Apprenyissage_Pointcloud/Pointclouds-classification-with-the-POINTNET-Neural-network/PointNetLab/data/ModelNet10_PLY/sofa/test/sofa_0762.ply,7,7,sofa,sofa,0.9979843497276306
plus_occlusion,0,690,/home/nochi/NOCHI/M2_PAR/Apprenyissage_Pointcloud/Pointclouds-classification-with-the-POINTNET-Neural-network/PointNetLab/data/ModelNet10_PLY/sofa/test/sofa_0763.ply,7,7,sofa,sofa,0.9955534934997559
plus_occlusion,0,691,/home/nochi/NOCHI/M2_PAR/Apprenyissage_Pointcloud/Pointclouds-classification-with-the-POINTNET-Neural-network/PointNetLab/data/ModelNet10_PLY/sofa/test/sofa_0764.ply,7,7,sofa,sofa,0.9960209131240845
plus_occlusion,0,692,/home/nochi/NOCHI/M2_PAR/Apprenyissage_Pointcloud/Pointclouds-classification-with-the-POINTNET-Neural-network/PointNetLab/data/ModelNet10_PLY/sofa/test/sofa_0765.ply,7,7,sofa,sofa,0.9912898540496826
plus_occlusion,0,693,/home/nochi/NOCHI/M2_PAR/Apprenyissage_Pointcloud/Pointclouds-classification-with-the-POINTNET-Neural-network/PointNetLab/data/ModelNet10_PLY/sofa/test/sofa_0766.ply,7,7,sofa,sofa,0.9986736178398132
plus_occlusion,0,694,/home/nochi/NOCHI/M2_PAR/Apprenyissage_Pointcloud/Pointclouds-classification-with-the-POINTNET-Neural-network/PointNetLab/data/ModelNet10_PLY/sofa/test/sofa_0767.ply,7,7,sofa,sofa,0.9981268644332886
plus_occlusion,0,695,/home/nochi/NOCHI/M2_PAR/Apprenyissage_Pointcloud/Pointclouds-classification-with-the-POINTNET-Neural-network/PointNetLab/data/ModelNet10_PLY/sofa/test/sofa_0768.ply,7,7,sofa,sofa,0.9948379397392273
plus_occlusion,0,696,/home/nochi/NOCHI/M2_PAR/Apprenyissage_Pointcloud/Pointclouds-classification-with-the-POINTNET-Neural-network/PointNetLab/data/ModelNet10_PLY/sofa/test/sofa_0769.ply,7,7,sofa,sofa,0.9990478754043579
plus_occlusion,0,697,/home/nochi/NOCHI/M2_PAR/Apprenyissage_Pointcloud/Pointclouds-classification-with-the-POINTNET-Neural-network/PointNetLab/data/ModelNet10_PLY/sofa/test/sofa_0770.ply,7,7,sofa,sofa,0.9924985766410828
plus_occlusion,0,698,/home/nochi/NOCHI/M2_PAR/Apprenyissage_Pointcloud/Pointclouds-classification-with-the-POINTNET-Neural-network/PointNetLab/data/ModelNet10_PLY/sofa/test/sofa_0771.ply,7,7,sofa,sofa,0.9795794486999512
plus_occlusion,0,699,/home/nochi/NOCHI/M2_PAR/Apprenyissage_Pointcloud/Pointclouds-classification-with-the-POINTNET-Neural-network/PointNetLab/data/ModelNet10_PLY/sofa/test/sofa_0772.ply,7,7,sofa,sofa,0.9971034526824951
plus_occlusion,0,700,/home/nochi/NOCHI/M2_PAR/Apprenyissage_Pointcloud/Pointclouds-classification-with-the-POINTNET-Neural-network/PointNetLab/data/ModelNet10_PLY/sofa/test/sofa_0773.ply,7,7,sofa,sofa,0.9983747005462646
plus_occlusion,0,701,/home/nochi/NOCHI/M2_PAR/Apprenyissage_Pointcloud/Pointclouds-classification-with-the-POINTNET-Neural-network/PointNetLab/data/ModelNet10_PLY/sofa/test/sofa_0774.ply,7,7,sofa,sofa,0.9615204930305481
plus_occlusion,0,702,/home/nochi/NOCHI/M2_PAR/Apprenyissage_Pointcloud/Pointclouds-classification-with-the-POINTNET-Neural-network/PointNetLab/data/ModelNet10_PLY/sofa/test/sofa_0775.ply,7,7,sofa,sofa,0.9980083107948303
plus_occlusion,0,703,/home/nochi/NOCHI/M2_PAR/Apprenyissage_Pointcloud/Pointclouds-classification-with-the-POINTNET-Neural-network/PointNetLab/data/ModelNet10_PLY/sofa/test/sofa_0776.ply,7,7,sofa,sofa,0.9925044775009155
plus_occlusion,0,704,/home/nochi/NOCHI/M2_PAR/Apprenyissage_Pointcloud/Pointclouds-classification-with-the-POINTNET-Neural-network/PointNetLab/data/ModelNet10_PLY/sofa/test/sofa_0777.ply,7,7,sofa,sofa,0.992324709892273
plus_occlusion,0,705,/home/nochi/NOCHI/M2_PAR/Apprenyissage_Pointcloud/Pointclouds-classification-with-the-POINTNET-Neural-network/PointNetLab/data/ModelNet10_PLY/sofa/test/sofa_0778.ply,7,7,sofa,sofa,0.9984151124954224
plus_occlusion,0,706,/home/nochi/NOCHI/M2_PAR/Apprenyissage_Pointcloud/Pointclouds-classification-with-the-POINTNET-Neural-network/PointNetLab/data/ModelNet10_PLY/sofa/test/sofa_0779.ply,7,7,sofa,sofa,0.9882199764251709
plus_occlusion,0,707,/home/nochi/NOCHI/M2_PAR/Apprenyissage_Pointcloud/Pointclouds-classification-with-the-POINTNET-Neural-network/PointNetLab/data/ModelNet10_PLY/sofa/test/sofa_0780.ply,7,7,sofa,sofa,0.9510427713394165
plus_occlusion,0,708,/home/nochi/NOCHI/M2_PAR/Apprenyissage_Pointcloud/Pointclouds-classification-with-the-POINTNET-Neural-network/PointNetLab/data/ModelNet10_PLY/table/test/table_0393.ply,8,3,table,desk,0.9808427691459656
plus_occlusion,0,709,/home/nochi/NOCHI/M2_PAR/Apprenyissage_Pointcloud/Pointclouds-classification-with-the-POINTNET-Neural-network/PointNetLab/data/ModelNet10_PLY/table/test/table_0394.ply,8,3,table,desk,0.7824140191078186
plus_occlusion,0,710,/home/nochi/NOCHI/M2_PAR/Apprenyissage_Pointcloud/Pointclouds-classification-with-the-POINTNET-Neural-network/PointNetLab/data/ModelNet10_PLY/table/test/table_0395.ply,8,8,table,table,0.9449900984764099
plus_occlusion,0,711,/home/nochi/NOCHI/M2_PAR/Apprenyissage_Pointcloud/Pointclouds-classification-with-the-POINTNET-Neural-network/PointNetLab/data/ModelNet10_PLY/table/test/table_0396.ply,8,8,table,table,0.8248345851898193
plus_occlusion,0,712,/home/nochi/NOCHI/M2_PAR/Apprenyissage_Pointcloud/Pointclouds-classification-with-the-POINTNET-Neural-network/PointNetLab/data/ModelNet10_PLY/table/test/table_0397.ply,8,8,table,table,0.9683404564857483
plus_occlusion,0,713,/home/nochi/NOCHI/M2_PAR/Apprenyissage_Pointcloud/Pointclouds-classification-with-the-POINTNET-Neural-network/PointNetLab/data/ModelNet10_PLY/table/test/table_0398.ply,8,3,table,desk,0.7513548731803894
plus_occlusion,0,714,/home/nochi/NOCHI/M2_PAR/Apprenyissage_Pointcloud/Pointclouds-classification-with-the-POINTNET-Neural-network/PointNetLab/data/ModelNet10_PLY/table/test/table_0399.ply,8,8,table,table,0.9964486360549927
plus_occlusion,0,715,/home/nochi/NOCHI/M2_PAR/Apprenyissage_Pointcloud/Pointclouds-classification-with-the-POINTNET-Neural-network/PointNetLab/data/ModelNet10_PLY/table/test/table_0400.ply,8,3,table,desk,0.5513341426849365
plus_occlusion,0,716,/home/nochi/NOCHI/M2_PAR/Apprenyissage_Pointcloud/Pointclouds-classification-with-the-POINTNET-Neural-network/PointNetLab/data/ModelNet10_PLY/table/test/table_0401.ply,8,8,table,table,0.8842565417289734
plus_occlusion,0,717,/home/nochi/NOCHI/M2_PAR/Apprenyissage_Pointcloud/Pointclouds-classification-with-the-POINTNET-Neural-network/PointNetLab/data/ModelNet10_PLY/table/test/table_0402.ply,8,8,table,table,0.9971959590911865
plus_occlusion,0,718,/home/nochi/NOCHI/M2_PAR/Apprenyissage_Pointcloud/Pointclouds-classification-with-the-POINTNET-Neural-network/PointNetLab/data/ModelNet10_PLY/table/test/table_0403.ply,8,8,table,table,0.9902369976043701
plus_occlusion,0,719,/home/nochi/NOCHI/M2_PAR/Apprenyissage_Pointcloud/Pointclouds-classification-with-the-POINTNET-Neural-network/PointNetLab/data/ModelNet10_PLY/table/test/table_0404.ply,8,8,table,table,0.9963041543960571
plus_occlusion,0,720,/home/nochi/NOCHI/M2_PAR/Apprenyissage_Pointcloud/Pointclouds-classification-with-the-POINTNET-Neural-network/PointNetLab/data/ModelNet10_PLY/table/test/table_0405.ply,8,8,table,table,0.8841797709465027
plus_occlusion,0,721,/home/nochi/NOCHI/M2_PAR/Apprenyissage_Pointcloud/Pointclouds-classification-with-the-POINTNET-Neural-network/PointNetLab/data/ModelNet10_PLY/table/test/table_0406.ply,8,8,table,table,0.9674201011657715
plus_occlusion,0,722,/home/nochi/NOCHI/M2_PAR/Apprenyissage_Pointcloud/Pointclouds-classification-with-the-POINTNET-Neural-network/PointNetLab/data/ModelNet10_PLY/table/test/table_0407.ply,8,8,table,table,0.819119930267334
plus_occlusion,0,723,/home/nochi/NOCHI/M2_PAR/Apprenyissage_Pointcloud/Pointclouds-classification-with-the-POINTNET-Neural-network/PointNetLab/data/ModelNet10_PLY/table/test/table_0408.ply,8,8,table,table,0.9937011003494263
plus_occlusion,0,724,/home/nochi/NOCHI/M2_PAR/Apprenyissage_Pointcloud/Pointclouds-classification-with-the-POINTNET-Neural-network/PointNetLab/data/ModelNet10_PLY/table/test/table_0409.ply,8,3,table,desk,0.9943311214447021
plus_occlusion,0,725,/home/nochi/NOCHI/M2_PAR/Apprenyissage_Pointcloud/Pointclouds-classification-with-the-POINTNET-Neural-network/PointNetLab/data/ModelNet10_PLY/table/test/table_0410.ply,8,3,table,desk,0.6509202718734741
plus_occlusion,0,726,/home/nochi/NOCHI/M2_PAR/Apprenyissage_Pointcloud/Pointclouds-classification-with-the-POINTNET-Neural-network/PointNetLab/data/ModelNet10_PLY/table/test/table_0411.ply,8,8,table,table,0.6036291718482971
plus_occlusion,0,727,/home/nochi/NOCHI/M2_PAR/Apprenyissage_Pointcloud/Pointclouds-classification-with-the-POINTNET-Neural-network/PointNetLab/data/ModelNet10_PLY/table/test/table_0412.ply,8,3,table,desk,0.9857637882232666
plus_occlusion,0,728,/home/nochi/NOCHI/M2_PAR/Apprenyissage_Pointcloud/Pointclouds-classification-with-the-POINTNET-Neural-network/PointNetLab/data/ModelNet10_PLY/table/test/table_0413.ply,8,8,table,table,0.9948232769966125
plus_occlusion,0,729,/home/nochi/NOCHI/M2_PAR/Apprenyissage_Pointcloud/Pointclouds-classification-with-the-POINTNET-Neural-network/PointNetLab/data/ModelNet10_PLY/table/test/table_0414.ply,8,8,table,table,0.9961581230163574
plus_occlusion,0,730,/home/nochi/NOCHI/M2_PAR/Apprenyissage_Pointcloud/Pointclouds-classification-with-the-POINTNET-Neural-network/PointNetLab/data/ModelNet10_PLY/table/test/table_0415.ply,8,8,table,table,0.8557162284851074
plus_occlusion,0,731,/home/nochi/NOCHI/M2_PAR/Apprenyissage_Pointcloud/Pointclouds-classification-with-the-POINTNET-Neural-network/PointNetLab/data/ModelNet10_PLY/table/test/table_0416.ply,8,8,table,table,0.9946179389953613
plus_occlusion,0,732,/home/nochi/NOCHI/M2_PAR/Apprenyissage_Pointcloud/Pointclouds-classification-with-the-POINTNET-Neural-network/PointNetLab/data/ModelNet10_PLY/table/test/table_0417.ply,8,8,table,table,0.9737203121185303
plus_occlusion,0,733,/home/nochi/NOCHI/M2_PAR/Apprenyissage_Pointcloud/Pointclouds-classification-with-the-POINTNET-Neural-network/PointNetLab/data/ModelNet10_PLY/table/test/table_0418.ply,8,8,table,table,0.5795332789421082
plus_occlusion,0,734,/home/nochi/NOCHI/M2_PAR/Apprenyissage_Pointcloud/Pointclouds-classification-with-the-POINTNET-Neural-network/PointNetLab/data/ModelNet10_PLY/table/test/table_0419.ply,8,3,table,desk,0.6598210334777832
plus_occlusion,0,735,/home/nochi/NOCHI/M2_PAR/Apprenyissage_Pointcloud/Pointclouds-classification-with-the-POINTNET-Neural-network/PointNetLab/data/ModelNet10_PLY/table/test/table_0420.ply,8,3,table,desk,0.6702910661697388
plus_occlusion,0,736,/home/nochi/NOCHI/M2_PAR/Apprenyissage_Pointcloud/Pointclouds-classification-with-the-POINTNET-Neural-network/PointNetLab/data/ModelNet10_PLY/table/test/table_0421.ply,8,8,table,table,0.998186469078064
plus_occlusion,0,737,/home/nochi/NOCHI/M2_PAR/Apprenyissage_Pointcloud/Pointclouds-classification-with-the-POINTNET-Neural-network/PointNetLab/data/ModelNet10_PLY/table/test/table_0422.ply,8,8,table,table,0.9345828890800476
plus_occlusion,0,738,/home/nochi/NOCHI/M2_PAR/Apprenyissage_Pointcloud/Pointclouds-classification-with-the-POINTNET-Neural-network/PointNetLab/data/ModelNet10_PLY/table/test/table_0423.ply,8,3,table,desk,0.7111055254936218
plus_occlusion,0,739,/home/nochi/NOCHI/M2_PAR/Apprenyissage_Pointcloud/Pointclouds-classification-with-the-POINTNET-Neural-network/PointNetLab/data/ModelNet10_PLY/table/test/table_0424.ply,8,8,table,table,0.7802929282188416
plus_occlusion,0,740,/home/nochi/NOCHI/M2_PAR/Apprenyissage_Pointcloud/Pointclouds-classification-with-the-POINTNET-Neural-network/PointNetLab/data/ModelNet10_PLY/table/test/table_0425.ply,8,8,table,table,0.9850310683250427
plus_occlusion,0,741,/home/nochi/NOCHI/M2_PAR/Apprenyissage_Pointcloud/Pointclouds-classification-with-the-POINTNET-Neural-network/PointNetLab/data/ModelNet10_PLY/table/test/table_0426.ply,8,8,table,table,0.9881685972213745
plus_occlusion,0,742,/home/nochi/NOCHI/M2_PAR/Apprenyissage_Pointcloud/Pointclouds-classification-with-the-POINTNET-Neural-network/PointNetLab/data/ModelNet10_PLY/table/test/table_0427.ply,8,8,table,table,0.6756255030632019
plus_occlusion,0,743,/home/nochi/NOCHI/M2_PAR/Apprenyissage_Pointcloud/Pointclouds-classification-with-the-POINTNET-Neural-network/PointNetLab/data/ModelNet10_PLY/table/test/table_0428.ply,8,8,table,table,0.9816067218780518
plus_occlusion,0,744,/home/nochi/NOCHI/M2_PAR/Apprenyissage_Pointcloud/Pointclouds-classification-with-the-POINTNET-Neural-network/PointNetLab/data/ModelNet10_PLY/table/test/table_0429.ply,8,3,table,desk,0.9813137054443359
plus_occlusion,0,745,/home/nochi/NOCHI/M2_PAR/Apprenyissage_Pointcloud/Pointclouds-classification-with-the-POINTNET-Neural-network/PointNetLab/data/ModelNet10_PLY/table/test/table_0430.ply,8,8,table,table,0.8888664841651917
plus_occlusion,0,746,/home/nochi/NOCHI/M2_PAR/Apprenyissage_Pointcloud/Pointclouds-classification-with-the-POINTNET-Neural-network/PointNetLab/data/ModelNet10_PLY/table/test/table_0431.ply,8,8,table,table,0.9913430213928223
plus_occlusion,0,747,/home/nochi/NOCHI/M2_PAR/Apprenyissage_Pointcloud/Pointclouds-classification-with-the-POINTNET-Neural-network/PointNetLab/data/ModelNet10_PLY/table/test/table_0432.ply,8,8,table,table,0.9791076183319092
plus_occlusion,0,748,/home/nochi/NOCHI/M2_PAR/Apprenyissage_Pointcloud/Pointclouds-classification-with-the-POINTNET-Neural-network/PointNetLab/data/ModelNet10_PLY/table/test/table_0433.ply,8,8,table,table,0.9965316653251648
plus_occlusion,0,749,/home/nochi/NOCHI/M2_PAR/Apprenyissage_Pointcloud/Pointclouds-classification-with-the-POINTNET-Neural-network/PointNetLab/data/ModelNet10_PLY/table/test/table_0434.ply,8,8,table,table,0.9960693120956421
plus_occlusion,0,750,/home/nochi/NOCHI/M2_PAR/Apprenyissage_Pointcloud/Pointclouds-classification-with-the-POINTNET-Neural-network/PointNetLab/data/ModelNet10_PLY/table/test/table_0435.ply,8,3,table,desk,0.9005325436592102
plus_occlusion,0,751,/home/nochi/NOCHI/M2_PAR/Apprenyissage_Pointcloud/Pointclouds-classification-with-the-POINTNET-Neural-network/PointNetLab/data/ModelNet10_PLY/table/test/table_0436.ply,8,8,table,table,0.5460053086280823
plus_occlusion,0,752,/home/nochi/NOCHI/M2_PAR/Apprenyissage_Pointcloud/Pointclouds-classification-with-the-POINTNET-Neural-network/PointNetLab/data/ModelNet10_PLY/table/test/table_0437.ply,8,8,table,table,0.9958025813102722
plus_occlusion,0,753,/home/nochi/NOCHI/M2_PAR/Apprenyissage_Pointcloud/Pointclouds-classification-with-the-POINTNET-Neural-network/PointNetLab/data/ModelNet10_PLY/table/test/table_0438.ply,8,8,table,table,0.9188145995140076
plus_occlusion,0,754,/home/nochi/NOCHI/M2_PAR/Apprenyissage_Pointcloud/Pointclouds-classification-with-the-POINTNET-Neural-network/PointNetLab/data/ModelNet10_PLY/table/test/table_0439.ply,8,8,table,table,0.7790563702583313
plus_occlusion,0,755,/home/nochi/NOCHI/M2_PAR/Apprenyissage_Pointcloud/Pointclouds-classification-with-the-POINTNET-Neural-network/PointNetLab/data/ModelNet10_PLY/table/test/table_0440.ply,8,3,table,desk,0.5939878225326538
plus_occlusion,0,756,/home/nochi/NOCHI/M2_PAR/Apprenyissage_Pointcloud/Pointclouds-classification-with-the-POINTNET-Neural-network/PointNetLab/data/ModelNet10_PLY/table/test/table_0441.ply,8,8,table,table,0.9776585698127747
plus_occlusion,0,757,/home/nochi/NOCHI/M2_PAR/Apprenyissage_Pointcloud/Pointclouds-classification-with-the-POINTNET-Neural-network/PointNetLab/data/ModelNet10_PLY/table/test/table_0442.ply,8,8,table,table,0.9950065016746521
plus_occlusion,0,758,/home/nochi/NOCHI/M2_PAR/Apprenyissage_Pointcloud/Pointclouds-classification-with-the-POINTNET-Neural-network/PointNetLab/data/ModelNet10_PLY/table/test/table_0443.ply,8,8,table,table,0.6804282069206238
plus_occlusion,0,759,/home/nochi/NOCHI/M2_PAR/Apprenyissage_Pointcloud/Pointclouds-classification-with-the-POINTNET-Neural-network/PointNetLab/data/ModelNet10_PLY/table/test/table_0444.ply,8,8,table,table,0.5402396321296692
plus_occlusion,0,760,/home/nochi/NOCHI/M2_PAR/Apprenyissage_Pointcloud/Pointclouds-classification-with-the-POINTNET-Neural-network/PointNetLab/data/ModelNet10_PLY/table/test/table_0445.ply,8,8,table,table,0.6209235191345215
plus_occlusion,0,761,/home/nochi/NOCHI/M2_PAR/Apprenyissage_Pointcloud/Pointclouds-classification-with-the-POINTNET-Neural-network/PointNetLab/data/ModelNet10_PLY/table/test/table_0446.ply,8,8,table,table,0.9838171601295471
plus_occlusion,0,762,/home/nochi/NOCHI/M2_PAR/Apprenyissage_Pointcloud/Pointclouds-classification-with-the-POINTNET-Neural-network/PointNetLab/data/ModelNet10_PLY/table/test/table_0447.ply,8,8,table,table,0.9914813041687012
plus_occlusion,0,763,/home/nochi/NOCHI/M2_PAR/Apprenyissage_Pointcloud/Pointclouds-classification-with-the-POINTNET-Neural-network/PointNetLab/data/ModelNet10_PLY/table/test/table_0448.ply,8,8,table,table,0.9597333669662476
plus_occlusion,0,764,/home/nochi/NOCHI/M2_PAR/Apprenyissage_Pointcloud/Pointclouds-classification-with-the-POINTNET-Neural-network/PointNetLab/data/ModelNet10_PLY/table/test/table_0449.ply,8,8,table,table,0.8994232416152954
plus_occlusion,0,765,/home/nochi/NOCHI/M2_PAR/Apprenyissage_Pointcloud/Pointclouds-classification-with-the-POINTNET-Neural-network/PointNetLab/data/ModelNet10_PLY/table/test/table_0450.ply,8,8,table,table,0.4034169316291809
plus_occlusion,0,766,/home/nochi/NOCHI/M2_PAR/Apprenyissage_Pointcloud/Pointclouds-classification-with-the-POINTNET-Neural-network/PointNetLab/data/ModelNet10_PLY/table/test/table_0451.ply,8,3,table,desk,0.670243501663208
plus_occlusion,0,767,/home/nochi/NOCHI/M2_PAR/Apprenyissage_Pointcloud/Pointclouds-classification-with-the-POINTNET-Neural-network/PointNetLab/data/ModelNet10_PLY/table/test/table_0452.ply,8,8,table,table,0.9533706903457642
plus_occlusion,0,768,/home/nochi/NOCHI/M2_PAR/Apprenyissage_Pointcloud/Pointclouds-classification-with-the-POINTNET-Neural-network/PointNetLab/data/ModelNet10_PLY/table/test/table_0453.ply,8,8,table,table,0.9851868748664856
plus_occlusion,0,769,/home/nochi/NOCHI/M2_PAR/Apprenyissage_Pointcloud/Pointclouds-classification-with-the-POINTNET-Neural-network/PointNetLab/data/ModelNet10_PLY/table/test/table_0454.ply,8,8,table,table,0.9813775420188904
plus_occlusion,0,770,/home/nochi/NOCHI/M2_PAR/Apprenyissage_Pointcloud/Pointclouds-classification-with-the-POINTNET-Neural-network/PointNetLab/data/ModelNet10_PLY/table/test/table_0455.ply,8,8,table,table,0.9585503935813904
plus_occlusion,0,771,/home/nochi/NOCHI/M2_PAR/Apprenyissage_Pointcloud/Pointclouds-classification-with-the-POINTNET-Neural-network/PointNetLab/data/ModelNet10_PLY/table/test/table_0456.ply,8,8,table,table,0.9863003492355347
plus_occlusion,0,772,/home/nochi/NOCHI/M2_PAR/Apprenyissage_Pointcloud/Pointclouds-classification-with-the-POINTNET-Neural-network/PointNetLab/data/ModelNet10_PLY/table/test/table_0457.ply,8,8,table,table,0.9072715640068054
plus_occlusion,0,773,/home/nochi/NOCHI/M2_PAR/Apprenyissage_Pointcloud/Pointclouds-classification-with-the-POINTNET-Neural-network/PointNetLab/data/ModelNet10_PLY/table/test/table_0458.ply,8,8,table,table,0.8807768225669861
plus_occlusion,0,774,/home/nochi/NOCHI/M2_PAR/Apprenyissage_Pointcloud/Pointclouds-classification-with-the-POINTNET-Neural-network/PointNetLab/data/ModelNet10_PLY/table/test/table_0459.ply,8,8,table,table,0.9414706230163574
plus_occlusion,0,775,/home/nochi/NOCHI/M2_PAR/Apprenyissage_Pointcloud/Pointclouds-classification-with-the-POINTNET-Neural-network/PointNetLab/data/ModelNet10_PLY/table/test/table_0460.ply,8,8,table,table,0.6037238836288452
plus_occlusion,0,776,/home/nochi/NOCHI/M2_PAR/Apprenyissage_Pointcloud/Pointclouds-classification-with-the-POINTNET-Neural-network/PointNetLab/data/ModelNet10_PLY/table/test/table_0461.ply,8,3,table,desk,0.9601337909698486
plus_occlusion,0,777,/home/nochi/NOCHI/M2_PAR/Apprenyissage_Pointcloud/Pointclouds-classification-with-the-POINTNET-Neural-network/PointNetLab/data/ModelNet10_PLY/table/test/table_0462.ply,8,8,table,table,0.9835431575775146
plus_occlusion,0,778,/home/nochi/NOCHI/M2_PAR/Apprenyissage_Pointcloud/Pointclouds-classification-with-the-POINTNET-Neural-network/PointNetLab/data/ModelNet10_PLY/table/test/table_0463.ply,8,8,table,table,0.9326866865158081
plus_occlusion,0,779,/home/nochi/NOCHI/M2_PAR/Apprenyissage_Pointcloud/Pointclouds-classification-with-the-POINTNET-Neural-network/PointNetLab/data/ModelNet10_PLY/table/test/table_0464.ply,8,8,table,table,0.9330891966819763
plus_occlusion,0,780,/home/nochi/NOCHI/M2_PAR/Apprenyissage_Pointcloud/Pointclouds-classification-with-the-POINTNET-Neural-network/PointNetLab/data/ModelNet10_PLY/table/test/table_0465.ply,8,8,table,table,0.7876932621002197
plus_occlusion,0,781,/home/nochi/NOCHI/M2_PAR/Apprenyissage_Pointcloud/Pointclouds-classification-with-the-POINTNET-Neural-network/PointNetLab/data/ModelNet10_PLY/table/test/table_0466.ply,8,8,table,table,0.911008358001709
plus_occlusion,0,782,/home/nochi/NOCHI/M2_PAR/Apprenyissage_Pointcloud/Pointclouds-classification-with-the-POINTNET-Neural-network/PointNetLab/data/ModelNet10_PLY/table/test/table_0467.ply,8,8,table,table,0.6146156787872314
plus_occlusion,0,783,/home/nochi/NOCHI/M2_PAR/Apprenyissage_Pointcloud/Pointclouds-classification-with-the-POINTNET-Neural-network/PointNetLab/data/ModelNet10_PLY/table/test/table_0468.ply,8,8,table,table,0.9976298809051514
plus_occlusion,0,784,/home/nochi/NOCHI/M2_PAR/Apprenyissage_Pointcloud/Pointclouds-classification-with-the-POINTNET-Neural-network/PointNetLab/data/ModelNet10_PLY/table/test/table_0469.ply,8,8,table,table,0.5135495066642761
plus_occlusion,0,785,/home/nochi/NOCHI/M2_PAR/Apprenyissage_Pointcloud/Pointclouds-classification-with-the-POINTNET-Neural-network/PointNetLab/data/ModelNet10_PLY/table/test/table_0470.ply,8,8,table,table,0.7873870730400085
plus_occlusion,0,786,/home/nochi/NOCHI/M2_PAR/Apprenyissage_Pointcloud/Pointclouds-classification-with-the-POINTNET-Neural-network/PointNetLab/data/ModelNet10_PLY/table/test/table_0471.ply,8,8,table,table,0.9621961712837219
plus_occlusion,0,787,/home/nochi/NOCHI/M2_PAR/Apprenyissage_Pointcloud/Pointclouds-classification-with-the-POINTNET-Neural-network/PointNetLab/data/ModelNet10_PLY/table/test/table_0472.ply,8,8,table,table,0.9964637160301208
plus_occlusion,0,788,/home/nochi/NOCHI/M2_PAR/Apprenyissage_Pointcloud/Pointclouds-classification-with-the-POINTNET-Neural-network/PointNetLab/data/ModelNet10_PLY/table/test/table_0473.ply,8,8,table,table,0.5391462445259094
plus_occlusion,0,789,/home/nochi/NOCHI/M2_PAR/Apprenyissage_Pointcloud/Pointclouds-classification-with-the-POINTNET-Neural-network/PointNetLab/data/ModelNet10_PLY/table/test/table_0474.ply,8,3,table,desk,0.9549676775932312
plus_occlusion,0,790,/home/nochi/NOCHI/M2_PAR/Apprenyissage_Pointcloud/Pointclouds-classification-with-the-POINTNET-Neural-network/PointNetLab/data/ModelNet10_PLY/table/test/table_0475.ply,8,8,table,table,0.812329113483429
plus_occlusion,0,791,/home/nochi/NOCHI/M2_PAR/Apprenyissage_Pointcloud/Pointclouds-classification-with-the-POINTNET-Neural-network/PointNetLab/data/ModelNet10_PLY/table/test/table_0476.ply,8,8,table,table,0.9425594210624695
plus_occlusion,0,792,/home/nochi/NOCHI/M2_PAR/Apprenyissage_Pointcloud/Pointclouds-classification-with-the-POINTNET-Neural-network/PointNetLab/data/ModelNet10_PLY/table/test/table_0477.ply,8,8,table,table,0.9548307061195374
plus_occlusion,0,793,/home/nochi/NOCHI/M2_PAR/Apprenyissage_Pointcloud/Pointclouds-classification-with-the-POINTNET-Neural-network/PointNetLab/data/ModelNet10_PLY/table/test/table_0478.ply,8,8,table,table,0.8476983308792114
plus_occlusion,0,794,/home/nochi/NOCHI/M2_PAR/Apprenyissage_Pointcloud/Pointclouds-classification-with-the-POINTNET-Neural-network/PointNetLab/data/ModelNet10_PLY/table/test/table_0479.ply,8,8,table,table,0.9796173572540283
plus_occlusion,0,795,/home/nochi/NOCHI/M2_PAR/Apprenyissage_Pointcloud/Pointclouds-classification-with-the-POINTNET-Neural-network/PointNetLab/data/ModelNet10_PLY/table/test/table_0480.ply,8,8,table,table,0.9762804508209229
plus_occlusion,0,796,/home/nochi/NOCHI/M2_PAR/Apprenyissage_Pointcloud/Pointclouds-classification-with-the-POINTNET-Neural-network/PointNetLab/data/ModelNet10_PLY/table/test/table_0481.ply,8,8,table,table,0.768750011920929
plus_occlusion,0,797,/home/nochi/NOCHI/M2_PAR/Apprenyissage_Pointcloud/Pointclouds-classification-with-the-POINTNET-Neural-network/PointNetLab/data/ModelNet10_PLY/table/test/table_0482.ply,8,8,table,table,0.9909351468086243
plus_occlusion,0,798,/home/nochi/NOCHI/M2_PAR/Apprenyissage_Pointcloud/Pointclouds-classification-with-the-POINTNET-Neural-network/PointNetLab/data/ModelNet10_PLY/table/test/table_0483.ply,8,8,table,table,0.7601938247680664
plus_occlusion,0,799,/home/nochi/NOCHI/M2_PAR/Apprenyissage_Pointcloud/Pointclouds-classification-with-the-POINTNET-Neural-network/PointNetLab/data/ModelNet10_PLY/table/test/table_0484.ply,8,3,table,desk,0.8965896964073181
plus_occlusion,0,800,/home/nochi/NOCHI/M2_PAR/Apprenyissage_Pointcloud/Pointclouds-classification-with-the-POINTNET-Neural-network/PointNetLab/data/ModelNet10_PLY/table/test/table_0485.ply,8,8,table,table,0.8673953413963318
plus_occlusion,0,801,/home/nochi/NOCHI/M2_PAR/Apprenyissage_Pointcloud/Pointclouds-classification-with-the-POINTNET-Neural-network/PointNetLab/data/ModelNet10_PLY/table/test/table_0486.ply,8,8,table,table,0.8556366562843323
plus_occlusion,0,802,/home/nochi/NOCHI/M2_PAR/Apprenyissage_Pointcloud/Pointclouds-classification-with-the-POINTNET-Neural-network/PointNetLab/data/ModelNet10_PLY/table/test/table_0487.ply,8,8,table,table,0.9799450039863586
plus_occlusion,0,803,/home/nochi/NOCHI/M2_PAR/Apprenyissage_Pointcloud/Pointclouds-classification-with-the-POINTNET-Neural-network/PointNetLab/data/ModelNet10_PLY/table/test/table_0488.ply,8,8,table,table,0.9970354437828064
plus_occlusion,0,804,/home/nochi/NOCHI/M2_PAR/Apprenyissage_Pointcloud/Pointclouds-classification-with-the-POINTNET-Neural-network/PointNetLab/data/ModelNet10_PLY/table/test/table_0489.ply,8,8,table,table,0.9002559781074524
plus_occlusion,0,805,/home/nochi/NOCHI/M2_PAR/Apprenyissage_Pointcloud/Pointclouds-classification-with-the-POINTNET-Neural-network/PointNetLab/data/ModelNet10_PLY/table/test/table_0490.ply,8,8,table,table,0.968731164932251
plus_occlusion,0,806,/home/nochi/NOCHI/M2_PAR/Apprenyissage_Pointcloud/Pointclouds-classification-with-the-POINTNET-Neural-network/PointNetLab/data/ModelNet10_PLY/table/test/table_0491.ply,8,8,table,table,0.5543764233589172
plus_occlusion,0,807,/home/nochi/NOCHI/M2_PAR/Apprenyissage_Pointcloud/Pointclouds-classification-with-the-POINTNET-Neural-network/PointNetLab/data/ModelNet10_PLY/table/test/table_0492.ply,8,8,table,table,0.8870487809181213
plus_occlusion,0,808,/home/nochi/NOCHI/M2_PAR/Apprenyissage_Pointcloud/Pointclouds-classification-with-the-POINTNET-Neural-network/PointNetLab/data/ModelNet10_PLY/toilet/test/toilet_0345.ply,9,9,toilet,toilet,0.9676858186721802
plus_occlusion,0,809,/home/nochi/NOCHI/M2_PAR/Apprenyissage_Pointcloud/Pointclouds-classification-with-the-POINTNET-Neural-network/PointNetLab/data/ModelNet10_PLY/toilet/test/toilet_0346.ply,9,2,toilet,chair,0.5850666761398315
plus_occlusion,0,810,/home/nochi/NOCHI/M2_PAR/Apprenyissage_Pointcloud/Pointclouds-classification-with-the-POINTNET-Neural-network/PointNetLab/data/ModelNet10_PLY/toilet/test/toilet_0347.ply,9,1,toilet,bed,0.7740480303764343
plus_occlusion,0,811,/home/nochi/NOCHI/M2_PAR/Apprenyissage_Pointcloud/Pointclouds-classification-with-the-POINTNET-Neural-network/PointNetLab/data/ModelNet10_PLY/toilet/test/toilet_0348.ply,9,9,toilet,toilet,0.9972440004348755
plus_occlusion,0,812,/home/nochi/NOCHI/M2_PAR/Apprenyissage_Pointcloud/Pointclouds-classification-with-the-POINTNET-Neural-network/PointNetLab/data/ModelNet10_PLY/toilet/test/toilet_0349.ply,9,9,toilet,toilet,0.9955645799636841
plus_occlusion,0,813,/home/nochi/NOCHI/M2_PAR/Apprenyissage_Pointcloud/Pointclouds-classification-with-the-POINTNET-Neural-network/PointNetLab/data/ModelNet10_PLY/toilet/test/toilet_0350.ply,9,9,toilet,toilet,0.9903624653816223
plus_occlusion,0,814,/home/nochi/NOCHI/M2_PAR/Apprenyissage_Pointcloud/Pointclouds-classification-with-the-POINTNET-Neural-network/PointNetLab/data/ModelNet10_PLY/toilet/test/toilet_0351.ply,9,9,toilet,toilet,0.5029500126838684
plus_occlusion,0,815,/home/nochi/NOCHI/M2_PAR/Apprenyissage_Pointcloud/Pointclouds-classification-with-the-POINTNET-Neural-network/PointNetLab/data/ModelNet10_PLY/toilet/test/toilet_0352.ply,9,9,toilet,toilet,0.9988965392112732
plus_occlusion,0,816,/home/nochi/NOCHI/M2_PAR/Apprenyissage_Pointcloud/Pointclouds-classification-with-the-POINTNET-Neural-network/PointNetLab/data/ModelNet10_PLY/toilet/test/toilet_0353.ply,9,9,toilet,toilet,0.719637930393219
plus_occlusion,0,817,/home/nochi/NOCHI/M2_PAR/Apprenyissage_Pointcloud/Pointclouds-classification-with-the-POINTNET-Neural-network/PointNetLab/data/ModelNet10_PLY/toilet/test/toilet_0354.ply,9,2,toilet,chair,0.8486289381980896
plus_occlusion,0,818,/home/nochi/NOCHI/M2_PAR/Apprenyissage_Pointcloud/Pointclouds-classification-with-the-POINTNET-Neural-network/PointNetLab/data/ModelNet10_PLY/toilet/test/toilet_0355.ply,9,9,toilet,toilet,0.9954522252082825
plus_occlusion,0,819,/home/nochi/NOCHI/M2_PAR/Apprenyissage_Pointcloud/Pointclouds-classification-with-the-POINTNET-Neural-network/PointNetLab/data/ModelNet10_PLY/toilet/test/toilet_0356.ply,9,9,toilet,toilet,0.9967613220214844
plus_occlusion,0,820,/home/nochi/NOCHI/M2_PAR/Apprenyissage_Pointcloud/Pointclouds-classification-with-the-POINTNET-Neural-network/PointNetLab/data/ModelNet10_PLY/toilet/test/toilet_0357.ply,9,9,toilet,toilet,0.5659047961235046
plus_occlusion,0,821,/home/nochi/NOCHI/M2_PAR/Apprenyissage_Pointcloud/Pointclouds-classification-with-the-POINTNET-Neural-network/PointNetLab/data/ModelNet10_PLY/toilet/test/toilet_0358.ply,9,9,toilet,toilet,0.870784342288971
plus_occlusion,0,822,/home/nochi/NOCHI/M2_PAR/Apprenyissage_Pointcloud/Pointclouds-classification-with-the-POINTNET-Neural-network/PointNetLab/data/ModelNet10_PLY/toilet/test/toilet_0359.ply,9,9,toilet,toilet,0.9946470856666565
plus_occlusion,0,823,/home/nochi/NOCHI/M2_PAR/Apprenyissage_Pointcloud/Pointclouds-classification-with-the-POINTNET-Neural-network/PointNetLab/data/ModelNet10_PLY/toilet/test/toilet_0360.ply,9,9,toilet,toilet,0.9951050281524658
plus_occlusion,0,824,/home/nochi/NOCHI/M2_PAR/Apprenyissage_Pointcloud/Pointclouds-classification-with-the-POINTNET-Neural-network/PointNetLab/data/ModelNet10_PLY/toilet/test/toilet_0361.ply,9,9,toilet,toilet,0.9968163371086121
plus_occlusion,0,825,/home/nochi/NOCHI/M2_PAR/Apprenyissage_Pointcloud/Pointclouds-classification-with-the-POINTNET-Neural-network/PointNetLab/data/ModelNet10_PLY/toilet/test/toilet_0362.ply,9,9,toilet,toilet,0.9939151406288147
plus_occlusion,0,826,/home/nochi/NOCHI/M2_PAR/Apprenyissage_Pointcloud/Pointclouds-classification-with-the-POINTNET-Neural-network/PointNetLab/data/ModelNet10_PLY/toilet/test/toilet_0363.ply,9,9,toilet,toilet,0.9975384473800659
plus_occlusion,0,827,/home/nochi/NOCHI/M2_PAR/Apprenyissage_Pointcloud/Pointclouds-classification-with-the-POINTNET-Neural-network/PointNetLab/data/ModelNet10_PLY/toilet/test/toilet_0364.ply,9,9,toilet,toilet,0.9733560085296631
plus_occlusion,0,828,/home/nochi/NOCHI/M2_PAR/Apprenyissage_Pointcloud/Pointclouds-classification-with-the-POINTNET-Neural-network/PointNetLab/data/ModelNet10_PLY/toilet/test/toilet_0365.ply,9,9,toilet,toilet,0.99419766664505
plus_occlusion,0,829,/home/nochi/NOCHI/M2_PAR/Apprenyissage_Pointcloud/Pointclouds-classification-with-the-POINTNET-Neural-network/PointNetLab/data/ModelNet10_PLY/toilet/test/toilet_0366.ply,9,9,toilet,toilet,0.9988171458244324
plus_occlusion,0,830,/home/nochi/NOCHI/M2_PAR/Apprenyissage_Pointcloud/Pointclouds-classification-with-the-POINTNET-Neural-network/PointNetLab/data/ModelNet10_PLY/toilet/test/toilet_0367.ply,9,9,toilet,toilet,0.9981856346130371
plus_occlusion,0,831,/home/nochi/NOCHI/M2_PAR/Apprenyissage_Pointcloud/Pointclouds-classification-with-the-POINTNET-Neural-network/PointNetLab/data/ModelNet10_PLY/toilet/test/toilet_0368.ply,9,9,toilet,toilet,0.998295247554779
plus_occlusion,0,832,/home/nochi/NOCHI/M2_PAR/Apprenyissage_Pointcloud/Pointclouds-classification-with-the-POINTNET-Neural-network/PointNetLab/data/ModelNet10_PLY/toilet/test/toilet_0369.ply,9,9,toilet,toilet,0.9987865090370178
plus_occlusion,0,833,/home/nochi/NOCHI/M2_PAR/Apprenyissage_Pointcloud/Pointclouds-classification-with-the-POINTNET-Neural-network/PointNetLab/data/ModelNet10_PLY/toilet/test/toilet_0370.ply,9,9,toilet,toilet,0.9988383054733276
plus_occlusion,0,834,/home/nochi/NOCHI/M2_PAR/Apprenyissage_Pointcloud/Pointclouds-classification-with-the-POINTNET-Neural-network/PointNetLab/data/ModelNet10_PLY/toilet/test/toilet_0371.ply,9,9,toilet,toilet,0.9801207184791565
plus_occlusion,0,835,/home/nochi/NOCHI/M2_PAR/Apprenyissage_Pointcloud/Pointclouds-classification-with-the-POINTNET-Neural-network/PointNetLab/data/ModelNet10_PLY/toilet/test/toilet_0372.ply,9,9,toilet,toilet,0.593843400478363
plus_occlusion,0,836,/home/nochi/NOCHI/M2_PAR/Apprenyissage_Pointcloud/Pointclouds-classification-with-the-POINTNET-Neural-network/PointNetLab/data/ModelNet10_PLY/toilet/test/toilet_0373.ply,9,2,toilet,chair,0.8440133333206177
plus_occlusion,0,837,/home/nochi/NOCHI/M2_PAR/Apprenyissage_Pointcloud/Pointclouds-classification-with-the-POINTNET-Neural-network/PointNetLab/data/ModelNet10_PLY/toilet/test/toilet_0374.ply,9,9,toilet,toilet,0.9986268281936646
plus_occlusion,0,838,/home/nochi/NOCHI/M2_PAR/Apprenyissage_Pointcloud/Pointclouds-classification-with-the-POINTNET-Neural-network/PointNetLab/data/ModelNet10_PLY/toilet/test/toilet_0375.ply,9,9,toilet,toilet,0.7637483477592468
plus_occlusion,0,839,/home/nochi/NOCHI/M2_PAR/Apprenyissage_Pointcloud/Pointclouds-classification-with-the-POINTNET-Neural-network/PointNetLab/data/ModelNet10_PLY/toilet/test/toilet_0376.ply,9,9,toilet,toilet,0.9989951252937317
plus_occlusion,0,840,/home/nochi/NOCHI/M2_PAR/Apprenyissage_Pointcloud/Pointclouds-classification-with-the-POINTNET-Neural-network/PointNetLab/data/ModelNet10_PLY/toilet/test/toilet_0377.ply,9,9,toilet,toilet,0.9981090426445007
plus_occlusion,0,841,/home/nochi/NOCHI/M2_PAR/Apprenyissage_Pointcloud/Pointclouds-classification-with-the-POINTNET-Neural-network/PointNetLab/data/ModelNet10_PLY/toilet/test/toilet_0378.ply,9,9,toilet,toilet,0.997653067111969
plus_occlusion,0,842,/home/nochi/NOCHI/M2_PAR/Apprenyissage_Pointcloud/Pointclouds-classification-with-the-POINTNET-Neural-network/PointNetLab/data/ModelNet10_PLY/toilet/test/toilet_0379.ply,9,9,toilet,toilet,0.998826801776886
plus_occlusion,0,843,/home/nochi/NOCHI/M2_PAR/Apprenyissage_Pointcloud/Pointclouds-classification-with-the-POINTNET-Neural-network/PointNetLab/data/ModelNet10_PLY/toilet/test/toilet_0380.ply,9,9,toilet,toilet,0.9225937128067017
plus_occlusion,0,844,/home/nochi/NOCHI/M2_PAR/Apprenyissage_Pointcloud/Pointclouds-classification-with-the-POINTNET-Neural-network/PointNetLab/data/ModelNet10_PLY/toilet/test/toilet_0381.ply,9,9,toilet,toilet,0.9938908815383911
plus_occlusion,0,845,/home/nochi/NOCHI/M2_PAR/Apprenyissage_Pointcloud/Pointclouds-classification-with-the-POINTNET-Neural-network/PointNetLab/data/ModelNet10_PLY/toilet/test/toilet_0382.ply,9,9,toilet,toilet,0.8762990832328796
plus_occlusion,0,846,/home/nochi/NOCHI/M2_PAR/Apprenyissage_Pointcloud/Pointclouds-classification-with-the-POINTNET-Neural-network/PointNetLab/data/ModelNet10_PLY/toilet/test/toilet_0383.ply,9,9,toilet,toilet,0.9763967394828796
plus_occlusion,0,847,/home/nochi/NOCHI/M2_PAR/Apprenyissage_Pointcloud/Pointclouds-classification-with-the-POINTNET-Neural-network/PointNetLab/data/ModelNet10_PLY/toilet/test/toilet_0384.ply,9,9,toilet,toilet,0.985471248626709
plus_occlusion,0,848,/home/nochi/NOCHI/M2_PAR/Apprenyissage_Pointcloud/Pointclouds-classification-with-the-POINTNET-Neural-network/PointNetLab/data/ModelNet10_PLY/toilet/test/toilet_0385.ply,9,9,toilet,toilet,0.998232901096344
plus_occlusion,0,849,/home/nochi/NOCHI/M2_PAR/Apprenyissage_Pointcloud/Pointclouds-classification-with-the-POINTNET-Neural-network/PointNetLab/data/ModelNet10_PLY/toilet/test/toilet_0386.ply,9,9,toilet,toilet,0.9988252520561218
plus_occlusion,0,850,/home/nochi/NOCHI/M2_PAR/Apprenyissage_Pointcloud/Pointclouds-classification-with-the-POINTNET-Neural-network/PointNetLab/data/ModelNet10_PLY/toilet/test/toilet_0387.ply,9,9,toilet,toilet,0.9968056678771973
plus_occlusion,0,851,/home/nochi/NOCHI/M2_PAR/Apprenyissage_Pointcloud/Pointclouds-classification-with-the-POINTNET-Neural-network/PointNetLab/data/ModelNet10_PLY/toilet/test/toilet_0388.ply,9,9,toilet,toilet,0.9979017972946167
plus_occlusion,0,852,/home/nochi/NOCHI/M2_PAR/Apprenyissage_Pointcloud/Pointclouds-classification-with-the-POINTNET-Neural-network/PointNetLab/data/ModelNet10_PLY/toilet/test/toilet_0389.ply,9,9,toilet,toilet,0.6781033873558044
plus_occlusion,0,853,/home/nochi/NOCHI/M2_PAR/Apprenyissage_Pointcloud/Pointclouds-classification-with-the-POINTNET-Neural-network/PointNetLab/data/ModelNet10_PLY/toilet/test/toilet_0390.ply,9,2,toilet,chair,0.6578990817070007
plus_occlusion,0,854,/home/nochi/NOCHI/M2_PAR/Apprenyissage_Pointcloud/Pointclouds-classification-with-the-POINTNET-Neural-network/PointNetLab/data/ModelNet10_PLY/toilet/test/toilet_0391.ply,9,9,toilet,toilet,0.9881535768508911
plus_occlusion,0,855,/home/nochi/NOCHI/M2_PAR/Apprenyissage_Pointcloud/Pointclouds-classification-with-the-POINTNET-Neural-network/PointNetLab/data/ModelNet10_PLY/toilet/test/toilet_0392.ply,9,9,toilet,toilet,0.7308956980705261
plus_occlusion,0,856,/home/nochi/NOCHI/M2_PAR/Apprenyissage_Pointcloud/Pointclouds-classification-with-the-POINTNET-Neural-network/PointNetLab/data/ModelNet10_PLY/toilet/test/toilet_0393.ply,9,9,toilet,toilet,0.7089411020278931
plus_occlusion,0,857,/home/nochi/NOCHI/M2_PAR/Apprenyissage_Pointcloud/Pointclouds-classification-with-the-POINTNET-Neural-network/PointNetLab/data/ModelNet10_PLY/toilet/test/toilet_0394.ply,9,9,toilet,toilet,0.9987678527832031
plus_occlusion,0,858,/home/nochi/NOCHI/M2_PAR/Apprenyissage_Pointcloud/Pointclouds-classification-with-the-POINTNET-Neural-network/PointNetLab/data/ModelNet10_PLY/toilet/test/toilet_0395.ply,9,2,toilet,chair,0.7698671817779541
plus_occlusion,0,859,/home/nochi/NOCHI/M2_PAR/Apprenyissage_Pointcloud/Pointclouds-classification-with-the-POINTNET-Neural-network/PointNetLab/data/ModelNet10_PLY/toilet/test/toilet_0396.ply,9,9,toilet,toilet,0.9982953667640686
plus_occlusion,0,860,/home/nochi/NOCHI/M2_PAR/Apprenyissage_Pointcloud/Pointclouds-classification-with-the-POINTNET-Neural-network/PointNetLab/data/ModelNet10_PLY/toilet/test/toilet_0397.ply,9,9,toilet,toilet,0.9733798503875732
plus_occlusion,0,861,/home/nochi/NOCHI/M2_PAR/Apprenyissage_Pointcloud/Pointclouds-classification-with-the-POINTNET-Neural-network/PointNetLab/data/ModelNet10_PLY/toilet/test/toilet_0398.ply,9,9,toilet,toilet,0.9980249404907227
plus_occlusion,0,862,/home/nochi/NOCHI/M2_PAR/Apprenyissage_Pointcloud/Pointclouds-classification-with-the-POINTNET-Neural-network/PointNetLab/data/ModelNet10_PLY/toilet/test/toilet_0399.ply,9,9,toilet,toilet,0.9914137721061707
plus_occlusion,0,863,/home/nochi/NOCHI/M2_PAR/Apprenyissage_Pointcloud/Pointclouds-classification-with-the-POINTNET-Neural-network/PointNetLab/data/ModelNet10_PLY/toilet/test/toilet_0400.ply,9,9,toilet,toilet,0.9952102303504944
plus_occlusion,0,864,/home/nochi/NOCHI/M2_PAR/Apprenyissage_Pointcloud/Pointclouds-classification-with-the-POINTNET-Neural-network/PointNetLab/data/ModelNet10_PLY/toilet/test/toilet_0401.ply,9,9,toilet,toilet,0.9750615358352661
plus_occlusion,0,865,/home/nochi/NOCHI/M2_PAR/Apprenyissage_Pointcloud/Pointclouds-classification-with-the-POINTNET-Neural-network/PointNetLab/data/ModelNet10_PLY/toilet/test/toilet_0402.ply,9,9,toilet,toilet,0.9976832270622253
plus_occlusion,0,866,/home/nochi/NOCHI/M2_PAR/Apprenyissage_Pointcloud/Pointclouds-classification-with-the-POINTNET-Neural-network/PointNetLab/data/ModelNet10_PLY/toilet/test/toilet_0403.ply,9,9,toilet,toilet,0.9948551654815674
plus_occlusion,0,867,/home/nochi/NOCHI/M2_PAR/Apprenyissage_Pointcloud/Pointclouds-classification-with-the-POINTNET-Neural-network/PointNetLab/data/ModelNet10_PLY/toilet/test/toilet_0404.ply,9,9,toilet,toilet,0.9978426098823547
plus_occlusion,0,868,/home/nochi/NOCHI/M2_PAR/Apprenyissage_Pointcloud/Pointclouds-classification-with-the-POINTNET-Neural-network/PointNetLab/data/ModelNet10_PLY/toilet/test/toilet_0405.ply,9,9,toilet,toilet,0.4822053015232086
plus_occlusion,0,869,/home/nochi/NOCHI/M2_PAR/Apprenyissage_Pointcloud/Pointclouds-classification-with-the-POINTNET-Neural-network/PointNetLab/data/ModelNet10_PLY/toilet/test/toilet_0406.ply,9,9,toilet,toilet,0.998296320438385
plus_occlusion,0,870,/home/nochi/NOCHI/M2_PAR/Apprenyissage_Pointcloud/Pointclouds-classification-with-the-POINTNET-Neural-network/PointNetLab/data/ModelNet10_PLY/toilet/test/toilet_0407.ply,9,9,toilet,toilet,0.9910368323326111
plus_occlusion,0,871,/home/nochi/NOCHI/M2_PAR/Apprenyissage_Pointcloud/Pointclouds-classification-with-the-POINTNET-Neural-network/PointNetLab/data/ModelNet10_PLY/toilet/test/toilet_0408.ply,9,9,toilet,toilet,0.9902653694152832
plus_occlusion,0,872,/home/nochi/NOCHI/M2_PAR/Apprenyissage_Pointcloud/Pointclouds-classification-with-the-POINTNET-Neural-network/PointNetLab/data/ModelNet10_PLY/toilet/test/toilet_0409.ply,9,9,toilet,toilet,0.9965086579322815
plus_occlusion,0,873,/home/nochi/NOCHI/M2_PAR/Apprenyissage_Pointcloud/Pointclouds-classification-with-the-POINTNET-Neural-network/PointNetLab/data/ModelNet10_PLY/toilet/test/toilet_0410.ply,9,9,toilet,toilet,0.9981572031974792
plus_occlusion,0,874,/home/nochi/NOCHI/M2_PAR/Apprenyissage_Pointcloud/Pointclouds-classification-with-the-POINTNET-Neural-network/PointNetLab/data/ModelNet10_PLY/toilet/test/toilet_0411.ply,9,9,toilet,toilet,0.9976465702056885
plus_occlusion,0,875,/home/nochi/NOCHI/M2_PAR/Apprenyissage_Pointcloud/Pointclouds-classification-with-the-POINTNET-Neural-network/PointNetLab/data/ModelNet10_PLY/toilet/test/toilet_0412.ply,9,9,toilet,toilet,0.9911134243011475
plus_occlusion,0,876,/home/nochi/NOCHI/M2_PAR/Apprenyissage_Pointcloud/Pointclouds-classification-with-the-POINTNET-Neural-network/PointNetLab/data/ModelNet10_PLY/toilet/test/toilet_0413.ply,9,9,toilet,toilet,0.9990978240966797
plus_occlusion,0,877,/home/nochi/NOCHI/M2_PAR/Apprenyissage_Pointcloud/Pointclouds-classification-with-the-POINTNET-Neural-network/PointNetLab/data/ModelNet10_PLY/toilet/test/toilet_0414.ply,9,9,toilet,toilet,0.9980675578117371
plus_occlusion,0,878,/home/nochi/NOCHI/M2_PAR/Apprenyissage_Pointcloud/Pointclouds-classification-with-the-POINTNET-Neural-network/PointNetLab/data/ModelNet10_PLY/toilet/test/toilet_0415.ply,9,9,toilet,toilet,0.9926344752311707
plus_occlusion,0,879,/home/nochi/NOCHI/M2_PAR/Apprenyissage_Pointcloud/Pointclouds-classification-with-the-POINTNET-Neural-network/PointNetLab/data/ModelNet10_PLY/toilet/test/toilet_0416.ply,9,9,toilet,toilet,0.9977761507034302
plus_occlusion,0,880,/home/nochi/NOCHI/M2_PAR/Apprenyissage_Pointcloud/Pointclouds-classification-with-the-POINTNET-Neural-network/PointNetLab/data/ModelNet10_PLY/toilet/test/toilet_0417.ply,9,9,toilet,toilet,0.9890011548995972
plus_occlusion,0,881,/home/nochi/NOCHI/M2_PAR/Apprenyissage_Pointcloud/Pointclouds-classification-with-the-POINTNET-Neural-network/PointNetLab/data/ModelNet10_PLY/toilet/test/toilet_0418.ply,9,9,toilet,toilet,0.9967533349990845
plus_occlusion,0,882,/home/nochi/NOCHI/M2_PAR/Apprenyissage_Pointcloud/Pointclouds-classification-with-the-POINTNET-Neural-network/PointNetLab/data/ModelNet10_PLY/toilet/test/toilet_0419.ply,9,9,toilet,toilet,0.9979433417320251
plus_occlusion,0,883,/home/nochi/NOCHI/M2_PAR/Apprenyissage_Pointcloud/Pointclouds-classification-with-the-POINTNET-Neural-network/PointNetLab/data/ModelNet10_PLY/toilet/test/toilet_0420.ply,9,9,toilet,toilet,0.9972659945487976
plus_occlusion,0,884,/home/nochi/NOCHI/M2_PAR/Apprenyissage_Pointcloud/Pointclouds-classification-with-the-POINTNET-Neural-network/PointNetLab/data/ModelNet10_PLY/toilet/test/toilet_0421.ply,9,9,toilet,toilet,0.9959065318107605
plus_occlusion,0,885,/home/nochi/NOCHI/M2_PAR/Apprenyissage_Pointcloud/Pointclouds-classification-with-the-POINTNET-Neural-network/PointNetLab/data/ModelNet10_PLY/toilet/test/toilet_0422.ply,9,9,toilet,toilet,0.9965148568153381
plus_occlusion,0,886,/home/nochi/NOCHI/M2_PAR/Apprenyissage_Pointcloud/Pointclouds-classification-with-the-POINTNET-Neural-network/PointNetLab/data/ModelNet10_PLY/toilet/test/toilet_0423.ply,9,9,toilet,toilet,0.9698744416236877
plus_occlusion,0,887,/home/nochi/NOCHI/M2_PAR/Apprenyissage_Pointcloud/Pointclouds-classification-with-the-POINTNET-Neural-network/PointNetLab/data/ModelNet10_PLY/toilet/test/toilet_0424.ply,9,9,toilet,toilet,0.999014675617218
plus_occlusion,0,888,/home/nochi/NOCHI/M2_PAR/Apprenyissage_Pointcloud/Pointclouds-classification-with-the-POINTNET-Neural-network/PointNetLab/data/ModelNet10_PLY/toilet/test/toilet_0425.ply,9,3,toilet,desk,0.5961501598358154
plus_occlusion,0,889,/home/nochi/NOCHI/M2_PAR/Apprenyissage_Pointcloud/Pointclouds-classification-with-the-POINTNET-Neural-network/PointNetLab/data/ModelNet10_PLY/toilet/test/toilet_0426.ply,9,9,toilet,toilet,0.9971332550048828
plus_occlusion,0,890,/home/nochi/NOCHI/M2_PAR/Apprenyissage_Pointcloud/Pointclouds-classification-with-the-POINTNET-Neural-network/PointNetLab/data/ModelNet10_PLY/toilet/test/toilet_0427.ply,9,9,toilet,toilet,0.9891260266304016
plus_occlusion,0,891,/home/nochi/NOCHI/M2_PAR/Apprenyissage_Pointcloud/Pointclouds-classification-with-the-POINTNET-Neural-network/PointNetLab/data/ModelNet10_PLY/toilet/test/toilet_0428.ply,9,9,toilet,toilet,0.9923088550567627
plus_occlusion,0,892,/home/nochi/NOCHI/M2_PAR/Apprenyissage_Pointcloud/Pointclouds-classification-with-the-POINTNET-Neural-network/PointNetLab/data/ModelNet10_PLY/toilet/test/toilet_0429.ply,9,9,toilet,toilet,0.9991573095321655
plus_occlusion,0,893,/home/nochi/NOCHI/M2_PAR/Apprenyissage_Pointcloud/Pointclouds-classification-with-the-POINTNET-Neural-network/PointNetLab/data/ModelNet10_PLY/toilet/test/toilet_0430.ply,9,9,toilet,toilet,0.8748867511749268
plus_occlusion,0,894,/home/nochi/NOCHI/M2_PAR/Apprenyissage_Pointcloud/Pointclouds-classification-with-the-POINTNET-Neural-network/PointNetLab/data/ModelNet10_PLY/toilet/test/toilet_0431.ply,9,9,toilet,toilet,0.998829185962677
plus_occlusion,0,895,/home/nochi/NOCHI/M2_PAR/Apprenyissage_Pointcloud/Pointclouds-classification-with-the-POINTNET-Neural-network/PointNetLab/data/ModelNet10_PLY/toilet/test/toilet_0432.ply,9,9,toilet,toilet,0.7422887682914734
plus_occlusion,0,896,/home/nochi/NOCHI/M2_PAR/Apprenyissage_Pointcloud/Pointclouds-classification-with-the-POINTNET-Neural-network/PointNetLab/data/ModelNet10_PLY/toilet/test/toilet_0433.ply,9,9,toilet,toilet,0.9974210262298584
plus_occlusion,0,897,/home/nochi/NOCHI/M2_PAR/Apprenyissage_Pointcloud/Pointclouds-classification-with-the-POINTNET-Neural-network/PointNetLab/data/ModelNet10_PLY/toilet/test/toilet_0434.ply,9,2,toilet,chair,0.8735297918319702
plus_occlusion,0,898,/home/nochi/NOCHI/M2_PAR/Apprenyissage_Pointcloud/Pointclouds-classification-with-the-POINTNET-Neural-network/PointNetLab/data/ModelNet10_PLY/toilet/test/toilet_0435.ply,9,9,toilet,toilet,0.998339056968689
plus_occlusion,0,899,/home/nochi/NOCHI/M2_PAR/Apprenyissage_Pointcloud/Pointclouds-classification-with-the-POINTNET-Neural-network/PointNetLab/data/ModelNet10_PLY/toilet/test/toilet_0436.ply,9,9,toilet,toilet,0.9970605373382568
plus_occlusion,0,900,/home/nochi/NOCHI/M2_PAR/Apprenyissage_Pointcloud/Pointclouds-classification-with-the-POINTNET-Neural-network/PointNetLab/data/ModelNet10_PLY/toilet/test/toilet_0437.ply,9,9,toilet,toilet,0.8449128270149231
plus_occlusion,0,901,/home/nochi/NOCHI/M2_PAR/Apprenyissage_Pointcloud/Pointclouds-classification-with-the-POINTNET-Neural-network/PointNetLab/data/ModelNet10_PLY/toilet/test/toilet_0438.ply,9,9,toilet,toilet,0.9970507025718689
plus_occlusion,0,902,/home/nochi/NOCHI/M2_PAR/Apprenyissage_Pointcloud/Pointclouds-classification-with-the-POINTNET-Neural-network/PointNetLab/data/ModelNet10_PLY/toilet/test/toilet_0439.ply,9,9,toilet,toilet,0.9982783794403076
plus_occlusion,0,903,/home/nochi/NOCHI/M2_PAR/Apprenyissage_Pointcloud/Pointclouds-classification-with-the-POINTNET-Neural-network/PointNetLab/data/ModelNet10_PLY/toilet/test/toilet_0440.ply,9,9,toilet,toilet,0.9975370168685913
plus_occlusion,0,904,/home/nochi/NOCHI/M2_PAR/Apprenyissage_Pointcloud/Pointclouds-classification-with-the-POINTNET-Neural-network/PointNetLab/data/ModelNet10_PLY/toilet/test/toilet_0441.ply,9,9,toilet,toilet,0.9967932105064392
plus_occlusion,0,905,/home/nochi/NOCHI/M2_PAR/Apprenyissage_Pointcloud/Pointclouds-classification-with-the-POINTNET-Neural-network/PointNetLab/data/ModelNet10_PLY/toilet/test/toilet_0442.ply,9,9,toilet,toilet,0.9982072710990906
plus_occlusion,0,906,/home/nochi/NOCHI/M2_PAR/Apprenyissage_Pointcloud/Pointclouds-classification-with-the-POINTNET-Neural-network/PointNetLab/data/ModelNet10_PLY/toilet/test/toilet_0443.ply,9,9,toilet,toilet,0.9979265332221985
plus_occlusion,0,907,/home/nochi/NOCHI/M2_PAR/Apprenyissage_Pointcloud/Pointclouds-classification-with-the-POINTNET-Neural-network/PointNetLab/data/ModelNet10_PLY/toilet/test/toilet_0444.ply,9,9,toilet,toilet,0.9982230067253113
