experiment,seed,index,ply_path,true,pred,true_name,pred_name,confidence
combo_full,1,0,/home/nochi/NOCHI/M2_PAR/Apprenyissage_Pointcloud/Pointclouds-classification-with-the-POINTNET-Neural-network/PointNetLab/data/ModelNet10_PLY/bathtub/test/bathtub_0107.ply,0,0,bathtub,bathtub,0.9986562132835388
combo_full,1,1,/home/nochi/NOCHI/M2_PAR/Apprenyissage_Pointcloud/Pointclouds-classification-with-the-POINTNET-Neural-network/PointNetLab/data/ModelNet10_PLY/bathtub/test/bathtub_0108.ply,0,0,bathtub,bathtub,0.9985948204994202
combo_full,1,2,/home/nochi/NOCHI/M2_PAR/Apprenyissage_Pointcloud/Pointclouds-classification-with-the-POINTNET-Neural-network/PointNetLab/data/ModelNet10_PLY/bathtub/test/bathtub_0109.ply,0,0,bathtub,bathtub,0.9977090358734131
combo_full,1,3,/home/nochi/NOCHI/M2_PAR/Apprenyissage_Pointcloud/Pointclouds-classification-with-the-POINTNET-Neural-network/PointNetLab/data/ModelNet10_PLY/bathtub/test/bathtub_0110.ply,0,0,bathtub,bathtub,0.9957343935966492
combo_full,1,4,/home/nochi/NOCHI/M2_PAR/Apprenyissage_Pointcloud/Pointclouds-classification-with-the-POINTNET-Neural-network/PointNetLab/data/ModelNet10_PLY/bathtub/test/bathtub_0111.ply,0,1,bathtub,bed,0.49286213517189026
combo_full,1,5,/home/nochi/NOCHI/M2_PAR/Apprenyissage_Pointcloud/Pointclouds-classification-with-the-POINTNET-Neural-network/PointNetLab/data/ModelNet10_PLY/bathtub/test/bathtub_0112.ply,0,0,bathtub,bathtub,0.9963030219078064
combo_full,1,6,/home/nochi/NOCHI/M2_PAR/Apprenyissage_Pointcloud/Pointclouds-classification-with-the-POINTNET-Neural-network/PointNetLab/data/ModelNet10_PLY/bathtub/test/bathtub_0113.ply,0,0,bathtub,bathtub,0.9285640120506287
combo_full,1,7,/home/nochi/NOCHI/M2_PAR/Apprenyissage_Pointcloud/Pointclouds-classification-with-the-POINTNET-Neural-network/PointNetLab/data/ModelNet10_PLY/bathtub/test/bathtub_0114.ply,0,0,bathtub,bathtub,0.9883910417556763
combo_full,1,8,/home/nochi/NOCHI/M2_PAR/Apprenyissage_Pointcloud/Pointclouds-classification-with-the-POINTNET-Neural-network/PointNetLab/data/ModelNet10_PLY/bathtub/test/bathtub_0115.ply,0,0,bathtub,bathtub,0.9980276226997375
combo_full,1,9,/home/nochi/NOCHI/M2_PAR/Apprenyissage_Pointcloud/Pointclouds-classification-with-the-POINTNET-Neural-network/PointNetLab/data/ModelNet10_PLY/bathtub/test/bathtub_0116.ply,0,0,bathtub,bathtub,0.9980959296226501
combo_full,1,10,/home/nochi/NOCHI/M2_PAR/Apprenyissage_Pointcloud/Pointclouds-classification-with-the-POINTNET-Neural-network/PointNetLab/data/ModelNet10_PLY/bathtub/test/bathtub_0117.ply,0,0,bathtub,bathtub,0.9994682669639587
combo_full,1,11,/home/nochi/NOCHI/M2_PAR/Apprenyissage_Pointcloud/Pointclouds-classification-with-the-POINTNET-Neural-network/PointNetLab/data/ModelNet10_PLY/bathtub/test/bathtub_0118.ply,0,0,bathtub,bathtub,0.9982140064239502
combo_full,1,12,/home/nochi/NOCHI/M2_PAR/Apprenyissage_Pointcloud/Pointclouds-classification-with-the-POINTNET-Neural-network/PointNetLab/data/ModelNet10_PLY/bathtub/test/bathtub_0119.ply,0,0,bathtub,bathtub,0.9975749850273132
combo_full,1,13,/home/nochi/NOCHI/M2_PAR/Apprenyissage_Pointcloud/Pointclouds-classification-with-the-POINTNET-Neural-network/PointNetLab/data/ModelNet10_PLY/bathtub/test/bathtub_0120.ply,0,1,bathtub,bed,0.615057110786438
combo_full,1,14,/home/nochi/NOCHI/M2_PAR/Apprenyissage_Pointcloud/Pointclouds-classification-with-the-POINTNET-Neural-network/PointNetLab/data/ModelNet10_PLY/bathtub/test/bathtub_0121.ply,0,0,bathtub,bathtub,0.9968608021736145
combo_full,1,15,/home/nochi/NOCHI/M2_PAR/Apprenyissage_Pointcloud/Pointclouds-classification-with-the-POINTNET-Neural-network/PointNetLab/data/ModelNet10_PLY/bathtub/test/bathtub_0122.ply,0,0,bathtub,bathtub,0.9994862079620361
combo_full,1,16,/home/nochi/NOCHI/M2_PAR/Apprenyissage_Pointcloud/Pointclouds-classification-with-the-POINTNET-Neural-network/PointNetLab/data/ModelNet10_PLY/bathtub/test/bathtub_0123.ply,0,1,bathtub,bed,0.8803307414054871
combo_full,1,17,/home/nochi/NOCHI/M2_PAR/Apprenyissage_Pointcloud/Pointclouds-classification-with-the-POINTNET-Neural-network/PointNetLab/data/ModelNet10_PLY/bathtub/test/bathtub_0124.ply,0,0,bathtub,bathtub,0.9967972636222839
combo_full,1,18,/home/nochi/NOCHI/M2_PAR/Apprenyissage_Pointcloud/Pointclouds-classification-with-the-POINTNET-Neural-network/PointNetLab/data/ModelNet10_PLY/bathtub/test/bathtub_0125.ply,0,0,bathtub,bathtub,0.892646074295044
combo_full,1,19,/home/nochi/NOCHI/M2_PAR/Apprenyissage_Pointcloud/Pointclouds-classification-with-the-POINTNET-Neural-network/PointNetLab/data/ModelNet10_PLY/bathtub/test/bathtub_0126.ply,0,0,bathtub,bathtub,0.9985329508781433
combo_full,1,20,/home/nochi/NOCHI/M2_PAR/Apprenyissage_Pointcloud/Pointclouds-classification-with-the-POINTNET-Neural-network/PointNetLab/data/ModelNet10_PLY/bathtub/test/bathtub_0127.ply,0,1,bathtub,bed,0.9922475218772888
combo_full,1,21,/home/nochi/NOCHI/M2_PAR/Apprenyissage_Pointcloud/Pointclouds-classification-with-the-POINTNET-Neural-network/PointNetLab/data/ModelNet10_PLY/bathtub/test/bathtub_0128.ply,0,0,bathtub,bathtub,0.9737628102302551
combo_full,1,22,/home/nochi/NOCHI/M2_PAR/Apprenyissage_Pointcloud/Pointclouds-classification-with-the-POINTNET-Neural-network/PointNetLab/data/ModelNet10_PLY/bathtub/test/bathtub_0129.ply,0,0,bathtub,bathtub,0.6580561995506287
combo_full,1,23,/home/nochi/NOCHI/M2_PAR/Apprenyissage_Pointcloud/Pointclouds-classification-with-the-POINTNET-Neural-network/PointNetLab/data/ModelNet10_PLY/bathtub/test/bathtub_0130.ply,0,1,bathtub,bed,0.9952452778816223
combo_full,1,24,/home/nochi/NOCHI/M2_PAR/Apprenyissage_Pointcloud/Pointclouds-classification-with-the-POINTNET-Neural-network/PointNetLab/data/ModelNet10_PLY/bathtub/test/bathtub_0131.ply,0,0,bathtub,bathtub,0.9669696092605591
combo_full,1,25,/home/nochi/NOCHI/M2_PAR/Apprenyissage_Pointcloud/Pointclouds-classification-with-the-POINTNET-Neural-network/PointNetLab/data/ModelNet10_PLY/bathtub/test/bathtub_0132.ply,0,7,bathtub,sofa,0.6654146909713745
combo_full,1,26,/home/nochi/NOCHI/M2_PAR/Apprenyissage_Pointcloud/Pointclouds-classification-with-the-POINTNET-Neural-network/PointNetLab/data/ModelNet10_PLY/bathtub/test/bathtub_0133.ply,0,0,bathtub,bathtub,0.9953936338424683
combo_full,1,27,/home/nochi/NOCHI/M2_PAR/Apprenyissage_Pointcloud/Pointclouds-classification-with-the-POINTNET-Neural-network/PointNetLab/data/ModelNet10_PLY/bathtub/test/bathtub_0134.ply,0,1,bathtub,bed,0.9832149147987366
combo_full,1,28,/home/nochi/NOCHI/M2_PAR/Apprenyissage_Pointcloud/Pointclouds-classification-with-the-POINTNET-Neural-network/PointNetLab/data/ModelNet10_PLY/bathtub/test/bathtub_0135.ply,0,0,bathtub,bathtub,0.9986201524734497
combo_full,1,29,/home/nochi/NOCHI/M2_PAR/Apprenyissage_Pointcloud/Pointclouds-classification-with-the-POINTNET-Neural-network/PointNetLab/data/ModelNet10_PLY/bathtub/test/bathtub_0136.ply,0,0,bathtub,bathtub,0.9989335536956787
combo_full,1,30,/home/nochi/NOCHI/M2_PAR/Apprenyissage_Pointcloud/Pointclouds-classification-with-the-POINTNET-Neural-network/PointNetLab/data/ModelNet10_PLY/bathtub/test/bathtub_0137.ply,0,0,bathtub,bathtub,0.9981258511543274
combo_full,1,31,/home/nochi/NOCHI/M2_PAR/Apprenyissage_Pointcloud/Pointclouds-classification-with-the-POINTNET-Neural-network/PointNetLab/data/ModelNet10_PLY/bathtub/test/bathtub_0138.ply,0,1,bathtub,bed,0.7554154992103577
combo_full,1,32,/home/nochi/NOCHI/M2_PAR/Apprenyissage_Pointcloud/Pointclouds-classification-with-the-POINTNET-Neural-network/PointNetLab/data/ModelNet10_PLY/bathtub/test/bathtub_0139.ply,0,1,bathtub,bed,0.9808264374732971
combo_full,1,33,/home/nochi/NOCHI/M2_PAR/Apprenyissage_Pointcloud/Pointclouds-classification-with-the-POINTNET-Neural-network/PointNetLab/data/ModelNet10_PLY/bathtub/test/bathtub_0140.ply,0,0,bathtub,bathtub,0.9996442198753357
combo_full,1,34,/home/nochi/NOCHI/M2_PAR/Apprenyissage_Pointcloud/Pointclouds-classification-with-the-POINTNET-Neural-network/PointNetLab/data/ModelNet10_PLY/bathtub/test/bathtub_0141.ply,0,0,bathtub,bathtub,0.959874153137207
combo_full,1,35,/home/nochi/NOCHI/M2_PAR/Apprenyissage_Pointcloud/Pointclouds-classification-with-the-POINTNET-Neural-network/PointNetLab/data/ModelNet10_PLY/bathtub/test/bathtub_0142.ply,0,0,bathtub,bathtub,0.9995287656784058
combo_full,1,36,/home/nochi/NOCHI/M2_PAR/Apprenyissage_Pointcloud/Pointclouds-classification-with-the-POINTNET-Neural-network/PointNetLab/data/ModelNet10_PLY/bathtub/test/bathtub_0143.ply,0,0,bathtub,bathtub,0.9993038773536682
combo_full,1,37,/home/nochi/NOCHI/M2_PAR/Apprenyissage_Pointcloud/Pointclouds-classification-with-the-POINTNET-Neural-network/PointNetLab/data/ModelNet10_PLY/bathtub/test/bathtub_0144.ply,0,0,bathtub,bathtub,0.9986163973808289
combo_full,1,38,/home/nochi/NOCHI/M2_PAR/Apprenyissage_Pointcloud/Pointclouds-classification-with-the-POINTNET-Neural-network/PointNetLab/data/ModelNet10_PLY/bathtub/test/bathtub_0145.ply,0,0,bathtub,bathtub,0.9292685985565186
combo_full,1,39,/home/nochi/NOCHI/M2_PAR/Apprenyissage_Pointcloud/Pointclouds-classification-with-the-POINTNET-Neural-network/PointNetLab/data/ModelNet10_PLY/bathtub/test/bathtub_0146.ply,0,0,bathtub,bathtub,0.9989421963691711
combo_full,1,40,/home/nochi/NOCHI/M2_PAR/Apprenyissage_Pointcloud/Pointclouds-classification-with-the-POINTNET-Neural-network/PointNetLab/data/ModelNet10_PLY/bathtub/test/bathtub_0147.ply,0,0,bathtub,bathtub,0.996715784072876
combo_full,1,41,/home/nochi/NOCHI/M2_PAR/Apprenyissage_Pointcloud/Pointclouds-classification-with-the-POINTNET-Neural-network/PointNetLab/data/ModelNet10_PLY/bathtub/test/bathtub_0148.ply,0,0,bathtub,bathtub,0.9996297359466553
combo_full,1,42,/home/nochi/NOCHI/M2_PAR/Apprenyissage_Pointcloud/Pointclouds-classification-with-the-POINTNET-Neural-network/PointNetLab/data/ModelNet10_PLY/bathtub/test/bathtub_0149.ply,0,0,bathtub,bathtub,0.9992802739143372
combo_full,1,43,/home/nochi/NOCHI/M2_PAR/Apprenyissage_Pointcloud/Pointclouds-classification-with-the-POINTNET-Neural-network/PointNetLab/data/ModelNet10_PLY/bathtub/test/bathtub_0150.ply,0,0,bathtub,bathtub,0.9995216727256775
combo_full,1,44,/home/nochi/NOCHI/M2_PAR/Apprenyissage_Pointcloud/Pointclouds-classification-with-the-POINTNET-Neural-network/PointNetLab/data/ModelNet10_PLY/bathtub/test/bathtub_0151.ply,0,0,bathtub,bathtub,0.9584804177284241
combo_full,1,45,/home/nochi/NOCHI/M2_PAR/Apprenyissage_Pointcloud/Pointclouds-classification-with-the-POINTNET-Neural-network/PointNetLab/data/ModelNet10_PLY/bathtub/test/bathtub_0152.ply,0,0,bathtub,bathtub,0.3696686625480652
combo_full,1,46,/home/nochi/NOCHI/M2_PAR/Apprenyissage_Pointcloud/Pointclouds-classification-with-the-POINTNET-Neural-network/PointNetLab/data/ModelNet10_PLY/bathtub/test/bathtub_0153.ply,0,0,bathtub,bathtub,0.9718548059463501
combo_full,1,47,/home/nochi/NOCHI/M2_PAR/Apprenyissage_Pointcloud/Pointclouds-classification-with-the-POINTNET-Neural-network/PointNetLab/data/ModelNet10_PLY/bathtub/test/bathtub_0154.ply,0,0,bathtub,bathtub,0.9964537620544434
combo_full,1,48,/home/nochi/NOCHI/M2_PAR/Apprenyissage_Pointcloud/Pointclouds-classification-with-the-POINTNET-Neural-network/PointNetLab/data/ModelNet10_PLY/bathtub/test/bathtub_0155.ply,0,0,bathtub,bathtub,0.9997780919075012
combo_full,1,49,/home/nochi/NOCHI/M2_PAR/Apprenyissage_Pointcloud/Pointclouds-classification-with-the-POINTNET-Neural-network/PointNetLab/data/ModelNet10_PLY/bathtub/test/bathtub_0156.ply,0,0,bathtub,bathtub,0.9987406730651855
combo_full,1,50,/home/nochi/NOCHI/M2_PAR/Apprenyissage_Pointcloud/Pointclouds-classification-with-the-POINTNET-Neural-network/PointNetLab/data/ModelNet10_PLY/bed/test/bed_0516.ply,1,1,bed,bed,0.9054306149482727
combo_full,1,51,/home/nochi/NOCHI/M2_PAR/Apprenyissage_Pointcloud/Pointclouds-classification-with-the-POINTNET-Neural-network/PointNetLab/data/ModelNet10_PLY/bed/test/bed_0517.ply,1,1,bed,bed,0.9990869760513306
combo_full,1,52,/home/nochi/NOCHI/M2_PAR/Apprenyissage_Pointcloud/Pointclouds-classification-with-the-POINTNET-Neural-network/PointNetLab/data/ModelNet10_PLY/bed/test/bed_0518.ply,1,7,bed,sofa,0.773714542388916
combo_full,1,53,/home/nochi/NOCHI/M2_PAR/Apprenyissage_Pointcloud/Pointclouds-classification-with-the-POINTNET-Neural-network/PointNetLab/data/ModelNet10_PLY/bed/test/bed_0519.ply,1,1,bed,bed,0.9222018122673035
combo_full,1,54,/home/nochi/NOCHI/M2_PAR/Apprenyissage_Pointcloud/Pointclouds-classification-with-the-POINTNET-Neural-network/PointNetLab/data/ModelNet10_PLY/bed/test/bed_0520.ply,1,1,bed,bed,0.9985287189483643
combo_full,1,55,/home/nochi/NOCHI/M2_PAR/Apprenyissage_Pointcloud/Pointclouds-classification-with-the-POINTNET-Neural-network/PointNetLab/data/ModelNet10_PLY/bed/test/bed_0521.ply,1,1,bed,bed,0.9985038042068481
combo_full,1,56,/home/nochi/NOCHI/M2_PAR/Apprenyissage_Pointcloud/Pointclouds-classification-with-the-POINTNET-Neural-network/PointNetLab/data/ModelNet10_PLY/bed/test/bed_0522.ply,1,1,bed,bed,0.9975152015686035
combo_full,1,57,/home/nochi/NOCHI/M2_PAR/Apprenyissage_Pointcloud/Pointclouds-classification-with-the-POINTNET-Neural-network/PointNetLab/data/ModelNet10_PLY/bed/test/bed_0523.ply,1,1,bed,bed,0.9972583651542664
combo_full,1,58,/home/nochi/NOCHI/M2_PAR/Apprenyissage_Pointcloud/Pointclouds-classification-with-the-POINTNET-Neural-network/PointNetLab/data/ModelNet10_PLY/bed/test/bed_0524.ply,1,1,bed,bed,0.9978665709495544
combo_full,1,59,/home/nochi/NOCHI/M2_PAR/Apprenyissage_Pointcloud/Pointclouds-classification-with-the-POINTNET-Neural-network/PointNetLab/data/ModelNet10_PLY/bed/test/bed_0525.ply,1,1,bed,bed,0.9969993829727173
combo_full,1,60,/home/nochi/NOCHI/M2_PAR/Apprenyissage_Pointcloud/Pointclouds-classification-with-the-POINTNET-Neural-network/PointNetLab/data/ModelNet10_PLY/bed/test/bed_0526.ply,1,1,bed,bed,0.9992586374282837
combo_full,1,61,/home/nochi/NOCHI/M2_PAR/Apprenyissage_Pointcloud/Pointclouds-classification-with-the-POINTNET-Neural-network/PointNetLab/data/ModelNet10_PLY/bed/test/bed_0527.ply,1,1,bed,bed,0.9335626363754272
combo_full,1,62,/home/nochi/NOCHI/M2_PAR/Apprenyissage_Pointcloud/Pointclouds-classification-with-the-POINTNET-Neural-network/PointNetLab/data/ModelNet10_PLY/bed/test/bed_0528.ply,1,1,bed,bed,0.9996501803398132
combo_full,1,63,/home/nochi/NOCHI/M2_PAR/Apprenyissage_Pointcloud/Pointclouds-classification-with-the-POINTNET-Neural-network/PointNetLab/data/ModelNet10_PLY/bed/test/bed_0529.ply,1,1,bed,bed,0.8588171005249023
combo_full,1,64,/home/nochi/NOCHI/M2_PAR/Apprenyissage_Pointcloud/Pointclouds-classification-with-the-POINTNET-Neural-network/PointNetLab/data/ModelNet10_PLY/bed/test/bed_0530.ply,1,1,bed,bed,0.9354618787765503
combo_full,1,65,/home/nochi/NOCHI/M2_PAR/Apprenyissage_Pointcloud/Pointclouds-classification-with-the-POINTNET-Neural-network/PointNetLab/data/ModelNet10_PLY/bed/test/bed_0531.ply,1,1,bed,bed,0.9709774851799011
combo_full,1,66,/home/nochi/NOCHI/M2_PAR/Apprenyissage_Pointcloud/Pointclouds-classification-with-the-POINTNET-Neural-network/PointNetLab/data/ModelNet10_PLY/bed/test/bed_0532.ply,1,1,bed,bed,0.9960792660713196
combo_full,1,67,/home/nochi/NOCHI/M2_PAR/Apprenyissage_Pointcloud/Pointclouds-classification-with-the-POINTNET-Neural-network/PointNetLab/data/ModelNet10_PLY/bed/test/bed_0533.ply,1,1,bed,bed,0.8294481039047241
combo_full,1,68,/home/nochi/NOCHI/M2_PAR/Apprenyissage_Pointcloud/Pointclouds-classification-with-the-POINTNET-Neural-network/PointNetLab/data/ModelNet10_PLY/bed/test/bed_0534.ply,1,1,bed,bed,0.5624428987503052
combo_full,1,69,/home/nochi/NOCHI/M2_PAR/Apprenyissage_Pointcloud/Pointclouds-classification-with-the-POINTNET-Neural-network/PointNetLab/data/ModelNet10_PLY/bed/test/bed_0535.ply,1,1,bed,bed,0.9997125267982483
combo_full,1,70,/home/nochi/NOCHI/M2_PAR/Apprenyissage_Pointcloud/Pointclouds-classification-with-the-POINTNET-Neural-network/PointNetLab/data/ModelNet10_PLY/bed/test/bed_0536.ply,1,1,bed,bed,0.9995235204696655
combo_full,1,71,/home/nochi/NOCHI/M2_PAR/Apprenyissage_Pointcloud/Pointclouds-classification-with-the-POINTNET-Neural-network/PointNetLab/data/ModelNet10_PLY/bed/test/bed_0537.ply,1,1,bed,bed,0.7703806757926941
combo_full,1,72,/home/nochi/NOCHI/M2_PAR/Apprenyissage_Pointcloud/Pointclouds-classification-with-the-POINTNET-Neural-network/PointNetLab/data/ModelNet10_PLY/bed/test/bed_0538.ply,1,1,bed,bed,0.9874866604804993
combo_full,1,73,/home/nochi/NOCHI/M2_PAR/Apprenyissage_Pointcloud/Pointclouds-classification-with-the-POINTNET-Neural-network/PointNetLab/data/ModelNet10_PLY/bed/test/bed_0539.ply,1,1,bed,bed,0.9978480339050293
combo_full,1,74,/home/nochi/NOCHI/M2_PAR/Apprenyissage_Pointcloud/Pointclouds-classification-with-the-POINTNET-Neural-network/PointNetLab/data/ModelNet10_PLY/bed/test/bed_0540.ply,1,1,bed,bed,0.9992218017578125
combo_full,1,75,/home/nochi/NOCHI/M2_PAR/Apprenyissage_Pointcloud/Pointclouds-classification-with-the-POINTNET-Neural-network/PointNetLab/data/ModelNet10_PLY/bed/test/bed_0541.ply,1,1,bed,bed,0.9978585839271545
combo_full,1,76,/home/nochi/NOCHI/M2_PAR/Apprenyissage_Pointcloud/Pointclouds-classification-with-the-POINTNET-Neural-network/PointNetLab/data/ModelNet10_PLY/bed/test/bed_0542.ply,1,8,bed,table,0.5343978404998779
combo_full,1,77,/home/nochi/NOCHI/M2_PAR/Apprenyissage_Pointcloud/Pointclouds-classification-with-the-POINTNET-Neural-network/PointNetLab/data/ModelNet10_PLY/bed/test/bed_0543.ply,1,1,bed,bed,0.9903305172920227
combo_full,1,78,/home/nochi/NOCHI/M2_PAR/Apprenyissage_Pointcloud/Pointclouds-classification-with-the-POINTNET-Neural-network/PointNetLab/data/ModelNet10_PLY/bed/test/bed_0544.ply,1,1,bed,bed,0.9942257404327393
combo_full,1,79,/home/nochi/NOCHI/M2_PAR/Apprenyissage_Pointcloud/Pointclouds-classification-with-the-POINTNET-Neural-network/PointNetLab/data/ModelNet10_PLY/bed/test/bed_0545.ply,1,1,bed,bed,0.9933776259422302
combo_full,1,80,/home/nochi/NOCHI/M2_PAR/Apprenyissage_Pointcloud/Pointclouds-classification-with-the-POINTNET-Neural-network/PointNetLab/data/ModelNet10_PLY/bed/test/bed_0546.ply,1,1,bed,bed,0.999113142490387
combo_full,1,81,/home/nochi/NOCHI/M2_PAR/Apprenyissage_Pointcloud/Pointclouds-classification-with-the-POINTNET-Neural-network/PointNetLab/data/ModelNet10_PLY/bed/test/bed_0547.ply,1,1,bed,bed,0.9217643141746521
combo_full,1,82,/home/nochi/NOCHI/M2_PAR/Apprenyissage_Pointcloud/Pointclouds-classification-with-the-POINTNET-Neural-network/PointNetLab/data/ModelNet10_PLY/bed/test/bed_0548.ply,1,1,bed,bed,0.9916596412658691
combo_full,1,83,/home/nochi/NOCHI/M2_PAR/Apprenyissage_Pointcloud/Pointclouds-classification-with-the-POINTNET-Neural-network/PointNetLab/data/ModelNet10_PLY/bed/test/bed_0549.ply,1,1,bed,bed,0.9988806843757629
combo_full,1,84,/home/nochi/NOCHI/M2_PAR/Apprenyissage_Pointcloud/Pointclouds-classification-with-the-POINTNET-Neural-network/PointNetLab/data/ModelNet10_PLY/bed/test/bed_0550.ply,1,1,bed,bed,0.9755208492279053
combo_full,1,85,/home/nochi/NOCHI/M2_PAR/Apprenyissage_Pointcloud/Pointclouds-classification-with-the-POINTNET-Neural-network/PointNetLab/data/ModelNet10_PLY/bed/test/bed_0551.ply,1,1,bed,bed,0.9987875819206238
combo_full,1,86,/home/nochi/NOCHI/M2_PAR/Apprenyissage_Pointcloud/Pointclouds-classification-with-the-POINTNET-Neural-network/PointNetLab/data/ModelNet10_PLY/bed/test/bed_0552.ply,1,1,bed,bed,0.9751139879226685
combo_full,1,87,/home/nochi/NOCHI/M2_PAR/Apprenyissage_Pointcloud/Pointclouds-classification-with-the-POINTNET-Neural-network/PointNetLab/data/ModelNet10_PLY/bed/test/bed_0553.ply,1,1,bed,bed,0.9993025660514832
combo_full,1,88,/home/nochi/NOCHI/M2_PAR/Apprenyissage_Pointcloud/Pointclouds-classification-with-the-POINTNET-Neural-network/PointNetLab/data/ModelNet10_PLY/bed/test/bed_0554.ply,1,1,bed,bed,0.9995058178901672
combo_full,1,89,/home/nochi/NOCHI/M2_PAR/Apprenyissage_Pointcloud/Pointclouds-classification-with-the-POINTNET-Neural-network/PointNetLab/data/ModelNet10_PLY/bed/test/bed_0555.ply,1,1,bed,bed,0.9872670769691467
combo_full,1,90,/home/nochi/NOCHI/M2_PAR/Apprenyissage_Pointcloud/Pointclouds-classification-with-the-POINTNET-Neural-network/PointNetLab/data/ModelNet10_PLY/bed/test/bed_0556.ply,1,1,bed,bed,0.9976767897605896
combo_full,1,91,/home/nochi/NOCHI/M2_PAR/Apprenyissage_Pointcloud/Pointclouds-classification-with-the-POINTNET-Neural-network/PointNetLab/data/ModelNet10_PLY/bed/test/bed_0557.ply,1,1,bed,bed,0.985918402671814
combo_full,1,92,/home/nochi/NOCHI/M2_PAR/Apprenyissage_Pointcloud/Pointclouds-classification-with-the-POINTNET-Neural-network/PointNetLab/data/ModelNet10_PLY/bed/test/bed_0558.ply,1,1,bed,bed,0.9995632767677307
combo_full,1,93,/home/nochi/NOCHI/M2_PAR/Apprenyissage_Pointcloud/Pointclouds-classification-with-the-POINTNET-Neural-network/PointNetLab/data/ModelNet10_PLY/bed/test/bed_0559.ply,1,1,bed,bed,0.9954602122306824
combo_full,1,94,/home/nochi/NOCHI/M2_PAR/Apprenyissage_Pointcloud/Pointclouds-classification-with-the-POINTNET-Neural-network/PointNetLab/data/ModelNet10_PLY/bed/test/bed_0560.ply,1,1,bed,bed,0.857961118221283
combo_full,1,95,/home/nochi/NOCHI/M2_PAR/Apprenyissage_Pointcloud/Pointclouds-classification-with-the-POINTNET-Neural-network/PointNetLab/data/ModelNet10_PLY/bed/test/bed_0561.ply,1,1,bed,bed,0.9996952414512634
combo_full,1,96,/home/nochi/NOCHI/M2_PAR/Apprenyissage_Pointcloud/Pointclouds-classification-with-the-POINTNET-Neural-network/PointNetLab/data/ModelNet10_PLY/bed/test/bed_0562.ply,1,1,bed,bed,0.8165020942687988
combo_full,1,97,/home/nochi/NOCHI/M2_PAR/Apprenyissage_Pointcloud/Pointclouds-classification-with-the-POINTNET-Neural-network/PointNetLab/data/ModelNet10_PLY/bed/test/bed_0563.ply,1,1,bed,bed,0.996084451675415
combo_full,1,98,/home/nochi/NOCHI/M2_PAR/Apprenyissage_Pointcloud/Pointclouds-classification-with-the-POINTNET-Neural-network/PointNetLab/data/ModelNet10_PLY/bed/test/bed_0564.ply,1,1,bed,bed,0.7279806733131409
combo_full,1,99,/home/nochi/NOCHI/M2_PAR/Apprenyissage_Pointcloud/Pointclouds-classification-with-the-POINTNET-Neural-network/PointNetLab/data/ModelNet10_PLY/bed/test/bed_0565.ply,1,1,bed,bed,0.9810848832130432
combo_full,1,100,/home/nochi/NOCHI/M2_PAR/Apprenyissage_Pointcloud/Pointclouds-classification-with-the-POINTNET-Neural-network/PointNetLab/data/ModelNet10_PLY/bed/test/bed_0566.ply,1,7,bed,sofa,0.9069474339485168
combo_full,1,101,/home/nochi/NOCHI/M2_PAR/Apprenyissage_Pointcloud/Pointclouds-classification-with-the-POINTNET-Neural-network/PointNetLab/data/ModelNet10_PLY/bed/test/bed_0567.ply,1,1,bed,bed,0.9981924295425415
combo_full,1,102,/home/nochi/NOCHI/M2_PAR/Apprenyissage_Pointcloud/Pointclouds-classification-with-the-POINTNET-Neural-network/PointNetLab/data/ModelNet10_PLY/bed/test/bed_0568.ply,1,1,bed,bed,0.9786540865898132
combo_full,1,103,/home/nochi/NOCHI/M2_PAR/Apprenyissage_Pointcloud/Pointclouds-classification-with-the-POINTNET-Neural-network/PointNetLab/data/ModelNet10_PLY/bed/test/bed_0569.ply,1,1,bed,bed,0.9891037940979004
combo_full,1,104,/home/nochi/NOCHI/M2_PAR/Apprenyissage_Pointcloud/Pointclouds-classification-with-the-POINTNET-Neural-network/PointNetLab/data/ModelNet10_PLY/bed/test/bed_0570.ply,1,1,bed,bed,0.9997523427009583
combo_full,1,105,/home/nochi/NOCHI/M2_PAR/Apprenyissage_Pointcloud/Pointclouds-classification-with-the-POINTNET-Neural-network/PointNetLab/data/ModelNet10_PLY/bed/test/bed_0571.ply,1,1,bed,bed,0.9701842665672302
combo_full,1,106,/home/nochi/NOCHI/M2_PAR/Apprenyissage_Pointcloud/Pointclouds-classification-with-the-POINTNET-Neural-network/PointNetLab/data/ModelNet10_PLY/bed/test/bed_0572.ply,1,1,bed,bed,0.9652037620544434
combo_full,1,107,/home/nochi/NOCHI/M2_PAR/Apprenyissage_Pointcloud/Pointclouds-classification-with-the-POINTNET-Neural-network/PointNetLab/data/ModelNet10_PLY/bed/test/bed_0573.ply,1,1,bed,bed,0.9967786073684692
combo_full,1,108,/home/nochi/NOCHI/M2_PAR/Apprenyissage_Pointcloud/Pointclouds-classification-with-the-POINTNET-Neural-network/PointNetLab/data/ModelNet10_PLY/bed/test/bed_0574.ply,1,1,bed,bed,0.9938696026802063
combo_full,1,109,/home/nochi/NOCHI/M2_PAR/Apprenyissage_Pointcloud/Pointclouds-classification-with-the-POINTNET-Neural-network/PointNetLab/data/ModelNet10_PLY/bed/test/bed_0575.ply,1,1,bed,bed,0.9952154159545898
combo_full,1,110,/home/nochi/NOCHI/M2_PAR/Apprenyissage_Pointcloud/Pointclouds-classification-with-the-POINTNET-Neural-network/PointNetLab/data/ModelNet10_PLY/bed/test/bed_0576.ply,1,1,bed,bed,0.9984790682792664
combo_full,1,111,/home/nochi/NOCHI/M2_PAR/Apprenyissage_Pointcloud/Pointclouds-classification-with-the-POINTNET-Neural-network/PointNetLab/data/ModelNet10_PLY/bed/test/bed_0577.ply,1,1,bed,bed,0.9943742752075195
combo_full,1,112,/home/nochi/NOCHI/M2_PAR/Apprenyissage_Pointcloud/Pointclouds-classification-with-the-POINTNET-Neural-network/PointNetLab/data/ModelNet10_PLY/bed/test/bed_0578.ply,1,1,bed,bed,0.9923482537269592
combo_full,1,113,/home/nochi/NOCHI/M2_PAR/Apprenyissage_Pointcloud/Pointclouds-classification-with-the-POINTNET-Neural-network/PointNetLab/data/ModelNet10_PLY/bed/test/bed_0579.ply,1,1,bed,bed,0.9973499774932861
combo_full,1,114,/home/nochi/NOCHI/M2_PAR/Apprenyissage_Pointcloud/Pointclouds-classification-with-the-POINTNET-Neural-network/PointNetLab/data/ModelNet10_PLY/bed/test/bed_0580.ply,1,1,bed,bed,0.9590792059898376
combo_full,1,115,/home/nochi/NOCHI/M2_PAR/Apprenyissage_Pointcloud/Pointclouds-classification-with-the-POINTNET-Neural-network/PointNetLab/data/ModelNet10_PLY/bed/test/bed_0581.ply,1,1,bed,bed,0.996044397354126
combo_full,1,116,/home/nochi/NOCHI/M2_PAR/Apprenyissage_Pointcloud/Pointclouds-classification-with-the-POINTNET-Neural-network/PointNetLab/data/ModelNet10_PLY/bed/test/bed_0582.ply,1,1,bed,bed,0.9869666695594788
combo_full,1,117,/home/nochi/NOCHI/M2_PAR/Apprenyissage_Pointcloud/Pointclouds-classification-with-the-POINTNET-Neural-network/PointNetLab/data/ModelNet10_PLY/bed/test/bed_0583.ply,1,1,bed,bed,0.9507331848144531
combo_full,1,118,/home/nochi/NOCHI/M2_PAR/Apprenyissage_Pointcloud/Pointclouds-classification-with-the-POINTNET-Neural-network/PointNetLab/data/ModelNet10_PLY/bed/test/bed_0584.ply,1,1,bed,bed,0.9967079758644104
combo_full,1,119,/home/nochi/NOCHI/M2_PAR/Apprenyissage_Pointcloud/Pointclouds-classification-with-the-POINTNET-Neural-network/PointNetLab/data/ModelNet10_PLY/bed/test/bed_0585.ply,1,1,bed,bed,0.9953041076660156
combo_full,1,120,/home/nochi/NOCHI/M2_PAR/Apprenyissage_Pointcloud/Pointclouds-classification-with-the-POINTNET-Neural-network/PointNetLab/data/ModelNet10_PLY/bed/test/bed_0586.ply,1,1,bed,bed,0.9915424585342407
combo_full,1,121,/home/nochi/NOCHI/M2_PAR/Apprenyissage_Pointcloud/Pointclouds-classification-with-the-POINTNET-Neural-network/PointNetLab/data/ModelNet10_PLY/bed/test/bed_0587.ply,1,1,bed,bed,0.9732837677001953
combo_full,1,122,/home/nochi/NOCHI/M2_PAR/Apprenyissage_Pointcloud/Pointclouds-classification-with-the-POINTNET-Neural-network/PointNetLab/data/ModelNet10_PLY/bed/test/bed_0588.ply,1,1,bed,bed,0.9740386605262756
combo_full,1,123,/home/nochi/NOCHI/M2_PAR/Apprenyissage_Pointcloud/Pointclouds-classification-with-the-POINTNET-Neural-network/PointNetLab/data/ModelNet10_PLY/bed/test/bed_0589.ply,1,1,bed,bed,0.9933662414550781
combo_full,1,124,/home/nochi/NOCHI/M2_PAR/Apprenyissage_Pointcloud/Pointclouds-classification-with-the-POINTNET-Neural-network/PointNetLab/data/ModelNet10_PLY/bed/test/bed_0590.ply,1,1,bed,bed,0.6999372839927673
combo_full,1,125,/home/nochi/NOCHI/M2_PAR/Apprenyissage_Pointcloud/Pointclouds-classification-with-the-POINTNET-Neural-network/PointNetLab/data/ModelNet10_PLY/bed/test/bed_0591.ply,1,1,bed,bed,0.9966714978218079
combo_full,1,126,/home/nochi/NOCHI/M2_PAR/Apprenyissage_Pointcloud/Pointclouds-classification-with-the-POINTNET-Neural-network/PointNetLab/data/ModelNet10_PLY/bed/test/bed_0592.ply,1,1,bed,bed,0.9945806860923767
combo_full,1,127,/home/nochi/NOCHI/M2_PAR/Apprenyissage_Pointcloud/Pointclouds-classification-with-the-POINTNET-Neural-network/PointNetLab/data/ModelNet10_PLY/bed/test/bed_0593.ply,1,1,bed,bed,0.9996429681777954
combo_full,1,128,/home/nochi/NOCHI/M2_PAR/Apprenyissage_Pointcloud/Pointclouds-classification-with-the-POINTNET-Neural-network/PointNetLab/data/ModelNet10_PLY/bed/test/bed_0594.ply,1,1,bed,bed,0.9760411381721497
combo_full,1,129,/home/nochi/NOCHI/M2_PAR/Apprenyissage_Pointcloud/Pointclouds-classification-with-the-POINTNET-Neural-network/PointNetLab/data/ModelNet10_PLY/bed/test/bed_0595.ply,1,1,bed,bed,0.9614585638046265
combo_full,1,130,/home/nochi/NOCHI/M2_PAR/Apprenyissage_Pointcloud/Pointclouds-classification-with-the-POINTNET-Neural-network/PointNetLab/data/ModelNet10_PLY/bed/test/bed_0596.ply,1,1,bed,bed,0.9995030760765076
combo_full,1,131,/home/nochi/NOCHI/M2_PAR/Apprenyissage_Pointcloud/Pointclouds-classification-with-the-POINTNET-Neural-network/PointNetLab/data/ModelNet10_PLY/bed/test/bed_0597.ply,1,1,bed,bed,0.9872057437896729
combo_full,1,132,/home/nochi/NOCHI/M2_PAR/Apprenyissage_Pointcloud/Pointclouds-classification-with-the-POINTNET-Neural-network/PointNetLab/data/ModelNet10_PLY/bed/test/bed_0598.ply,1,1,bed,bed,0.9315141439437866
combo_full,1,133,/home/nochi/NOCHI/M2_PAR/Apprenyissage_Pointcloud/Pointclouds-classification-with-the-POINTNET-Neural-network/PointNetLab/data/ModelNet10_PLY/bed/test/bed_0599.ply,1,1,bed,bed,0.995146632194519
combo_full,1,134,/home/nochi/NOCHI/M2_PAR/Apprenyissage_Pointcloud/Pointclouds-classification-with-the-POINTNET-Neural-network/PointNetLab/data/ModelNet10_PLY/bed/test/bed_0600.ply,1,1,bed,bed,0.9995970726013184
combo_full,1,135,/home/nochi/NOCHI/M2_PAR/Apprenyissage_Pointcloud/Pointclouds-classification-with-the-POINTNET-Neural-network/PointNetLab/data/ModelNet10_PLY/bed/test/bed_0601.ply,1,1,bed,bed,0.9933215379714966
combo_full,1,136,/home/nochi/NOCHI/M2_PAR/Apprenyissage_Pointcloud/Pointclouds-classification-with-the-POINTNET-Neural-network/PointNetLab/data/ModelNet10_PLY/bed/test/bed_0602.ply,1,1,bed,bed,0.9985867738723755
combo_full,1,137,/home/nochi/NOCHI/M2_PAR/Apprenyissage_Pointcloud/Pointclouds-classification-with-the-POINTNET-Neural-network/PointNetLab/data/ModelNet10_PLY/bed/test/bed_0603.ply,1,1,bed,bed,0.9980774521827698
combo_full,1,138,/home/nochi/NOCHI/M2_PAR/Apprenyissage_Pointcloud/Pointclouds-classification-with-the-POINTNET-Neural-network/PointNetLab/data/ModelNet10_PLY/bed/test/bed_0604.ply,1,0,bed,bathtub,0.4845629334449768
combo_full,1,139,/home/nochi/NOCHI/M2_PAR/Apprenyissage_Pointcloud/Pointclouds-classification-with-the-POINTNET-Neural-network/PointNetLab/data/ModelNet10_PLY/bed/test/bed_0605.ply,1,1,bed,bed,0.9802960753440857
combo_full,1,140,/home/nochi/NOCHI/M2_PAR/Apprenyissage_Pointcloud/Pointclouds-classification-with-the-POINTNET-Neural-network/PointNetLab/data/ModelNet10_PLY/bed/test/bed_0606.ply,1,1,bed,bed,0.6659374833106995
combo_full,1,141,/home/nochi/NOCHI/M2_PAR/Apprenyissage_Pointcloud/Pointclouds-classification-with-the-POINTNET-Neural-network/PointNetLab/data/ModelNet10_PLY/bed/test/bed_0607.ply,1,1,bed,bed,0.9790888428688049
combo_full,1,142,/home/nochi/NOCHI/M2_PAR/Apprenyissage_Pointcloud/Pointclouds-classification-with-the-POINTNET-Neural-network/PointNetLab/data/ModelNet10_PLY/bed/test/bed_0608.ply,1,1,bed,bed,0.9992384910583496
combo_full,1,143,/home/nochi/NOCHI/M2_PAR/Apprenyissage_Pointcloud/Pointclouds-classification-with-the-POINTNET-Neural-network/PointNetLab/data/ModelNet10_PLY/bed/test/bed_0609.ply,1,1,bed,bed,0.9937920570373535
combo_full,1,144,/home/nochi/NOCHI/M2_PAR/Apprenyissage_Pointcloud/Pointclouds-classification-with-the-POINTNET-Neural-network/PointNetLab/data/ModelNet10_PLY/bed/test/bed_0610.ply,1,1,bed,bed,0.9990283846855164
combo_full,1,145,/home/nochi/NOCHI/M2_PAR/Apprenyissage_Pointcloud/Pointclouds-classification-with-the-POINTNET-Neural-network/PointNetLab/data/ModelNet10_PLY/bed/test/bed_0611.ply,1,1,bed,bed,0.8262820243835449
combo_full,1,146,/home/nochi/NOCHI/M2_PAR/Apprenyissage_Pointcloud/Pointclouds-classification-with-the-POINTNET-Neural-network/PointNetLab/data/ModelNet10_PLY/bed/test/bed_0612.ply,1,1,bed,bed,0.4505118429660797
combo_full,1,147,/home/nochi/NOCHI/M2_PAR/Apprenyissage_Pointcloud/Pointclouds-classification-with-the-POINTNET-Neural-network/PointNetLab/data/ModelNet10_PLY/bed/test/bed_0613.ply,1,1,bed,bed,0.9992338418960571
combo_full,1,148,/home/nochi/NOCHI/M2_PAR/Apprenyissage_Pointcloud/Pointclouds-classification-with-the-POINTNET-Neural-network/PointNetLab/data/ModelNet10_PLY/bed/test/bed_0614.ply,1,1,bed,bed,0.6066164970397949
combo_full,1,149,/home/nochi/NOCHI/M2_PAR/Apprenyissage_Pointcloud/Pointclouds-classification-with-the-POINTNET-Neural-network/PointNetLab/data/ModelNet10_PLY/bed/test/bed_0615.ply,1,1,bed,bed,0.9925113916397095
combo_full,1,150,/home/nochi/NOCHI/M2_PAR/Apprenyissage_Pointcloud/Pointclouds-classification-with-the-POINTNET-Neural-network/PointNetLab/data/ModelNet10_PLY/chair/test/chair_0890.ply,2,2,chair,chair,0.9996857047080994
combo_full,1,151,/home/nochi/NOCHI/M2_PAR/Apprenyissage_Pointcloud/Pointclouds-classification-with-the-POINTNET-Neural-network/PointNetLab/data/ModelNet10_PLY/chair/test/chair_0891.ply,2,2,chair,chair,0.9993358254432678
combo_full,1,152,/home/nochi/NOCHI/M2_PAR/Apprenyissage_Pointcloud/Pointclouds-classification-with-the-POINTNET-Neural-network/PointNetLab/data/ModelNet10_PLY/chair/test/chair_0892.ply,2,9,chair,toilet,0.48979705572128296
combo_full,1,153,/home/nochi/NOCHI/M2_PAR/Apprenyissage_Pointcloud/Pointclouds-classification-with-the-POINTNET-Neural-network/PointNetLab/data/ModelNet10_PLY/chair/test/chair_0893.ply,2,2,chair,chair,0.995719850063324
combo_full,1,154,/home/nochi/NOCHI/M2_PAR/Apprenyissage_Pointcloud/Pointclouds-classification-with-the-POINTNET-Neural-network/PointNetLab/data/ModelNet10_PLY/chair/test/chair_0894.ply,2,2,chair,chair,0.9999226331710815
combo_full,1,155,/home/nochi/NOCHI/M2_PAR/Apprenyissage_Pointcloud/Pointclouds-classification-with-the-POINTNET-Neural-network/PointNetLab/data/ModelNet10_PLY/chair/test/chair_0895.ply,2,2,chair,chair,0.9993184804916382
combo_full,1,156,/home/nochi/NOCHI/M2_PAR/Apprenyissage_Pointcloud/Pointclouds-classification-with-the-POINTNET-Neural-network/PointNetLab/data/ModelNet10_PLY/chair/test/chair_0896.ply,2,2,chair,chair,0.9898017048835754
combo_full,1,157,/home/nochi/NOCHI/M2_PAR/Apprenyissage_Pointcloud/Pointclouds-classification-with-the-POINTNET-Neural-network/PointNetLab/data/ModelNet10_PLY/chair/test/chair_0897.ply,2,2,chair,chair,0.9783452153205872
combo_full,1,158,/home/nochi/NOCHI/M2_PAR/Apprenyissage_Pointcloud/Pointclouds-classification-with-the-POINTNET-Neural-network/PointNetLab/data/ModelNet10_PLY/chair/test/chair_0898.ply,2,2,chair,chair,0.9982292056083679
combo_full,1,159,/home/nochi/NOCHI/M2_PAR/Apprenyissage_Pointcloud/Pointclouds-classification-with-the-POINTNET-Neural-network/PointNetLab/data/ModelNet10_PLY/chair/test/chair_0899.ply,2,2,chair,chair,0.9997349977493286
combo_full,1,160,/home/nochi/NOCHI/M2_PAR/Apprenyissage_Pointcloud/Pointclouds-classification-with-the-POINTNET-Neural-network/PointNetLab/data/ModelNet10_PLY/chair/test/chair_0900.ply,2,2,chair,chair,0.9992209672927856
combo_full,1,161,/home/nochi/NOCHI/M2_PAR/Apprenyissage_Pointcloud/Pointclouds-classification-with-the-POINTNET-Neural-network/PointNetLab/data/ModelNet10_PLY/chair/test/chair_0901.ply,2,2,chair,chair,0.9998272657394409
combo_full,1,162,/home/nochi/NOCHI/M2_PAR/Apprenyissage_Pointcloud/Pointclouds-classification-with-the-POINTNET-Neural-network/PointNetLab/data/ModelNet10_PLY/chair/test/chair_0902.ply,2,2,chair,chair,0.9999316930770874
combo_full,1,163,/home/nochi/NOCHI/M2_PAR/Apprenyissage_Pointcloud/Pointclouds-classification-with-the-POINTNET-Neural-network/PointNetLab/data/ModelNet10_PLY/chair/test/chair_0903.ply,2,2,chair,chair,0.8698815107345581
combo_full,1,164,/home/nochi/NOCHI/M2_PAR/Apprenyissage_Pointcloud/Pointclouds-classification-with-the-POINTNET-Neural-network/PointNetLab/data/ModelNet10_PLY/chair/test/chair_0904.ply,2,2,chair,chair,0.9996619820594788
combo_full,1,165,/home/nochi/NOCHI/M2_PAR/Apprenyissage_Pointcloud/Pointclouds-classification-with-the-POINTNET-Neural-network/PointNetLab/data/ModelNet10_PLY/chair/test/chair_0905.ply,2,2,chair,chair,0.9982569813728333
combo_full,1,166,/home/nochi/NOCHI/M2_PAR/Apprenyissage_Pointcloud/Pointclouds-classification-with-the-POINTNET-Neural-network/PointNetLab/data/ModelNet10_PLY/chair/test/chair_0906.ply,2,2,chair,chair,0.7481884360313416
combo_full,1,167,/home/nochi/NOCHI/M2_PAR/Apprenyissage_Pointcloud/Pointclouds-classification-with-the-POINTNET-Neural-network/PointNetLab/data/ModelNet10_PLY/chair/test/chair_0907.ply,2,2,chair,chair,0.9352743029594421
combo_full,1,168,/home/nochi/NOCHI/M2_PAR/Apprenyissage_Pointcloud/Pointclouds-classification-with-the-POINTNET-Neural-network/PointNetLab/data/ModelNet10_PLY/chair/test/chair_0908.ply,2,2,chair,chair,0.9997636079788208
combo_full,1,169,/home/nochi/NOCHI/M2_PAR/Apprenyissage_Pointcloud/Pointclouds-classification-with-the-POINTNET-Neural-network/PointNetLab/data/ModelNet10_PLY/chair/test/chair_0909.ply,2,2,chair,chair,0.9984326958656311
combo_full,1,170,/home/nochi/NOCHI/M2_PAR/Apprenyissage_Pointcloud/Pointclouds-classification-with-the-POINTNET-Neural-network/PointNetLab/data/ModelNet10_PLY/chair/test/chair_0910.ply,2,2,chair,chair,0.9995194673538208
combo_full,1,171,/home/nochi/NOCHI/M2_PAR/Apprenyissage_Pointcloud/Pointclouds-classification-with-the-POINTNET-Neural-network/PointNetLab/data/ModelNet10_PLY/chair/test/chair_0911.ply,2,2,chair,chair,0.999855101108551
combo_full,1,172,/home/nochi/NOCHI/M2_PAR/Apprenyissage_Pointcloud/Pointclouds-classification-with-the-POINTNET-Neural-network/PointNetLab/data/ModelNet10_PLY/chair/test/chair_0912.ply,2,2,chair,chair,0.9999449253082275
combo_full,1,173,/home/nochi/NOCHI/M2_PAR/Apprenyissage_Pointcloud/Pointclouds-classification-with-the-POINTNET-Neural-network/PointNetLab/data/ModelNet10_PLY/chair/test/chair_0913.ply,2,2,chair,chair,0.8854125142097473
combo_full,1,174,/home/nochi/NOCHI/M2_PAR/Apprenyissage_Pointcloud/Pointclouds-classification-with-the-POINTNET-Neural-network/PointNetLab/data/ModelNet10_PLY/chair/test/chair_0914.ply,2,2,chair,chair,0.9980596899986267
combo_full,1,175,/home/nochi/NOCHI/M2_PAR/Apprenyissage_Pointcloud/Pointclouds-classification-with-the-POINTNET-Neural-network/PointNetLab/data/ModelNet10_PLY/chair/test/chair_0915.ply,2,7,chair,sofa,0.736558198928833
combo_full,1,176,/home/nochi/NOCHI/M2_PAR/Apprenyissage_Pointcloud/Pointclouds-classification-with-the-POINTNET-Neural-network/PointNetLab/data/ModelNet10_PLY/chair/test/chair_0916.ply,2,2,chair,chair,0.9894312620162964
combo_full,1,177,/home/nochi/NOCHI/M2_PAR/Apprenyissage_Pointcloud/Pointclouds-classification-with-the-POINTNET-Neural-network/PointNetLab/data/ModelNet10_PLY/chair/test/chair_0917.ply,2,2,chair,chair,0.9999830722808838
combo_full,1,178,/home/nochi/NOCHI/M2_PAR/Apprenyissage_Pointcloud/Pointclouds-classification-with-the-POINTNET-Neural-network/PointNetLab/data/ModelNet10_PLY/chair/test/chair_0918.ply,2,2,chair,chair,0.9998088479042053
combo_full,1,179,/home/nochi/NOCHI/M2_PAR/Apprenyissage_Pointcloud/Pointclouds-classification-with-the-POINTNET-Neural-network/PointNetLab/data/ModelNet10_PLY/chair/test/chair_0919.ply,2,2,chair,chair,0.9934795498847961
combo_full,1,180,/home/nochi/NOCHI/M2_PAR/Apprenyissage_Pointcloud/Pointclouds-classification-with-the-POINTNET-Neural-network/PointNetLab/data/ModelNet10_PLY/chair/test/chair_0920.ply,2,2,chair,chair,0.9746300578117371
combo_full,1,181,/home/nochi/NOCHI/M2_PAR/Apprenyissage_Pointcloud/Pointclouds-classification-with-the-POINTNET-Neural-network/PointNetLab/data/ModelNet10_PLY/chair/test/chair_0921.ply,2,2,chair,chair,0.9998990893363953
combo_full,1,182,/home/nochi/NOCHI/M2_PAR/Apprenyissage_Pointcloud/Pointclouds-classification-with-the-POINTNET-Neural-network/PointNetLab/data/ModelNet10_PLY/chair/test/chair_0922.ply,2,2,chair,chair,0.9983193874359131
combo_full,1,183,/home/nochi/NOCHI/M2_PAR/Apprenyissage_Pointcloud/Pointclouds-classification-with-the-POINTNET-Neural-network/PointNetLab/data/ModelNet10_PLY/chair/test/chair_0923.ply,2,2,chair,chair,0.999146580696106
combo_full,1,184,/home/nochi/NOCHI/M2_PAR/Apprenyissage_Pointcloud/Pointclouds-classification-with-the-POINTNET-Neural-network/PointNetLab/data/ModelNet10_PLY/chair/test/chair_0924.ply,2,2,chair,chair,0.9999793767929077
combo_full,1,185,/home/nochi/NOCHI/M2_PAR/Apprenyissage_Pointcloud/Pointclouds-classification-with-the-POINTNET-Neural-network/PointNetLab/data/ModelNet10_PLY/chair/test/chair_0925.ply,2,2,chair,chair,0.9996036887168884
combo_full,1,186,/home/nochi/NOCHI/M2_PAR/Apprenyissage_Pointcloud/Pointclouds-classification-with-the-POINTNET-Neural-network/PointNetLab/data/ModelNet10_PLY/chair/test/chair_0926.ply,2,2,chair,chair,0.9931899309158325
combo_full,1,187,/home/nochi/NOCHI/M2_PAR/Apprenyissage_Pointcloud/Pointclouds-classification-with-the-POINTNET-Neural-network/PointNetLab/data/ModelNet10_PLY/chair/test/chair_0927.ply,2,2,chair,chair,0.9994255304336548
combo_full,1,188,/home/nochi/NOCHI/M2_PAR/Apprenyissage_Pointcloud/Pointclouds-classification-with-the-POINTNET-Neural-network/PointNetLab/data/ModelNet10_PLY/chair/test/chair_0928.ply,2,2,chair,chair,0.9999945163726807
combo_full,1,189,/home/nochi/NOCHI/M2_PAR/Apprenyissage_Pointcloud/Pointclouds-classification-with-the-POINTNET-Neural-network/PointNetLab/data/ModelNet10_PLY/chair/test/chair_0929.ply,2,2,chair,chair,0.9986190795898438
combo_full,1,190,/home/nochi/NOCHI/M2_PAR/Apprenyissage_Pointcloud/Pointclouds-classification-with-the-POINTNET-Neural-network/PointNetLab/data/ModelNet10_PLY/chair/test/chair_0930.ply,2,2,chair,chair,0.9999534487724304
combo_full,1,191,/home/nochi/NOCHI/M2_PAR/Apprenyissage_Pointcloud/Pointclouds-classification-with-the-POINTNET-Neural-network/PointNetLab/data/ModelNet10_PLY/chair/test/chair_0931.ply,2,2,chair,chair,0.9998207688331604
combo_full,1,192,/home/nochi/NOCHI/M2_PAR/Apprenyissage_Pointcloud/Pointclouds-classification-with-the-POINTNET-Neural-network/PointNetLab/data/ModelNet10_PLY/chair/test/chair_0932.ply,2,2,chair,chair,0.9909064769744873
combo_full,1,193,/home/nochi/NOCHI/M2_PAR/Apprenyissage_Pointcloud/Pointclouds-classification-with-the-POINTNET-Neural-network/PointNetLab/data/ModelNet10_PLY/chair/test/chair_0933.ply,2,2,chair,chair,0.9996371865272522
combo_full,1,194,/home/nochi/NOCHI/M2_PAR/Apprenyissage_Pointcloud/Pointclouds-classification-with-the-POINTNET-Neural-network/PointNetLab/data/ModelNet10_PLY/chair/test/chair_0934.ply,2,2,chair,chair,0.9931880235671997
combo_full,1,195,/home/nochi/NOCHI/M2_PAR/Apprenyissage_Pointcloud/Pointclouds-classification-with-the-POINTNET-Neural-network/PointNetLab/data/ModelNet10_PLY/chair/test/chair_0935.ply,2,2,chair,chair,0.9749082922935486
combo_full,1,196,/home/nochi/NOCHI/M2_PAR/Apprenyissage_Pointcloud/Pointclouds-classification-with-the-POINTNET-Neural-network/PointNetLab/data/ModelNet10_PLY/chair/test/chair_0936.ply,2,2,chair,chair,0.831827700138092
combo_full,1,197,/home/nochi/NOCHI/M2_PAR/Apprenyissage_Pointcloud/Pointclouds-classification-with-the-POINTNET-Neural-network/PointNetLab/data/ModelNet10_PLY/chair/test/chair_0937.ply,2,2,chair,chair,0.9995682835578918
combo_full,1,198,/home/nochi/NOCHI/M2_PAR/Apprenyissage_Pointcloud/Pointclouds-classification-with-the-POINTNET-Neural-network/PointNetLab/data/ModelNet10_PLY/chair/test/chair_0938.ply,2,2,chair,chair,0.999914288520813
combo_full,1,199,/home/nochi/NOCHI/M2_PAR/Apprenyissage_Pointcloud/Pointclouds-classification-with-the-POINTNET-Neural-network/PointNetLab/data/ModelNet10_PLY/chair/test/chair_0939.ply,2,2,chair,chair,0.9939265847206116
combo_full,1,200,/home/nochi/NOCHI/M2_PAR/Apprenyissage_Pointcloud/Pointclouds-classification-with-the-POINTNET-Neural-network/PointNetLab/data/ModelNet10_PLY/chair/test/chair_0940.ply,2,2,chair,chair,0.9997759461402893
combo_full,1,201,/home/nochi/NOCHI/M2_PAR/Apprenyissage_Pointcloud/Pointclouds-classification-with-the-POINTNET-Neural-network/PointNetLab/data/ModelNet10_PLY/chair/test/chair_0941.ply,2,2,chair,chair,0.9998169541358948
combo_full,1,202,/home/nochi/NOCHI/M2_PAR/Apprenyissage_Pointcloud/Pointclouds-classification-with-the-POINTNET-Neural-network/PointNetLab/data/ModelNet10_PLY/chair/test/chair_0942.ply,2,2,chair,chair,0.9992815852165222
combo_full,1,203,/home/nochi/NOCHI/M2_PAR/Apprenyissage_Pointcloud/Pointclouds-classification-with-the-POINTNET-Neural-network/PointNetLab/data/ModelNet10_PLY/chair/test/chair_0943.ply,2,2,chair,chair,0.9231703281402588
combo_full,1,204,/home/nochi/NOCHI/M2_PAR/Apprenyissage_Pointcloud/Pointclouds-classification-with-the-POINTNET-Neural-network/PointNetLab/data/ModelNet10_PLY/chair/test/chair_0944.ply,2,2,chair,chair,0.9927945733070374
combo_full,1,205,/home/nochi/NOCHI/M2_PAR/Apprenyissage_Pointcloud/Pointclouds-classification-with-the-POINTNET-Neural-network/PointNetLab/data/ModelNet10_PLY/chair/test/chair_0945.ply,2,2,chair,chair,0.999596893787384
combo_full,1,206,/home/nochi/NOCHI/M2_PAR/Apprenyissage_Pointcloud/Pointclouds-classification-with-the-POINTNET-Neural-network/PointNetLab/data/ModelNet10_PLY/chair/test/chair_0946.ply,2,2,chair,chair,0.992863118648529
combo_full,1,207,/home/nochi/NOCHI/M2_PAR/Apprenyissage_Pointcloud/Pointclouds-classification-with-the-POINTNET-Neural-network/PointNetLab/data/ModelNet10_PLY/chair/test/chair_0947.ply,2,2,chair,chair,0.9730516672134399
combo_full,1,208,/home/nochi/NOCHI/M2_PAR/Apprenyissage_Pointcloud/Pointclouds-classification-with-the-POINTNET-Neural-network/PointNetLab/data/ModelNet10_PLY/chair/test/chair_0948.ply,2,2,chair,chair,0.9992638230323792
combo_full,1,209,/home/nochi/NOCHI/M2_PAR/Apprenyissage_Pointcloud/Pointclouds-classification-with-the-POINTNET-Neural-network/PointNetLab/data/ModelNet10_PLY/chair/test/chair_0949.ply,2,2,chair,chair,0.9999740123748779
combo_full,1,210,/home/nochi/NOCHI/M2_PAR/Apprenyissage_Pointcloud/Pointclouds-classification-with-the-POINTNET-Neural-network/PointNetLab/data/ModelNet10_PLY/chair/test/chair_0950.ply,2,2,chair,chair,0.904992401599884
combo_full,1,211,/home/nochi/NOCHI/M2_PAR/Apprenyissage_Pointcloud/Pointclouds-classification-with-the-POINTNET-Neural-network/PointNetLab/data/ModelNet10_PLY/chair/test/chair_0951.ply,2,2,chair,chair,0.982117772102356
combo_full,1,212,/home/nochi/NOCHI/M2_PAR/Apprenyissage_Pointcloud/Pointclouds-classification-with-the-POINTNET-Neural-network/PointNetLab/data/ModelNet10_PLY/chair/test/chair_0952.ply,2,2,chair,chair,0.9999133348464966
combo_full,1,213,/home/nochi/NOCHI/M2_PAR/Apprenyissage_Pointcloud/Pointclouds-classification-with-the-POINTNET-Neural-network/PointNetLab/data/ModelNet10_PLY/chair/test/chair_0953.ply,2,2,chair,chair,0.9992550015449524
combo_full,1,214,/home/nochi/NOCHI/M2_PAR/Apprenyissage_Pointcloud/Pointclouds-classification-with-the-POINTNET-Neural-network/PointNetLab/data/ModelNet10_PLY/chair/test/chair_0954.ply,2,2,chair,chair,0.9997600317001343
combo_full,1,215,/home/nochi/NOCHI/M2_PAR/Apprenyissage_Pointcloud/Pointclouds-classification-with-the-POINTNET-Neural-network/PointNetLab/data/ModelNet10_PLY/chair/test/chair_0955.ply,2,2,chair,chair,0.969751238822937
combo_full,1,216,/home/nochi/NOCHI/M2_PAR/Apprenyissage_Pointcloud/Pointclouds-classification-with-the-POINTNET-Neural-network/PointNetLab/data/ModelNet10_PLY/chair/test/chair_0956.ply,2,2,chair,chair,0.9998210668563843
combo_full,1,217,/home/nochi/NOCHI/M2_PAR/Apprenyissage_Pointcloud/Pointclouds-classification-with-the-POINTNET-Neural-network/PointNetLab/data/ModelNet10_PLY/chair/test/chair_0957.ply,2,2,chair,chair,0.999837338924408
combo_full,1,218,/home/nochi/NOCHI/M2_PAR/Apprenyissage_Pointcloud/Pointclouds-classification-with-the-POINTNET-Neural-network/PointNetLab/data/ModelNet10_PLY/chair/test/chair_0958.ply,2,2,chair,chair,0.994313657283783
combo_full,1,219,/home/nochi/NOCHI/M2_PAR/Apprenyissage_Pointcloud/Pointclouds-classification-with-the-POINTNET-Neural-network/PointNetLab/data/ModelNet10_PLY/chair/test/chair_0959.ply,2,2,chair,chair,0.999884307384491
combo_full,1,220,/home/nochi/NOCHI/M2_PAR/Apprenyissage_Pointcloud/Pointclouds-classification-with-the-POINTNET-Neural-network/PointNetLab/data/ModelNet10_PLY/chair/test/chair_0960.ply,2,2,chair,chair,0.9958078861236572
combo_full,1,221,/home/nochi/NOCHI/M2_PAR/Apprenyissage_Pointcloud/Pointclouds-classification-with-the-POINTNET-Neural-network/PointNetLab/data/ModelNet10_PLY/chair/test/chair_0961.ply,2,2,chair,chair,0.9993686079978943
combo_full,1,222,/home/nochi/NOCHI/M2_PAR/Apprenyissage_Pointcloud/Pointclouds-classification-with-the-POINTNET-Neural-network/PointNetLab/data/ModelNet10_PLY/chair/test/chair_0962.ply,2,2,chair,chair,0.9999343752861023
combo_full,1,223,/home/nochi/NOCHI/M2_PAR/Apprenyissage_Pointcloud/Pointclouds-classification-with-the-POINTNET-Neural-network/PointNetLab/data/ModelNet10_PLY/chair/test/chair_0963.ply,2,2,chair,chair,0.9999682903289795
combo_full,1,224,/home/nochi/NOCHI/M2_PAR/Apprenyissage_Pointcloud/Pointclouds-classification-with-the-POINTNET-Neural-network/PointNetLab/data/ModelNet10_PLY/chair/test/chair_0964.ply,2,2,chair,chair,0.9998716115951538
combo_full,1,225,/home/nochi/NOCHI/M2_PAR/Apprenyissage_Pointcloud/Pointclouds-classification-with-the-POINTNET-Neural-network/PointNetLab/data/ModelNet10_PLY/chair/test/chair_0965.ply,2,2,chair,chair,0.999847948551178
combo_full,1,226,/home/nochi/NOCHI/M2_PAR/Apprenyissage_Pointcloud/Pointclouds-classification-with-the-POINTNET-Neural-network/PointNetLab/data/ModelNet10_PLY/chair/test/chair_0966.ply,2,2,chair,chair,0.9991220831871033
combo_full,1,227,/home/nochi/NOCHI/M2_PAR/Apprenyissage_Pointcloud/Pointclouds-classification-with-the-POINTNET-Neural-network/PointNetLab/data/ModelNet10_PLY/chair/test/chair_0967.ply,2,2,chair,chair,0.9999672174453735
combo_full,1,228,/home/nochi/NOCHI/M2_PAR/Apprenyissage_Pointcloud/Pointclouds-classification-with-the-POINTNET-Neural-network/PointNetLab/data/ModelNet10_PLY/chair/test/chair_0968.ply,2,2,chair,chair,0.9995532035827637
combo_full,1,229,/home/nochi/NOCHI/M2_PAR/Apprenyissage_Pointcloud/Pointclouds-classification-with-the-POINTNET-Neural-network/PointNetLab/data/ModelNet10_PLY/chair/test/chair_0969.ply,2,2,chair,chair,0.9995962977409363
combo_full,1,230,/home/nochi/NOCHI/M2_PAR/Apprenyissage_Pointcloud/Pointclouds-classification-with-the-POINTNET-Neural-network/PointNetLab/data/ModelNet10_PLY/chair/test/chair_0970.ply,2,2,chair,chair,0.9999604821205139
combo_full,1,231,/home/nochi/NOCHI/M2_PAR/Apprenyissage_Pointcloud/Pointclouds-classification-with-the-POINTNET-Neural-network/PointNetLab/data/ModelNet10_PLY/chair/test/chair_0971.ply,2,2,chair,chair,0.9988864064216614
combo_full,1,232,/home/nochi/NOCHI/M2_PAR/Apprenyissage_Pointcloud/Pointclouds-classification-with-the-POINTNET-Neural-network/PointNetLab/data/ModelNet10_PLY/chair/test/chair_0972.ply,2,2,chair,chair,0.9982813000679016
combo_full,1,233,/home/nochi/NOCHI/M2_PAR/Apprenyissage_Pointcloud/Pointclouds-classification-with-the-POINTNET-Neural-network/PointNetLab/data/ModelNet10_PLY/chair/test/chair_0973.ply,2,2,chair,chair,0.9836519956588745
combo_full,1,234,/home/nochi/NOCHI/M2_PAR/Apprenyissage_Pointcloud/Pointclouds-classification-with-the-POINTNET-Neural-network/PointNetLab/data/ModelNet10_PLY/chair/test/chair_0974.ply,2,2,chair,chair,0.9971448183059692
combo_full,1,235,/home/nochi/NOCHI/M2_PAR/Apprenyissage_Pointcloud/Pointclouds-classification-with-the-POINTNET-Neural-network/PointNetLab/data/ModelNet10_PLY/chair/test/chair_0975.ply,2,2,chair,chair,0.9973194003105164
combo_full,1,236,/home/nochi/NOCHI/M2_PAR/Apprenyissage_Pointcloud/Pointclouds-classification-with-the-POINTNET-Neural-network/PointNetLab/data/ModelNet10_PLY/chair/test/chair_0976.ply,2,2,chair,chair,0.8429437279701233
combo_full,1,237,/home/nochi/NOCHI/M2_PAR/Apprenyissage_Pointcloud/Pointclouds-classification-with-the-POINTNET-Neural-network/PointNetLab/data/ModelNet10_PLY/chair/test/chair_0977.ply,2,2,chair,chair,0.9993091821670532
combo_full,1,238,/home/nochi/NOCHI/M2_PAR/Apprenyissage_Pointcloud/Pointclouds-classification-with-the-POINTNET-Neural-network/PointNetLab/data/ModelNet10_PLY/chair/test/chair_0978.ply,2,2,chair,chair,0.970127522945404
combo_full,1,239,/home/nochi/NOCHI/M2_PAR/Apprenyissage_Pointcloud/Pointclouds-classification-with-the-POINTNET-Neural-network/PointNetLab/data/ModelNet10_PLY/chair/test/chair_0979.ply,2,2,chair,chair,0.9994263648986816
combo_full,1,240,/home/nochi/NOCHI/M2_PAR/Apprenyissage_Pointcloud/Pointclouds-classification-with-the-POINTNET-Neural-network/PointNetLab/data/ModelNet10_PLY/chair/test/chair_0980.ply,2,2,chair,chair,0.999775230884552
combo_full,1,241,/home/nochi/NOCHI/M2_PAR/Apprenyissage_Pointcloud/Pointclouds-classification-with-the-POINTNET-Neural-network/PointNetLab/data/ModelNet10_PLY/chair/test/chair_0981.ply,2,2,chair,chair,0.9963231086730957
combo_full,1,242,/home/nochi/NOCHI/M2_PAR/Apprenyissage_Pointcloud/Pointclouds-classification-with-the-POINTNET-Neural-network/PointNetLab/data/ModelNet10_PLY/chair/test/chair_0982.ply,2,2,chair,chair,0.9791398048400879
combo_full,1,243,/home/nochi/NOCHI/M2_PAR/Apprenyissage_Pointcloud/Pointclouds-classification-with-the-POINTNET-Neural-network/PointNetLab/data/ModelNet10_PLY/chair/test/chair_0983.ply,2,2,chair,chair,0.9999912977218628
combo_full,1,244,/home/nochi/NOCHI/M2_PAR/Apprenyissage_Pointcloud/Pointclouds-classification-with-the-POINTNET-Neural-network/PointNetLab/data/ModelNet10_PLY/chair/test/chair_0984.ply,2,2,chair,chair,0.8993818163871765
combo_full,1,245,/home/nochi/NOCHI/M2_PAR/Apprenyissage_Pointcloud/Pointclouds-classification-with-the-POINTNET-Neural-network/PointNetLab/data/ModelNet10_PLY/chair/test/chair_0985.ply,2,2,chair,chair,0.9528197646141052
combo_full,1,246,/home/nochi/NOCHI/M2_PAR/Apprenyissage_Pointcloud/Pointclouds-classification-with-the-POINTNET-Neural-network/PointNetLab/data/ModelNet10_PLY/chair/test/chair_0986.ply,2,2,chair,chair,0.9957051277160645
combo_full,1,247,/home/nochi/NOCHI/M2_PAR/Apprenyissage_Pointcloud/Pointclouds-classification-with-the-POINTNET-Neural-network/PointNetLab/data/ModelNet10_PLY/chair/test/chair_0987.ply,2,2,chair,chair,0.9997647404670715
combo_full,1,248,/home/nochi/NOCHI/M2_PAR/Apprenyissage_Pointcloud/Pointclouds-classification-with-the-POINTNET-Neural-network/PointNetLab/data/ModelNet10_PLY/chair/test/chair_0988.ply,2,2,chair,chair,0.9976136684417725
combo_full,1,249,/home/nochi/NOCHI/M2_PAR/Apprenyissage_Pointcloud/Pointclouds-classification-with-the-POINTNET-Neural-network/PointNetLab/data/ModelNet10_PLY/chair/test/chair_0989.ply,2,2,chair,chair,0.9999710321426392
combo_full,1,250,/home/nochi/NOCHI/M2_PAR/Apprenyissage_Pointcloud/Pointclouds-classification-with-the-POINTNET-Neural-network/PointNetLab/data/ModelNet10_PLY/desk/test/desk_0201.ply,3,3,desk,desk,0.7726637721061707
combo_full,1,251,/home/nochi/NOCHI/M2_PAR/Apprenyissage_Pointcloud/Pointclouds-classification-with-the-POINTNET-Neural-network/PointNetLab/data/ModelNet10_PLY/desk/test/desk_0202.ply,3,8,desk,table,0.9262621402740479
combo_full,1,252,/home/nochi/NOCHI/M2_PAR/Apprenyissage_Pointcloud/Pointclouds-classification-with-the-POINTNET-Neural-network/PointNetLab/data/ModelNet10_PLY/desk/test/desk_0203.ply,3,8,desk,table,0.5466470718383789
combo_full,1,253,/home/nochi/NOCHI/M2_PAR/Apprenyissage_Pointcloud/Pointclouds-classification-with-the-POINTNET-Neural-network/PointNetLab/data/ModelNet10_PLY/desk/test/desk_0204.ply,3,5,desk,monitor,0.7668933272361755
combo_full,1,254,/home/nochi/NOCHI/M2_PAR/Apprenyissage_Pointcloud/Pointclouds-classification-with-the-POINTNET-Neural-network/PointNetLab/data/ModelNet10_PLY/desk/test/desk_0205.ply,3,6,desk,night_stand,0.40924885869026184
combo_full,1,255,/home/nochi/NOCHI/M2_PAR/Apprenyissage_Pointcloud/Pointclouds-classification-with-the-POINTNET-Neural-network/PointNetLab/data/ModelNet10_PLY/desk/test/desk_0206.ply,3,3,desk,desk,0.8789077997207642
combo_full,1,256,/home/nochi/NOCHI/M2_PAR/Apprenyissage_Pointcloud/Pointclouds-classification-with-the-POINTNET-Neural-network/PointNetLab/data/ModelNet10_PLY/desk/test/desk_0207.ply,3,3,desk,desk,0.6208503842353821
combo_full,1,257,/home/nochi/NOCHI/M2_PAR/Apprenyissage_Pointcloud/Pointclouds-classification-with-the-POINTNET-Neural-network/PointNetLab/data/ModelNet10_PLY/desk/test/desk_0208.ply,3,3,desk,desk,0.896078884601593
combo_full,1,258,/home/nochi/NOCHI/M2_PAR/Apprenyissage_Pointcloud/Pointclouds-classification-with-the-POINTNET-Neural-network/PointNetLab/data/ModelNet10_PLY/desk/test/desk_0209.ply,3,8,desk,table,0.5103737115859985
combo_full,1,259,/home/nochi/NOCHI/M2_PAR/Apprenyissage_Pointcloud/Pointclouds-classification-with-the-POINTNET-Neural-network/PointNetLab/data/ModelNet10_PLY/desk/test/desk_0210.ply,3,7,desk,sofa,0.9753830432891846
combo_full,1,260,/home/nochi/NOCHI/M2_PAR/Apprenyissage_Pointcloud/Pointclouds-classification-with-the-POINTNET-Neural-network/PointNetLab/data/ModelNet10_PLY/desk/test/desk_0211.ply,3,8,desk,table,0.8312259912490845
combo_full,1,261,/home/nochi/NOCHI/M2_PAR/Apprenyissage_Pointcloud/Pointclouds-classification-with-the-POINTNET-Neural-network/PointNetLab/data/ModelNet10_PLY/desk/test/desk_0212.ply,3,3,desk,desk,0.7521767616271973
combo_full,1,262,/home/nochi/NOCHI/M2_PAR/Apprenyissage_Pointcloud/Pointclouds-classification-with-the-POINTNET-Neural-network/PointNetLab/data/ModelNet10_PLY/desk/test/desk_0213.ply,3,3,desk,desk,0.8979778289794922
combo_full,1,263,/home/nochi/NOCHI/M2_PAR/Apprenyissage_Pointcloud/Pointclouds-classification-with-the-POINTNET-Neural-network/PointNetLab/data/ModelNet10_PLY/desk/test/desk_0214.ply,3,3,desk,desk,0.9003725051879883
combo_full,1,264,/home/nochi/NOCHI/M2_PAR/Apprenyissage_Pointcloud/Pointclouds-classification-with-the-POINTNET-Neural-network/PointNetLab/data/ModelNet10_PLY/desk/test/desk_0215.ply,3,3,desk,desk,0.9307205677032471
combo_full,1,265,/home/nochi/NOCHI/M2_PAR/Apprenyissage_Pointcloud/Pointclouds-classification-with-the-POINTNET-Neural-network/PointNetLab/data/ModelNet10_PLY/desk/test/desk_0216.ply,3,3,desk,desk,0.8944960832595825
combo_full,1,266,/home/nochi/NOCHI/M2_PAR/Apprenyissage_Pointcloud/Pointclouds-classification-with-the-POINTNET-Neural-network/PointNetLab/data/ModelNet10_PLY/desk/test/desk_0217.ply,3,5,desk,monitor,0.8136234283447266
combo_full,1,267,/home/nochi/NOCHI/M2_PAR/Apprenyissage_Pointcloud/Pointclouds-classification-with-the-POINTNET-Neural-network/PointNetLab/data/ModelNet10_PLY/desk/test/desk_0218.ply,3,8,desk,table,0.7203260064125061
combo_full,1,268,/home/nochi/NOCHI/M2_PAR/Apprenyissage_Pointcloud/Pointclouds-classification-with-the-POINTNET-Neural-network/PointNetLab/data/ModelNet10_PLY/desk/test/desk_0219.ply,3,9,desk,toilet,0.5185332298278809
combo_full,1,269,/home/nochi/NOCHI/M2_PAR/Apprenyissage_Pointcloud/Pointclouds-classification-with-the-POINTNET-Neural-network/PointNetLab/data/ModelNet10_PLY/desk/test/desk_0220.ply,3,3,desk,desk,0.9480900168418884
combo_full,1,270,/home/nochi/NOCHI/M2_PAR/Apprenyissage_Pointcloud/Pointclouds-classification-with-the-POINTNET-Neural-network/PointNetLab/data/ModelNet10_PLY/desk/test/desk_0221.ply,3,3,desk,desk,0.5632321834564209
combo_full,1,271,/home/nochi/NOCHI/M2_PAR/Apprenyissage_Pointcloud/Pointclouds-classification-with-the-POINTNET-Neural-network/PointNetLab/data/ModelNet10_PLY/desk/test/desk_0222.ply,3,3,desk,desk,0.5536964535713196
combo_full,1,272,/home/nochi/NOCHI/M2_PAR/Apprenyissage_Pointcloud/Pointclouds-classification-with-the-POINTNET-Neural-network/PointNetLab/data/ModelNet10_PLY/desk/test/desk_0223.ply,3,8,desk,table,0.5371085405349731
combo_full,1,273,/home/nochi/NOCHI/M2_PAR/Apprenyissage_Pointcloud/Pointclouds-classification-with-the-POINTNET-Neural-network/PointNetLab/data/ModelNet10_PLY/desk/test/desk_0224.ply,3,3,desk,desk,0.5026585459709167
combo_full,1,274,/home/nochi/NOCHI/M2_PAR/Apprenyissage_Pointcloud/Pointclouds-classification-with-the-POINTNET-Neural-network/PointNetLab/data/ModelNet10_PLY/desk/test/desk_0225.ply,3,3,desk,desk,0.7258141040802002
combo_full,1,275,/home/nochi/NOCHI/M2_PAR/Apprenyissage_Pointcloud/Pointclouds-classification-with-the-POINTNET-Neural-network/PointNetLab/data/ModelNet10_PLY/desk/test/desk_0226.ply,3,3,desk,desk,0.7654582858085632
combo_full,1,276,/home/nochi/NOCHI/M2_PAR/Apprenyissage_Pointcloud/Pointclouds-classification-with-the-POINTNET-Neural-network/PointNetLab/data/ModelNet10_PLY/desk/test/desk_0227.ply,3,3,desk,desk,0.6402766108512878
combo_full,1,277,/home/nochi/NOCHI/M2_PAR/Apprenyissage_Pointcloud/Pointclouds-classification-with-the-POINTNET-Neural-network/PointNetLab/data/ModelNet10_PLY/desk/test/desk_0228.ply,3,3,desk,desk,0.5967342853546143
combo_full,1,278,/home/nochi/NOCHI/M2_PAR/Apprenyissage_Pointcloud/Pointclouds-classification-with-the-POINTNET-Neural-network/PointNetLab/data/ModelNet10_PLY/desk/test/desk_0229.ply,3,3,desk,desk,0.8519166111946106
combo_full,1,279,/home/nochi/NOCHI/M2_PAR/Apprenyissage_Pointcloud/Pointclouds-classification-with-the-POINTNET-Neural-network/PointNetLab/data/ModelNet10_PLY/desk/test/desk_0230.ply,3,3,desk,desk,0.9062982797622681
combo_full,1,280,/home/nochi/NOCHI/M2_PAR/Apprenyissage_Pointcloud/Pointclouds-classification-with-the-POINTNET-Neural-network/PointNetLab/data/ModelNet10_PLY/desk/test/desk_0231.ply,3,3,desk,desk,0.4973277449607849
combo_full,1,281,/home/nochi/NOCHI/M2_PAR/Apprenyissage_Pointcloud/Pointclouds-classification-with-the-POINTNET-Neural-network/PointNetLab/data/ModelNet10_PLY/desk/test/desk_0232.ply,3,8,desk,table,0.6759796738624573
combo_full,1,282,/home/nochi/NOCHI/M2_PAR/Apprenyissage_Pointcloud/Pointclouds-classification-with-the-POINTNET-Neural-network/PointNetLab/data/ModelNet10_PLY/desk/test/desk_0233.ply,3,9,desk,toilet,0.3717471957206726
combo_full,1,283,/home/nochi/NOCHI/M2_PAR/Apprenyissage_Pointcloud/Pointclouds-classification-with-the-POINTNET-Neural-network/PointNetLab/data/ModelNet10_PLY/desk/test/desk_0234.ply,3,8,desk,table,0.7524563074111938
combo_full,1,284,/home/nochi/NOCHI/M2_PAR/Apprenyissage_Pointcloud/Pointclouds-classification-with-the-POINTNET-Neural-network/PointNetLab/data/ModelNet10_PLY/desk/test/desk_0235.ply,3,3,desk,desk,0.8751881718635559
combo_full,1,285,/home/nochi/NOCHI/M2_PAR/Apprenyissage_Pointcloud/Pointclouds-classification-with-the-POINTNET-Neural-network/PointNetLab/data/ModelNet10_PLY/desk/test/desk_0236.ply,3,3,desk,desk,0.5140132904052734
combo_full,1,286,/home/nochi/NOCHI/M2_PAR/Apprenyissage_Pointcloud/Pointclouds-classification-with-the-POINTNET-Neural-network/PointNetLab/data/ModelNet10_PLY/desk/test/desk_0237.ply,3,3,desk,desk,0.6769281625747681
combo_full,1,287,/home/nochi/NOCHI/M2_PAR/Apprenyissage_Pointcloud/Pointclouds-classification-with-the-POINTNET-Neural-network/PointNetLab/data/ModelNet10_PLY/desk/test/desk_0238.ply,3,3,desk,desk,0.7091972827911377
combo_full,1,288,/home/nochi/NOCHI/M2_PAR/Apprenyissage_Pointcloud/Pointclouds-classification-with-the-POINTNET-Neural-network/PointNetLab/data/ModelNet10_PLY/desk/test/desk_0239.ply,3,3,desk,desk,0.7575810551643372
combo_full,1,289,/home/nochi/NOCHI/M2_PAR/Apprenyissage_Pointcloud/Pointclouds-classification-with-the-POINTNET-Neural-network/PointNetLab/data/ModelNet10_PLY/desk/test/desk_0240.ply,3,3,desk,desk,0.7240670919418335
combo_full,1,290,/home/nochi/NOCHI/M2_PAR/Apprenyissage_Pointcloud/Pointclouds-classification-with-the-POINTNET-Neural-network/PointNetLab/data/ModelNet10_PLY/desk/test/desk_0241.ply,3,3,desk,desk,0.6996524930000305
combo_full,1,291,/home/nochi/NOCHI/M2_PAR/Apprenyissage_Pointcloud/Pointclouds-classification-with-the-POINTNET-Neural-network/PointNetLab/data/ModelNet10_PLY/desk/test/desk_0242.ply,3,8,desk,table,0.8260733485221863
combo_full,1,292,/home/nochi/NOCHI/M2_PAR/Apprenyissage_Pointcloud/Pointclouds-classification-with-the-POINTNET-Neural-network/PointNetLab/data/ModelNet10_PLY/desk/test/desk_0243.ply,3,7,desk,sofa,0.5821282863616943
combo_full,1,293,/home/nochi/NOCHI/M2_PAR/Apprenyissage_Pointcloud/Pointclouds-classification-with-the-POINTNET-Neural-network/PointNetLab/data/ModelNet10_PLY/desk/test/desk_0244.ply,3,3,desk,desk,0.8816304206848145
combo_full,1,294,/home/nochi/NOCHI/M2_PAR/Apprenyissage_Pointcloud/Pointclouds-classification-with-the-POINTNET-Neural-network/PointNetLab/data/ModelNet10_PLY/desk/test/desk_0245.ply,3,8,desk,table,0.46078789234161377
combo_full,1,295,/home/nochi/NOCHI/M2_PAR/Apprenyissage_Pointcloud/Pointclouds-classification-with-the-POINTNET-Neural-network/PointNetLab/data/ModelNet10_PLY/desk/test/desk_0246.ply,3,8,desk,table,0.5552223324775696
combo_full,1,296,/home/nochi/NOCHI/M2_PAR/Apprenyissage_Pointcloud/Pointclouds-classification-with-the-POINTNET-Neural-network/PointNetLab/data/ModelNet10_PLY/desk/test/desk_0247.ply,3,7,desk,sofa,0.4778624475002289
combo_full,1,297,/home/nochi/NOCHI/M2_PAR/Apprenyissage_Pointcloud/Pointclouds-classification-with-the-POINTNET-Neural-network/PointNetLab/data/ModelNet10_PLY/desk/test/desk_0248.ply,3,3,desk,desk,0.8658161163330078
combo_full,1,298,/home/nochi/NOCHI/M2_PAR/Apprenyissage_Pointcloud/Pointclouds-classification-with-the-POINTNET-Neural-network/PointNetLab/data/ModelNet10_PLY/desk/test/desk_0249.ply,3,8,desk,table,0.5511962175369263
combo_full,1,299,/home/nochi/NOCHI/M2_PAR/Apprenyissage_Pointcloud/Pointclouds-classification-with-the-POINTNET-Neural-network/PointNetLab/data/ModelNet10_PLY/desk/test/desk_0250.ply,3,3,desk,desk,0.5854308009147644
combo_full,1,300,/home/nochi/NOCHI/M2_PAR/Apprenyissage_Pointcloud/Pointclouds-classification-with-the-POINTNET-Neural-network/PointNetLab/data/ModelNet10_PLY/desk/test/desk_0251.ply,3,8,desk,table,0.8615667819976807
combo_full,1,301,/home/nochi/NOCHI/M2_PAR/Apprenyissage_Pointcloud/Pointclouds-classification-with-the-POINTNET-Neural-network/PointNetLab/data/ModelNet10_PLY/desk/test/desk_0252.ply,3,4,desk,dresser,0.5233621001243591
combo_full,1,302,/home/nochi/NOCHI/M2_PAR/Apprenyissage_Pointcloud/Pointclouds-classification-with-the-POINTNET-Neural-network/PointNetLab/data/ModelNet10_PLY/desk/test/desk_0253.ply,3,3,desk,desk,0.5705288052558899
combo_full,1,303,/home/nochi/NOCHI/M2_PAR/Apprenyissage_Pointcloud/Pointclouds-classification-with-the-POINTNET-Neural-network/PointNetLab/data/ModelNet10_PLY/desk/test/desk_0254.ply,3,3,desk,desk,0.7950882911682129
combo_full,1,304,/home/nochi/NOCHI/M2_PAR/Apprenyissage_Pointcloud/Pointclouds-classification-with-the-POINTNET-Neural-network/PointNetLab/data/ModelNet10_PLY/desk/test/desk_0255.ply,3,8,desk,table,0.5415886640548706
combo_full,1,305,/home/nochi/NOCHI/M2_PAR/Apprenyissage_Pointcloud/Pointclouds-classification-with-the-POINTNET-Neural-network/PointNetLab/data/ModelNet10_PLY/desk/test/desk_0256.ply,3,3,desk,desk,0.4893324077129364
combo_full,1,306,/home/nochi/NOCHI/M2_PAR/Apprenyissage_Pointcloud/Pointclouds-classification-with-the-POINTNET-Neural-network/PointNetLab/data/ModelNet10_PLY/desk/test/desk_0257.ply,3,3,desk,desk,0.6604072451591492
combo_full,1,307,/home/nochi/NOCHI/M2_PAR/Apprenyissage_Pointcloud/Pointclouds-classification-with-the-POINTNET-Neural-network/PointNetLab/data/ModelNet10_PLY/desk/test/desk_0258.ply,3,3,desk,desk,0.5638753175735474
combo_full,1,308,/home/nochi/NOCHI/M2_PAR/Apprenyissage_Pointcloud/Pointclouds-classification-with-the-POINTNET-Neural-network/PointNetLab/data/ModelNet10_PLY/desk/test/desk_0259.ply,3,6,desk,night_stand,0.4973354637622833
combo_full,1,309,/home/nochi/NOCHI/M2_PAR/Apprenyissage_Pointcloud/Pointclouds-classification-with-the-POINTNET-Neural-network/PointNetLab/data/ModelNet10_PLY/desk/test/desk_0260.ply,3,3,desk,desk,0.6367221474647522
combo_full,1,310,/home/nochi/NOCHI/M2_PAR/Apprenyissage_Pointcloud/Pointclouds-classification-with-the-POINTNET-Neural-network/PointNetLab/data/ModelNet10_PLY/desk/test/desk_0261.ply,3,3,desk,desk,0.6391680836677551
combo_full,1,311,/home/nochi/NOCHI/M2_PAR/Apprenyissage_Pointcloud/Pointclouds-classification-with-the-POINTNET-Neural-network/PointNetLab/data/ModelNet10_PLY/desk/test/desk_0262.ply,3,3,desk,desk,0.6653342247009277
combo_full,1,312,/home/nochi/NOCHI/M2_PAR/Apprenyissage_Pointcloud/Pointclouds-classification-with-the-POINTNET-Neural-network/PointNetLab/data/ModelNet10_PLY/desk/test/desk_0263.ply,3,3,desk,desk,0.5437505841255188
combo_full,1,313,/home/nochi/NOCHI/M2_PAR/Apprenyissage_Pointcloud/Pointclouds-classification-with-the-POINTNET-Neural-network/PointNetLab/data/ModelNet10_PLY/desk/test/desk_0264.ply,3,3,desk,desk,0.9483239054679871
combo_full,1,314,/home/nochi/NOCHI/M2_PAR/Apprenyissage_Pointcloud/Pointclouds-classification-with-the-POINTNET-Neural-network/PointNetLab/data/ModelNet10_PLY/desk/test/desk_0265.ply,3,8,desk,table,0.5508609414100647
combo_full,1,315,/home/nochi/NOCHI/M2_PAR/Apprenyissage_Pointcloud/Pointclouds-classification-with-the-POINTNET-Neural-network/PointNetLab/data/ModelNet10_PLY/desk/test/desk_0266.ply,3,3,desk,desk,0.3776897192001343
combo_full,1,316,/home/nochi/NOCHI/M2_PAR/Apprenyissage_Pointcloud/Pointclouds-classification-with-the-POINTNET-Neural-network/PointNetLab/data/ModelNet10_PLY/desk/test/desk_0267.ply,3,3,desk,desk,0.5170834064483643
combo_full,1,317,/home/nochi/NOCHI/M2_PAR/Apprenyissage_Pointcloud/Pointclouds-classification-with-the-POINTNET-Neural-network/PointNetLab/data/ModelNet10_PLY/desk/test/desk_0268.ply,3,6,desk,night_stand,0.5025033354759216
combo_full,1,318,/home/nochi/NOCHI/M2_PAR/Apprenyissage_Pointcloud/Pointclouds-classification-with-the-POINTNET-Neural-network/PointNetLab/data/ModelNet10_PLY/desk/test/desk_0269.ply,3,6,desk,night_stand,0.4069907069206238
combo_full,1,319,/home/nochi/NOCHI/M2_PAR/Apprenyissage_Pointcloud/Pointclouds-classification-with-the-POINTNET-Neural-network/PointNetLab/data/ModelNet10_PLY/desk/test/desk_0270.ply,3,8,desk,table,0.7116665840148926
combo_full,1,320,/home/nochi/NOCHI/M2_PAR/Apprenyissage_Pointcloud/Pointclouds-classification-with-the-POINTNET-Neural-network/PointNetLab/data/ModelNet10_PLY/desk/test/desk_0271.ply,3,3,desk,desk,0.8646156191825867
combo_full,1,321,/home/nochi/NOCHI/M2_PAR/Apprenyissage_Pointcloud/Pointclouds-classification-with-the-POINTNET-Neural-network/PointNetLab/data/ModelNet10_PLY/desk/test/desk_0272.ply,3,3,desk,desk,0.7745645642280579
combo_full,1,322,/home/nochi/NOCHI/M2_PAR/Apprenyissage_Pointcloud/Pointclouds-classification-with-the-POINTNET-Neural-network/PointNetLab/data/ModelNet10_PLY/desk/test/desk_0273.ply,3,8,desk,table,0.6826018691062927
combo_full,1,323,/home/nochi/NOCHI/M2_PAR/Apprenyissage_Pointcloud/Pointclouds-classification-with-the-POINTNET-Neural-network/PointNetLab/data/ModelNet10_PLY/desk/test/desk_0274.ply,3,3,desk,desk,0.4231865704059601
combo_full,1,324,/home/nochi/NOCHI/M2_PAR/Apprenyissage_Pointcloud/Pointclouds-classification-with-the-POINTNET-Neural-network/PointNetLab/data/ModelNet10_PLY/desk/test/desk_0275.ply,3,3,desk,desk,0.9199670553207397
combo_full,1,325,/home/nochi/NOCHI/M2_PAR/Apprenyissage_Pointcloud/Pointclouds-classification-with-the-POINTNET-Neural-network/PointNetLab/data/ModelNet10_PLY/desk/test/desk_0276.ply,3,8,desk,table,0.5785494446754456
combo_full,1,326,/home/nochi/NOCHI/M2_PAR/Apprenyissage_Pointcloud/Pointclouds-classification-with-the-POINTNET-Neural-network/PointNetLab/data/ModelNet10_PLY/desk/test/desk_0277.ply,3,3,desk,desk,0.7942023277282715
combo_full,1,327,/home/nochi/NOCHI/M2_PAR/Apprenyissage_Pointcloud/Pointclouds-classification-with-the-POINTNET-Neural-network/PointNetLab/data/ModelNet10_PLY/desk/test/desk_0278.ply,3,3,desk,desk,0.6012030839920044
combo_full,1,328,/home/nochi/NOCHI/M2_PAR/Apprenyissage_Pointcloud/Pointclouds-classification-with-the-POINTNET-Neural-network/PointNetLab/data/ModelNet10_PLY/desk/test/desk_0279.ply,3,3,desk,desk,0.7101409435272217
combo_full,1,329,/home/nochi/NOCHI/M2_PAR/Apprenyissage_Pointcloud/Pointclouds-classification-with-the-POINTNET-Neural-network/PointNetLab/data/ModelNet10_PLY/desk/test/desk_0280.ply,3,3,desk,desk,0.6389487385749817
combo_full,1,330,/home/nochi/NOCHI/M2_PAR/Apprenyissage_Pointcloud/Pointclouds-classification-with-the-POINTNET-Neural-network/PointNetLab/data/ModelNet10_PLY/desk/test/desk_0281.ply,3,8,desk,table,0.5617485642433167
combo_full,1,331,/home/nochi/NOCHI/M2_PAR/Apprenyissage_Pointcloud/Pointclouds-classification-with-the-POINTNET-Neural-network/PointNetLab/data/ModelNet10_PLY/desk/test/desk_0282.ply,3,3,desk,desk,0.7333465218544006
combo_full,1,332,/home/nochi/NOCHI/M2_PAR/Apprenyissage_Pointcloud/Pointclouds-classification-with-the-POINTNET-Neural-network/PointNetLab/data/ModelNet10_PLY/desk/test/desk_0283.ply,3,8,desk,table,0.8665560483932495
combo_full,1,333,/home/nochi/NOCHI/M2_PAR/Apprenyissage_Pointcloud/Pointclouds-classification-with-the-POINTNET-Neural-network/PointNetLab/data/ModelNet10_PLY/desk/test/desk_0284.ply,3,3,desk,desk,0.5908077359199524
combo_full,1,334,/home/nochi/NOCHI/M2_PAR/Apprenyissage_Pointcloud/Pointclouds-classification-with-the-POINTNET-Neural-network/PointNetLab/data/ModelNet10_PLY/desk/test/desk_0285.ply,3,3,desk,desk,0.5940801501274109
combo_full,1,335,/home/nochi/NOCHI/M2_PAR/Apprenyissage_Pointcloud/Pointclouds-classification-with-the-POINTNET-Neural-network/PointNetLab/data/ModelNet10_PLY/desk/test/desk_0286.ply,3,3,desk,desk,0.8544051051139832
combo_full,1,336,/home/nochi/NOCHI/M2_PAR/Apprenyissage_Pointcloud/Pointclouds-classification-with-the-POINTNET-Neural-network/PointNetLab/data/ModelNet10_PLY/dresser/test/dresser_0201.ply,4,6,dresser,night_stand,0.6093435287475586
combo_full,1,337,/home/nochi/NOCHI/M2_PAR/Apprenyissage_Pointcloud/Pointclouds-classification-with-the-POINTNET-Neural-network/PointNetLab/data/ModelNet10_PLY/dresser/test/dresser_0202.ply,4,6,dresser,night_stand,0.7489557266235352
combo_full,1,338,/home/nochi/NOCHI/M2_PAR/Apprenyissage_Pointcloud/Pointclouds-classification-with-the-POINTNET-Neural-network/PointNetLab/data/ModelNet10_PLY/dresser/test/dresser_0203.ply,4,4,dresser,dresser,0.757790744304657
combo_full,1,339,/home/nochi/NOCHI/M2_PAR/Apprenyissage_Pointcloud/Pointclouds-classification-with-the-POINTNET-Neural-network/PointNetLab/data/ModelNet10_PLY/dresser/test/dresser_0204.ply,4,4,dresser,dresser,0.9320918321609497
combo_full,1,340,/home/nochi/NOCHI/M2_PAR/Apprenyissage_Pointcloud/Pointclouds-classification-with-the-POINTNET-Neural-network/PointNetLab/data/ModelNet10_PLY/dresser/test/dresser_0205.ply,4,4,dresser,dresser,0.9281286001205444
combo_full,1,341,/home/nochi/NOCHI/M2_PAR/Apprenyissage_Pointcloud/Pointclouds-classification-with-the-POINTNET-Neural-network/PointNetLab/data/ModelNet10_PLY/dresser/test/dresser_0206.ply,4,6,dresser,night_stand,0.5849417448043823
combo_full,1,342,/home/nochi/NOCHI/M2_PAR/Apprenyissage_Pointcloud/Pointclouds-classification-with-the-POINTNET-Neural-network/PointNetLab/data/ModelNet10_PLY/dresser/test/dresser_0207.ply,4,4,dresser,dresser,0.8702660202980042
combo_full,1,343,/home/nochi/NOCHI/M2_PAR/Apprenyissage_Pointcloud/Pointclouds-classification-with-the-POINTNET-Neural-network/PointNetLab/data/ModelNet10_PLY/dresser/test/dresser_0208.ply,4,6,dresser,night_stand,0.4892498850822449
combo_full,1,344,/home/nochi/NOCHI/M2_PAR/Apprenyissage_Pointcloud/Pointclouds-classification-with-the-POINTNET-Neural-network/PointNetLab/data/ModelNet10_PLY/dresser/test/dresser_0209.ply,4,4,dresser,dresser,0.8924295902252197
combo_full,1,345,/home/nochi/NOCHI/M2_PAR/Apprenyissage_Pointcloud/Pointclouds-classification-with-the-POINTNET-Neural-network/PointNetLab/data/ModelNet10_PLY/dresser/test/dresser_0210.ply,4,4,dresser,dresser,0.5397884249687195
combo_full,1,346,/home/nochi/NOCHI/M2_PAR/Apprenyissage_Pointcloud/Pointclouds-classification-with-the-POINTNET-Neural-network/PointNetLab/data/ModelNet10_PLY/dresser/test/dresser_0211.ply,4,4,dresser,dresser,0.8027786612510681
combo_full,1,347,/home/nochi/NOCHI/M2_PAR/Apprenyissage_Pointcloud/Pointclouds-classification-with-the-POINTNET-Neural-network/PointNetLab/data/ModelNet10_PLY/dresser/test/dresser_0212.ply,4,8,dresser,table,0.785183310508728
combo_full,1,348,/home/nochi/NOCHI/M2_PAR/Apprenyissage_Pointcloud/Pointclouds-classification-with-the-POINTNET-Neural-network/PointNetLab/data/ModelNet10_PLY/dresser/test/dresser_0213.ply,4,4,dresser,dresser,0.9336442351341248
combo_full,1,349,/home/nochi/NOCHI/M2_PAR/Apprenyissage_Pointcloud/Pointclouds-classification-with-the-POINTNET-Neural-network/PointNetLab/data/ModelNet10_PLY/dresser/test/dresser_0214.ply,4,4,dresser,dresser,0.8391776084899902
combo_full,1,350,/home/nochi/NOCHI/M2_PAR/Apprenyissage_Pointcloud/Pointclouds-classification-with-the-POINTNET-Neural-network/PointNetLab/data/ModelNet10_PLY/dresser/test/dresser_0215.ply,4,4,dresser,dresser,0.701559841632843
combo_full,1,351,/home/nochi/NOCHI/M2_PAR/Apprenyissage_Pointcloud/Pointclouds-classification-with-the-POINTNET-Neural-network/PointNetLab/data/ModelNet10_PLY/dresser/test/dresser_0216.ply,4,6,dresser,night_stand,0.6838076114654541
combo_full,1,352,/home/nochi/NOCHI/M2_PAR/Apprenyissage_Pointcloud/Pointclouds-classification-with-the-POINTNET-Neural-network/PointNetLab/data/ModelNet10_PLY/dresser/test/dresser_0217.ply,4,4,dresser,dresser,0.5562449097633362
combo_full,1,353,/home/nochi/NOCHI/M2_PAR/Apprenyissage_Pointcloud/Pointclouds-classification-with-the-POINTNET-Neural-network/PointNetLab/data/ModelNet10_PLY/dresser/test/dresser_0218.ply,4,4,dresser,dresser,0.696239709854126
combo_full,1,354,/home/nochi/NOCHI/M2_PAR/Apprenyissage_Pointcloud/Pointclouds-classification-with-the-POINTNET-Neural-network/PointNetLab/data/ModelNet10_PLY/dresser/test/dresser_0219.ply,4,6,dresser,night_stand,0.7850053906440735
combo_full,1,355,/home/nochi/NOCHI/M2_PAR/Apprenyissage_Pointcloud/Pointclouds-classification-with-the-POINTNET-Neural-network/PointNetLab/data/ModelNet10_PLY/dresser/test/dresser_0220.ply,4,4,dresser,dresser,0.5423223376274109
combo_full,1,356,/home/nochi/NOCHI/M2_PAR/Apprenyissage_Pointcloud/Pointclouds-classification-with-the-POINTNET-Neural-network/PointNetLab/data/ModelNet10_PLY/dresser/test/dresser_0221.ply,4,4,dresser,dresser,0.699451208114624
combo_full,1,357,/home/nochi/NOCHI/M2_PAR/Apprenyissage_Pointcloud/Pointclouds-classification-with-the-POINTNET-Neural-network/PointNetLab/data/ModelNet10_PLY/dresser/test/dresser_0222.ply,4,4,dresser,dresser,0.9573696851730347
combo_full,1,358,/home/nochi/NOCHI/M2_PAR/Apprenyissage_Pointcloud/Pointclouds-classification-with-the-POINTNET-Neural-network/PointNetLab/data/ModelNet10_PLY/dresser/test/dresser_0223.ply,4,6,dresser,night_stand,0.6417174339294434
combo_full,1,359,/home/nochi/NOCHI/M2_PAR/Apprenyissage_Pointcloud/Pointclouds-classification-with-the-POINTNET-Neural-network/PointNetLab/data/ModelNet10_PLY/dresser/test/dresser_0224.ply,4,6,dresser,night_stand,0.8468381762504578
combo_full,1,360,/home/nochi/NOCHI/M2_PAR/Apprenyissage_Pointcloud/Pointclouds-classification-with-the-POINTNET-Neural-network/PointNetLab/data/ModelNet10_PLY/dresser/test/dresser_0225.ply,4,4,dresser,dresser,0.6232545971870422
combo_full,1,361,/home/nochi/NOCHI/M2_PAR/Apprenyissage_Pointcloud/Pointclouds-classification-with-the-POINTNET-Neural-network/PointNetLab/data/ModelNet10_PLY/dresser/test/dresser_0226.ply,4,4,dresser,dresser,0.9637254476547241
combo_full,1,362,/home/nochi/NOCHI/M2_PAR/Apprenyissage_Pointcloud/Pointclouds-classification-with-the-POINTNET-Neural-network/PointNetLab/data/ModelNet10_PLY/dresser/test/dresser_0227.ply,4,6,dresser,night_stand,0.7739837765693665
combo_full,1,363,/home/nochi/NOCHI/M2_PAR/Apprenyissage_Pointcloud/Pointclouds-classification-with-the-POINTNET-Neural-network/PointNetLab/data/ModelNet10_PLY/dresser/test/dresser_0228.ply,4,4,dresser,dresser,0.8764916658401489
combo_full,1,364,/home/nochi/NOCHI/M2_PAR/Apprenyissage_Pointcloud/Pointclouds-classification-with-the-POINTNET-Neural-network/PointNetLab/data/ModelNet10_PLY/dresser/test/dresser_0229.ply,4,4,dresser,dresser,0.645885169506073
combo_full,1,365,/home/nochi/NOCHI/M2_PAR/Apprenyissage_Pointcloud/Pointclouds-classification-with-the-POINTNET-Neural-network/PointNetLab/data/ModelNet10_PLY/dresser/test/dresser_0230.ply,4,4,dresser,dresser,0.951163113117218
combo_full,1,366,/home/nochi/NOCHI/M2_PAR/Apprenyissage_Pointcloud/Pointclouds-classification-with-the-POINTNET-Neural-network/PointNetLab/data/ModelNet10_PLY/dresser/test/dresser_0231.ply,4,4,dresser,dresser,0.874708354473114
combo_full,1,367,/home/nochi/NOCHI/M2_PAR/Apprenyissage_Pointcloud/Pointclouds-classification-with-the-POINTNET-Neural-network/PointNetLab/data/ModelNet10_PLY/dresser/test/dresser_0232.ply,4,4,dresser,dresser,0.7543437480926514
combo_full,1,368,/home/nochi/NOCHI/M2_PAR/Apprenyissage_Pointcloud/Pointclouds-classification-with-the-POINTNET-Neural-network/PointNetLab/data/ModelNet10_PLY/dresser/test/dresser_0233.ply,4,9,dresser,toilet,0.8756932020187378
combo_full,1,369,/home/nochi/NOCHI/M2_PAR/Apprenyissage_Pointcloud/Pointclouds-classification-with-the-POINTNET-Neural-network/PointNetLab/data/ModelNet10_PLY/dresser/test/dresser_0234.ply,4,4,dresser,dresser,0.560818076133728
combo_full,1,370,/home/nochi/NOCHI/M2_PAR/Apprenyissage_Pointcloud/Pointclouds-classification-with-the-POINTNET-Neural-network/PointNetLab/data/ModelNet10_PLY/dresser/test/dresser_0235.ply,4,6,dresser,night_stand,0.701133131980896
combo_full,1,371,/home/nochi/NOCHI/M2_PAR/Apprenyissage_Pointcloud/Pointclouds-classification-with-the-POINTNET-Neural-network/PointNetLab/data/ModelNet10_PLY/dresser/test/dresser_0236.ply,4,6,dresser,night_stand,0.8574173450469971
combo_full,1,372,/home/nochi/NOCHI/M2_PAR/Apprenyissage_Pointcloud/Pointclouds-classification-with-the-POINTNET-Neural-network/PointNetLab/data/ModelNet10_PLY/dresser/test/dresser_0237.ply,4,4,dresser,dresser,0.8275192379951477
combo_full,1,373,/home/nochi/NOCHI/M2_PAR/Apprenyissage_Pointcloud/Pointclouds-classification-with-the-POINTNET-Neural-network/PointNetLab/data/ModelNet10_PLY/dresser/test/dresser_0238.ply,4,4,dresser,dresser,0.9257568120956421
combo_full,1,374,/home/nochi/NOCHI/M2_PAR/Apprenyissage_Pointcloud/Pointclouds-classification-with-the-POINTNET-Neural-network/PointNetLab/data/ModelNet10_PLY/dresser/test/dresser_0239.ply,4,4,dresser,dresser,0.9252001047134399
combo_full,1,375,/home/nochi/NOCHI/M2_PAR/Apprenyissage_Pointcloud/Pointclouds-classification-with-the-POINTNET-Neural-network/PointNetLab/data/ModelNet10_PLY/dresser/test/dresser_0240.ply,4,4,dresser,dresser,0.49257692694664
combo_full,1,376,/home/nochi/NOCHI/M2_PAR/Apprenyissage_Pointcloud/Pointclouds-classification-with-the-POINTNET-Neural-network/PointNetLab/data/ModelNet10_PLY/dresser/test/dresser_0241.ply,4,4,dresser,dresser,0.7747858166694641
combo_full,1,377,/home/nochi/NOCHI/M2_PAR/Apprenyissage_Pointcloud/Pointclouds-classification-with-the-POINTNET-Neural-network/PointNetLab/data/ModelNet10_PLY/dresser/test/dresser_0242.ply,4,4,dresser,dresser,0.7332320809364319
combo_full,1,378,/home/nochi/NOCHI/M2_PAR/Apprenyissage_Pointcloud/Pointclouds-classification-with-the-POINTNET-Neural-network/PointNetLab/data/ModelNet10_PLY/dresser/test/dresser_0243.ply,4,4,dresser,dresser,0.8567340970039368
combo_full,1,379,/home/nochi/NOCHI/M2_PAR/Apprenyissage_Pointcloud/Pointclouds-classification-with-the-POINTNET-Neural-network/PointNetLab/data/ModelNet10_PLY/dresser/test/dresser_0244.ply,4,4,dresser,dresser,0.925707221031189
combo_full,1,380,/home/nochi/NOCHI/M2_PAR/Apprenyissage_Pointcloud/Pointclouds-classification-with-the-POINTNET-Neural-network/PointNetLab/data/ModelNet10_PLY/dresser/test/dresser_0245.ply,4,4,dresser,dresser,0.8535869121551514
combo_full,1,381,/home/nochi/NOCHI/M2_PAR/Apprenyissage_Pointcloud/Pointclouds-classification-with-the-POINTNET-Neural-network/PointNetLab/data/ModelNet10_PLY/dresser/test/dresser_0246.ply,4,4,dresser,dresser,0.49365973472595215
combo_full,1,382,/home/nochi/NOCHI/M2_PAR/Apprenyissage_Pointcloud/Pointclouds-classification-with-the-POINTNET-Neural-network/PointNetLab/data/ModelNet10_PLY/dresser/test/dresser_0247.ply,4,4,dresser,dresser,0.9427759051322937
combo_full,1,383,/home/nochi/NOCHI/M2_PAR/Apprenyissage_Pointcloud/Pointclouds-classification-with-the-POINTNET-Neural-network/PointNetLab/data/ModelNet10_PLY/dresser/test/dresser_0248.ply,4,4,dresser,dresser,0.6625717878341675
combo_full,1,384,/home/nochi/NOCHI/M2_PAR/Apprenyissage_Pointcloud/Pointclouds-classification-with-the-POINTNET-Neural-network/PointNetLab/data/ModelNet10_PLY/dresser/test/dresser_0249.ply,4,4,dresser,dresser,0.9657940864562988
combo_full,1,385,/home/nochi/NOCHI/M2_PAR/Apprenyissage_Pointcloud/Pointclouds-classification-with-the-POINTNET-Neural-network/PointNetLab/data/ModelNet10_PLY/dresser/test/dresser_0250.ply,4,6,dresser,night_stand,0.5524695515632629
combo_full,1,386,/home/nochi/NOCHI/M2_PAR/Apprenyissage_Pointcloud/Pointclouds-classification-with-the-POINTNET-Neural-network/PointNetLab/data/ModelNet10_PLY/dresser/test/dresser_0251.ply,4,4,dresser,dresser,0.8796771764755249
combo_full,1,387,/home/nochi/NOCHI/M2_PAR/Apprenyissage_Pointcloud/Pointclouds-classification-with-the-POINTNET-Neural-network/PointNetLab/data/ModelNet10_PLY/dresser/test/dresser_0252.ply,4,4,dresser,dresser,0.8717201948165894
combo_full,1,388,/home/nochi/NOCHI/M2_PAR/Apprenyissage_Pointcloud/Pointclouds-classification-with-the-POINTNET-Neural-network/PointNetLab/data/ModelNet10_PLY/dresser/test/dresser_0253.ply,4,4,dresser,dresser,0.7241658568382263
combo_full,1,389,/home/nochi/NOCHI/M2_PAR/Apprenyissage_Pointcloud/Pointclouds-classification-with-the-POINTNET-Neural-network/PointNetLab/data/ModelNet10_PLY/dresser/test/dresser_0254.ply,4,4,dresser,dresser,0.485164076089859
combo_full,1,390,/home/nochi/NOCHI/M2_PAR/Apprenyissage_Pointcloud/Pointclouds-classification-with-the-POINTNET-Neural-network/PointNetLab/data/ModelNet10_PLY/dresser/test/dresser_0255.ply,4,4,dresser,dresser,0.9258291125297546
combo_full,1,391,/home/nochi/NOCHI/M2_PAR/Apprenyissage_Pointcloud/Pointclouds-classification-with-the-POINTNET-Neural-network/PointNetLab/data/ModelNet10_PLY/dresser/test/dresser_0256.ply,4,6,dresser,night_stand,0.4987201988697052
combo_full,1,392,/home/nochi/NOCHI/M2_PAR/Apprenyissage_Pointcloud/Pointclouds-classification-with-the-POINTNET-Neural-network/PointNetLab/data/ModelNet10_PLY/dresser/test/dresser_0257.ply,4,6,dresser,night_stand,0.5865375995635986
combo_full,1,393,/home/nochi/NOCHI/M2_PAR/Apprenyissage_Pointcloud/Pointclouds-classification-with-the-POINTNET-Neural-network/PointNetLab/data/ModelNet10_PLY/dresser/test/dresser_0258.ply,4,3,dresser,desk,0.321753591299057
combo_full,1,394,/home/nochi/NOCHI/M2_PAR/Apprenyissage_Pointcloud/Pointclouds-classification-with-the-POINTNET-Neural-network/PointNetLab/data/ModelNet10_PLY/dresser/test/dresser_0259.ply,4,6,dresser,night_stand,0.7745257616043091
combo_full,1,395,/home/nochi/NOCHI/M2_PAR/Apprenyissage_Pointcloud/Pointclouds-classification-with-the-POINTNET-Neural-network/PointNetLab/data/ModelNet10_PLY/dresser/test/dresser_0260.ply,4,6,dresser,night_stand,0.5703157186508179
combo_full,1,396,/home/nochi/NOCHI/M2_PAR/Apprenyissage_Pointcloud/Pointclouds-classification-with-the-POINTNET-Neural-network/PointNetLab/data/ModelNet10_PLY/dresser/test/dresser_0261.ply,4,4,dresser,dresser,0.9407453536987305
combo_full,1,397,/home/nochi/NOCHI/M2_PAR/Apprenyissage_Pointcloud/Pointclouds-classification-with-the-POINTNET-Neural-network/PointNetLab/data/ModelNet10_PLY/dresser/test/dresser_0262.ply,4,4,dresser,dresser,0.8608803749084473
combo_full,1,398,/home/nochi/NOCHI/M2_PAR/Apprenyissage_Pointcloud/Pointclouds-classification-with-the-POINTNET-Neural-network/PointNetLab/data/ModelNet10_PLY/dresser/test/dresser_0263.ply,4,4,dresser,dresser,0.8767250180244446
combo_full,1,399,/home/nochi/NOCHI/M2_PAR/Apprenyissage_Pointcloud/Pointclouds-classification-with-the-POINTNET-Neural-network/PointNetLab/data/ModelNet10_PLY/dresser/test/dresser_0264.ply,4,4,dresser,dresser,0.7937769293785095
combo_full,1,400,/home/nochi/NOCHI/M2_PAR/Apprenyissage_Pointcloud/Pointclouds-classification-with-the-POINTNET-Neural-network/PointNetLab/data/ModelNet10_PLY/dresser/test/dresser_0265.ply,4,4,dresser,dresser,0.9576626420021057
combo_full,1,401,/home/nochi/NOCHI/M2_PAR/Apprenyissage_Pointcloud/Pointclouds-classification-with-the-POINTNET-Neural-network/PointNetLab/data/ModelNet10_PLY/dresser/test/dresser_0266.ply,4,4,dresser,dresser,0.923775315284729
combo_full,1,402,/home/nochi/NOCHI/M2_PAR/Apprenyissage_Pointcloud/Pointclouds-classification-with-the-POINTNET-Neural-network/PointNetLab/data/ModelNet10_PLY/dresser/test/dresser_0267.ply,4,4,dresser,dresser,0.6618983745574951
combo_full,1,403,/home/nochi/NOCHI/M2_PAR/Apprenyissage_Pointcloud/Pointclouds-classification-with-the-POINTNET-Neural-network/PointNetLab/data/ModelNet10_PLY/dresser/test/dresser_0268.ply,4,4,dresser,dresser,0.8185304403305054
combo_full,1,404,/home/nochi/NOCHI/M2_PAR/Apprenyissage_Pointcloud/Pointclouds-classification-with-the-POINTNET-Neural-network/PointNetLab/data/ModelNet10_PLY/dresser/test/dresser_0269.ply,4,4,dresser,dresser,0.7375448346138
combo_full,1,405,/home/nochi/NOCHI/M2_PAR/Apprenyissage_Pointcloud/Pointclouds-classification-with-the-POINTNET-Neural-network/PointNetLab/data/ModelNet10_PLY/dresser/test/dresser_0270.ply,4,4,dresser,dresser,0.5497170686721802
combo_full,1,406,/home/nochi/NOCHI/M2_PAR/Apprenyissage_Pointcloud/Pointclouds-classification-with-the-POINTNET-Neural-network/PointNetLab/data/ModelNet10_PLY/dresser/test/dresser_0271.ply,4,4,dresser,dresser,0.9538928270339966
combo_full,1,407,/home/nochi/NOCHI/M2_PAR/Apprenyissage_Pointcloud/Pointclouds-classification-with-the-POINTNET-Neural-network/PointNetLab/data/ModelNet10_PLY/dresser/test/dresser_0272.ply,4,6,dresser,night_stand,0.8613635897636414
combo_full,1,408,/home/nochi/NOCHI/M2_PAR/Apprenyissage_Pointcloud/Pointclouds-classification-with-the-POINTNET-Neural-network/PointNetLab/data/ModelNet10_PLY/dresser/test/dresser_0273.ply,4,6,dresser,night_stand,0.8176680207252502
combo_full,1,409,/home/nochi/NOCHI/M2_PAR/Apprenyissage_Pointcloud/Pointclouds-classification-with-the-POINTNET-Neural-network/PointNetLab/data/ModelNet10_PLY/dresser/test/dresser_0274.ply,4,6,dresser,night_stand,0.7496551275253296
combo_full,1,410,/home/nochi/NOCHI/M2_PAR/Apprenyissage_Pointcloud/Pointclouds-classification-with-the-POINTNET-Neural-network/PointNetLab/data/ModelNet10_PLY/dresser/test/dresser_0275.ply,4,4,dresser,dresser,0.8756001591682434
combo_full,1,411,/home/nochi/NOCHI/M2_PAR/Apprenyissage_Pointcloud/Pointclouds-classification-with-the-POINTNET-Neural-network/PointNetLab/data/ModelNet10_PLY/dresser/test/dresser_0276.ply,4,4,dresser,dresser,0.7469950914382935
combo_full,1,412,/home/nochi/NOCHI/M2_PAR/Apprenyissage_Pointcloud/Pointclouds-classification-with-the-POINTNET-Neural-network/PointNetLab/data/ModelNet10_PLY/dresser/test/dresser_0277.ply,4,6,dresser,night_stand,0.8170323371887207
combo_full,1,413,/home/nochi/NOCHI/M2_PAR/Apprenyissage_Pointcloud/Pointclouds-classification-with-the-POINTNET-Neural-network/PointNetLab/data/ModelNet10_PLY/dresser/test/dresser_0278.ply,4,6,dresser,night_stand,0.6080588102340698
combo_full,1,414,/home/nochi/NOCHI/M2_PAR/Apprenyissage_Pointcloud/Pointclouds-classification-with-the-POINTNET-Neural-network/PointNetLab/data/ModelNet10_PLY/dresser/test/dresser_0279.ply,4,4,dresser,dresser,0.8881891965866089
combo_full,1,415,/home/nochi/NOCHI/M2_PAR/Apprenyissage_Pointcloud/Pointclouds-classification-with-the-POINTNET-Neural-network/PointNetLab/data/ModelNet10_PLY/dresser/test/dresser_0280.ply,4,6,dresser,night_stand,0.5706258416175842
combo_full,1,416,/home/nochi/NOCHI/M2_PAR/Apprenyissage_Pointcloud/Pointclouds-classification-with-the-POINTNET-Neural-network/PointNetLab/data/ModelNet10_PLY/dresser/test/dresser_0281.ply,4,4,dresser,dresser,0.5596859455108643
combo_full,1,417,/home/nochi/NOCHI/M2_PAR/Apprenyissage_Pointcloud/Pointclouds-classification-with-the-POINTNET-Neural-network/PointNetLab/data/ModelNet10_PLY/dresser/test/dresser_0282.ply,4,6,dresser,night_stand,0.5142258405685425
combo_full,1,418,/home/nochi/NOCHI/M2_PAR/Apprenyissage_Pointcloud/Pointclouds-classification-with-the-POINTNET-Neural-network/PointNetLab/data/ModelNet10_PLY/dresser/test/dresser_0283.ply,4,4,dresser,dresser,0.8976544141769409
combo_full,1,419,/home/nochi/NOCHI/M2_PAR/Apprenyissage_Pointcloud/Pointclouds-classification-with-the-POINTNET-Neural-network/PointNetLab/data/ModelNet10_PLY/dresser/test/dresser_0284.ply,4,4,dresser,dresser,0.6287636160850525
combo_full,1,420,/home/nochi/NOCHI/M2_PAR/Apprenyissage_Pointcloud/Pointclouds-classification-with-the-POINTNET-Neural-network/PointNetLab/data/ModelNet10_PLY/dresser/test/dresser_0285.ply,4,6,dresser,night_stand,0.826021134853363
combo_full,1,421,/home/nochi/NOCHI/M2_PAR/Apprenyissage_Pointcloud/Pointclouds-classification-with-the-POINTNET-Neural-network/PointNetLab/data/ModelNet10_PLY/dresser/test/dresser_0286.ply,4,4,dresser,dresser,0.46867087483406067
combo_full,1,422,/home/nochi/NOCHI/M2_PAR/Apprenyissage_Pointcloud/Pointclouds-classification-with-the-POINTNET-Neural-network/PointNetLab/data/ModelNet10_PLY/monitor/test/monitor_0466.ply,5,2,monitor,chair,0.5130168795585632
combo_full,1,423,/home/nochi/NOCHI/M2_PAR/Apprenyissage_Pointcloud/Pointclouds-classification-with-the-POINTNET-Neural-network/PointNetLab/data/ModelNet10_PLY/monitor/test/monitor_0467.ply,5,5,monitor,monitor,0.9999876618385315
combo_full,1,424,/home/nochi/NOCHI/M2_PAR/Apprenyissage_Pointcloud/Pointclouds-classification-with-the-POINTNET-Neural-network/PointNetLab/data/ModelNet10_PLY/monitor/test/monitor_0468.ply,5,5,monitor,monitor,0.9999569058418274
combo_full,1,425,/home/nochi/NOCHI/M2_PAR/Apprenyissage_Pointcloud/Pointclouds-classification-with-the-POINTNET-Neural-network/PointNetLab/data/ModelNet10_PLY/monitor/test/monitor_0469.ply,5,5,monitor,monitor,0.9999887347221375
combo_full,1,426,/home/nochi/NOCHI/M2_PAR/Apprenyissage_Pointcloud/Pointclouds-classification-with-the-POINTNET-Neural-network/PointNetLab/data/ModelNet10_PLY/monitor/test/monitor_0470.ply,5,5,monitor,monitor,0.9998508095741272
combo_full,1,427,/home/nochi/NOCHI/M2_PAR/Apprenyissage_Pointcloud/Pointclouds-classification-with-the-POINTNET-Neural-network/PointNetLab/data/ModelNet10_PLY/monitor/test/monitor_0471.ply,5,5,monitor,monitor,0.9999850988388062
combo_full,1,428,/home/nochi/NOCHI/M2_PAR/Apprenyissage_Pointcloud/Pointclouds-classification-with-the-POINTNET-Neural-network/PointNetLab/data/ModelNet10_PLY/monitor/test/monitor_0472.ply,5,6,monitor,night_stand,0.675492525100708
combo_full,1,429,/home/nochi/NOCHI/M2_PAR/Apprenyissage_Pointcloud/Pointclouds-classification-with-the-POINTNET-Neural-network/PointNetLab/data/ModelNet10_PLY/monitor/test/monitor_0473.ply,5,5,monitor,monitor,0.9999472498893738
combo_full,1,430,/home/nochi/NOCHI/M2_PAR/Apprenyissage_Pointcloud/Pointclouds-classification-with-the-POINTNET-Neural-network/PointNetLab/data/ModelNet10_PLY/monitor/test/monitor_0474.ply,5,5,monitor,monitor,0.9999115467071533
combo_full,1,431,/home/nochi/NOCHI/M2_PAR/Apprenyissage_Pointcloud/Pointclouds-classification-with-the-POINTNET-Neural-network/PointNetLab/data/ModelNet10_PLY/monitor/test/monitor_0475.ply,5,5,monitor,monitor,0.9999803900718689
combo_full,1,432,/home/nochi/NOCHI/M2_PAR/Apprenyissage_Pointcloud/Pointclouds-classification-with-the-POINTNET-Neural-network/PointNetLab/data/ModelNet10_PLY/monitor/test/monitor_0476.ply,5,5,monitor,monitor,0.99983149766922
combo_full,1,433,/home/nochi/NOCHI/M2_PAR/Apprenyissage_Pointcloud/Pointclouds-classification-with-the-POINTNET-Neural-network/PointNetLab/data/ModelNet10_PLY/monitor/test/monitor_0477.ply,5,5,monitor,monitor,0.9999740123748779
combo_full,1,434,/home/nochi/NOCHI/M2_PAR/Apprenyissage_Pointcloud/Pointclouds-classification-with-the-POINTNET-Neural-network/PointNetLab/data/ModelNet10_PLY/monitor/test/monitor_0478.ply,5,5,monitor,monitor,0.9999712705612183
combo_full,1,435,/home/nochi/NOCHI/M2_PAR/Apprenyissage_Pointcloud/Pointclouds-classification-with-the-POINTNET-Neural-network/PointNetLab/data/ModelNet10_PLY/monitor/test/monitor_0479.ply,5,5,monitor,monitor,0.999990701675415
combo_full,1,436,/home/nochi/NOCHI/M2_PAR/Apprenyissage_Pointcloud/Pointclouds-classification-with-the-POINTNET-Neural-network/PointNetLab/data/ModelNet10_PLY/monitor/test/monitor_0480.ply,5,5,monitor,monitor,0.9999534487724304
combo_full,1,437,/home/nochi/NOCHI/M2_PAR/Apprenyissage_Pointcloud/Pointclouds-classification-with-the-POINTNET-Neural-network/PointNetLab/data/ModelNet10_PLY/monitor/test/monitor_0481.ply,5,5,monitor,monitor,0.992389976978302
combo_full,1,438,/home/nochi/NOCHI/M2_PAR/Apprenyissage_Pointcloud/Pointclouds-classification-with-the-POINTNET-Neural-network/PointNetLab/data/ModelNet10_PLY/monitor/test/monitor_0482.ply,5,5,monitor,monitor,0.9991028308868408
combo_full,1,439,/home/nochi/NOCHI/M2_PAR/Apprenyissage_Pointcloud/Pointclouds-classification-with-the-POINTNET-Neural-network/PointNetLab/data/ModelNet10_PLY/monitor/test/monitor_0483.ply,5,5,monitor,monitor,0.993726372718811
combo_full,1,440,/home/nochi/NOCHI/M2_PAR/Apprenyissage_Pointcloud/Pointclouds-classification-with-the-POINTNET-Neural-network/PointNetLab/data/ModelNet10_PLY/monitor/test/monitor_0484.ply,5,5,monitor,monitor,0.9953479170799255
combo_full,1,441,/home/nochi/NOCHI/M2_PAR/Apprenyissage_Pointcloud/Pointclouds-classification-with-the-POINTNET-Neural-network/PointNetLab/data/ModelNet10_PLY/monitor/test/monitor_0485.ply,5,5,monitor,monitor,0.9999381303787231
combo_full,1,442,/home/nochi/NOCHI/M2_PAR/Apprenyissage_Pointcloud/Pointclouds-classification-with-the-POINTNET-Neural-network/PointNetLab/data/ModelNet10_PLY/monitor/test/monitor_0486.ply,5,5,monitor,monitor,0.9997835159301758
combo_full,1,443,/home/nochi/NOCHI/M2_PAR/Apprenyissage_Pointcloud/Pointclouds-classification-with-the-POINTNET-Neural-network/PointNetLab/data/ModelNet10_PLY/monitor/test/monitor_0487.ply,5,5,monitor,monitor,0.9871751666069031
combo_full,1,444,/home/nochi/NOCHI/M2_PAR/Apprenyissage_Pointcloud/Pointclouds-classification-with-the-POINTNET-Neural-network/PointNetLab/data/ModelNet10_PLY/monitor/test/monitor_0488.ply,5,6,monitor,night_stand,0.4138396382331848
combo_full,1,445,/home/nochi/NOCHI/M2_PAR/Apprenyissage_Pointcloud/Pointclouds-classification-with-the-POINTNET-Neural-network/PointNetLab/data/ModelNet10_PLY/monitor/test/monitor_0489.ply,5,5,monitor,monitor,0.999764621257782
combo_full,1,446,/home/nochi/NOCHI/M2_PAR/Apprenyissage_Pointcloud/Pointclouds-classification-with-the-POINTNET-Neural-network/PointNetLab/data/ModelNet10_PLY/monitor/test/monitor_0490.ply,5,5,monitor,monitor,0.9979743361473083
combo_full,1,447,/home/nochi/NOCHI/M2_PAR/Apprenyissage_Pointcloud/Pointclouds-classification-with-the-POINTNET-Neural-network/PointNetLab/data/ModelNet10_PLY/monitor/test/monitor_0491.ply,5,6,monitor,night_stand,0.6562294960021973
combo_full,1,448,/home/nochi/NOCHI/M2_PAR/Apprenyissage_Pointcloud/Pointclouds-classification-with-the-POINTNET-Neural-network/PointNetLab/data/ModelNet10_PLY/monitor/test/monitor_0492.ply,5,5,monitor,monitor,0.9999521970748901
combo_full,1,449,/home/nochi/NOCHI/M2_PAR/Apprenyissage_Pointcloud/Pointclouds-classification-with-the-POINTNET-Neural-network/PointNetLab/data/ModelNet10_PLY/monitor/test/monitor_0493.ply,5,5,monitor,monitor,0.9999861717224121
combo_full,1,450,/home/nochi/NOCHI/M2_PAR/Apprenyissage_Pointcloud/Pointclouds-classification-with-the-POINTNET-Neural-network/PointNetLab/data/ModelNet10_PLY/monitor/test/monitor_0494.ply,5,5,monitor,monitor,0.9981800317764282
combo_full,1,451,/home/nochi/NOCHI/M2_PAR/Apprenyissage_Pointcloud/Pointclouds-classification-with-the-POINTNET-Neural-network/PointNetLab/data/ModelNet10_PLY/monitor/test/monitor_0495.ply,5,5,monitor,monitor,0.9999954700469971
combo_full,1,452,/home/nochi/NOCHI/M2_PAR/Apprenyissage_Pointcloud/Pointclouds-classification-with-the-POINTNET-Neural-network/PointNetLab/data/ModelNet10_PLY/monitor/test/monitor_0496.ply,5,2,monitor,chair,0.8345850706100464
combo_full,1,453,/home/nochi/NOCHI/M2_PAR/Apprenyissage_Pointcloud/Pointclouds-classification-with-the-POINTNET-Neural-network/PointNetLab/data/ModelNet10_PLY/monitor/test/monitor_0497.ply,5,4,monitor,dresser,0.45116034150123596
combo_full,1,454,/home/nochi/NOCHI/M2_PAR/Apprenyissage_Pointcloud/Pointclouds-classification-with-the-POINTNET-Neural-network/PointNetLab/data/ModelNet10_PLY/monitor/test/monitor_0498.ply,5,5,monitor,monitor,0.9489474296569824
combo_full,1,455,/home/nochi/NOCHI/M2_PAR/Apprenyissage_Pointcloud/Pointclouds-classification-with-the-POINTNET-Neural-network/PointNetLab/data/ModelNet10_PLY/monitor/test/monitor_0499.ply,5,5,monitor,monitor,0.9998313784599304
combo_full,1,456,/home/nochi/NOCHI/M2_PAR/Apprenyissage_Pointcloud/Pointclouds-classification-with-the-POINTNET-Neural-network/PointNetLab/data/ModelNet10_PLY/monitor/test/monitor_0500.ply,5,5,monitor,monitor,0.9908837080001831
combo_full,1,457,/home/nochi/NOCHI/M2_PAR/Apprenyissage_Pointcloud/Pointclouds-classification-with-the-POINTNET-Neural-network/PointNetLab/data/ModelNet10_PLY/monitor/test/monitor_0501.ply,5,5,monitor,monitor,0.9995757937431335
combo_full,1,458,/home/nochi/NOCHI/M2_PAR/Apprenyissage_Pointcloud/Pointclouds-classification-with-the-POINTNET-Neural-network/PointNetLab/data/ModelNet10_PLY/monitor/test/monitor_0502.ply,5,5,monitor,monitor,0.9999911189079285
combo_full,1,459,/home/nochi/NOCHI/M2_PAR/Apprenyissage_Pointcloud/Pointclouds-classification-with-the-POINTNET-Neural-network/PointNetLab/data/ModelNet10_PLY/monitor/test/monitor_0503.ply,5,5,monitor,monitor,0.9999905824661255
combo_full,1,460,/home/nochi/NOCHI/M2_PAR/Apprenyissage_Pointcloud/Pointclouds-classification-with-the-POINTNET-Neural-network/PointNetLab/data/ModelNet10_PLY/monitor/test/monitor_0504.ply,5,5,monitor,monitor,0.9999868273735046
combo_full,1,461,/home/nochi/NOCHI/M2_PAR/Apprenyissage_Pointcloud/Pointclouds-classification-with-the-POINTNET-Neural-network/PointNetLab/data/ModelNet10_PLY/monitor/test/monitor_0505.ply,5,5,monitor,monitor,0.9999723434448242
combo_full,1,462,/home/nochi/NOCHI/M2_PAR/Apprenyissage_Pointcloud/Pointclouds-classification-with-the-POINTNET-Neural-network/PointNetLab/data/ModelNet10_PLY/monitor/test/monitor_0506.ply,5,4,monitor,dresser,0.5721874237060547
combo_full,1,463,/home/nochi/NOCHI/M2_PAR/Apprenyissage_Pointcloud/Pointclouds-classification-with-the-POINTNET-Neural-network/PointNetLab/data/ModelNet10_PLY/monitor/test/monitor_0507.ply,5,1,monitor,bed,0.8001374006271362
combo_full,1,464,/home/nochi/NOCHI/M2_PAR/Apprenyissage_Pointcloud/Pointclouds-classification-with-the-POINTNET-Neural-network/PointNetLab/data/ModelNet10_PLY/monitor/test/monitor_0508.ply,5,5,monitor,monitor,0.9999847412109375
combo_full,1,465,/home/nochi/NOCHI/M2_PAR/Apprenyissage_Pointcloud/Pointclouds-classification-with-the-POINTNET-Neural-network/PointNetLab/data/ModelNet10_PLY/monitor/test/monitor_0509.ply,5,5,monitor,monitor,0.99996417760849
combo_full,1,466,/home/nochi/NOCHI/M2_PAR/Apprenyissage_Pointcloud/Pointclouds-classification-with-the-POINTNET-Neural-network/PointNetLab/data/ModelNet10_PLY/monitor/test/monitor_0510.ply,5,5,monitor,monitor,0.9999803900718689
combo_full,1,467,/home/nochi/NOCHI/M2_PAR/Apprenyissage_Pointcloud/Pointclouds-classification-with-the-POINTNET-Neural-network/PointNetLab/data/ModelNet10_PLY/monitor/test/monitor_0511.ply,5,5,monitor,monitor,0.9999891519546509
combo_full,1,468,/home/nochi/NOCHI/M2_PAR/Apprenyissage_Pointcloud/Pointclouds-classification-with-the-POINTNET-Neural-network/PointNetLab/data/ModelNet10_PLY/monitor/test/monitor_0512.ply,5,5,monitor,monitor,0.9999850988388062
combo_full,1,469,/home/nochi/NOCHI/M2_PAR/Apprenyissage_Pointcloud/Pointclouds-classification-with-the-POINTNET-Neural-network/PointNetLab/data/ModelNet10_PLY/monitor/test/monitor_0513.ply,5,5,monitor,monitor,0.9999722838401794
combo_full,1,470,/home/nochi/NOCHI/M2_PAR/Apprenyissage_Pointcloud/Pointclouds-classification-with-the-POINTNET-Neural-network/PointNetLab/data/ModelNet10_PLY/monitor/test/monitor_0514.ply,5,5,monitor,monitor,0.9999712109565735
combo_full,1,471,/home/nochi/NOCHI/M2_PAR/Apprenyissage_Pointcloud/Pointclouds-classification-with-the-POINTNET-Neural-network/PointNetLab/data/ModelNet10_PLY/monitor/test/monitor_0515.ply,5,5,monitor,monitor,0.9999979734420776
combo_full,1,472,/home/nochi/NOCHI/M2_PAR/Apprenyissage_Pointcloud/Pointclouds-classification-with-the-POINTNET-Neural-network/PointNetLab/data/ModelNet10_PLY/monitor/test/monitor_0516.ply,5,5,monitor,monitor,0.9999802112579346
combo_full,1,473,/home/nochi/NOCHI/M2_PAR/Apprenyissage_Pointcloud/Pointclouds-classification-with-the-POINTNET-Neural-network/PointNetLab/data/ModelNet10_PLY/monitor/test/monitor_0517.ply,5,5,monitor,monitor,0.9997711181640625
combo_full,1,474,/home/nochi/NOCHI/M2_PAR/Apprenyissage_Pointcloud/Pointclouds-classification-with-the-POINTNET-Neural-network/PointNetLab/data/ModelNet10_PLY/monitor/test/monitor_0518.ply,5,5,monitor,monitor,0.9999889731407166
combo_full,1,475,/home/nochi/NOCHI/M2_PAR/Apprenyissage_Pointcloud/Pointclouds-classification-with-the-POINTNET-Neural-network/PointNetLab/data/ModelNet10_PLY/monitor/test/monitor_0519.ply,5,6,monitor,night_stand,0.6997880339622498
combo_full,1,476,/home/nochi/NOCHI/M2_PAR/Apprenyissage_Pointcloud/Pointclouds-classification-with-the-POINTNET-Neural-network/PointNetLab/data/ModelNet10_PLY/monitor/test/monitor_0520.ply,5,5,monitor,monitor,0.9999849200248718
combo_full,1,477,/home/nochi/NOCHI/M2_PAR/Apprenyissage_Pointcloud/Pointclouds-classification-with-the-POINTNET-Neural-network/PointNetLab/data/ModelNet10_PLY/monitor/test/monitor_0521.ply,5,5,monitor,monitor,0.9999336004257202
combo_full,1,478,/home/nochi/NOCHI/M2_PAR/Apprenyissage_Pointcloud/Pointclouds-classification-with-the-POINTNET-Neural-network/PointNetLab/data/ModelNet10_PLY/monitor/test/monitor_0522.ply,5,5,monitor,monitor,0.9999663829803467
combo_full,1,479,/home/nochi/NOCHI/M2_PAR/Apprenyissage_Pointcloud/Pointclouds-classification-with-the-POINTNET-Neural-network/PointNetLab/data/ModelNet10_PLY/monitor/test/monitor_0523.ply,5,5,monitor,monitor,0.9999680519104004
combo_full,1,480,/home/nochi/NOCHI/M2_PAR/Apprenyissage_Pointcloud/Pointclouds-classification-with-the-POINTNET-Neural-network/PointNetLab/data/ModelNet10_PLY/monitor/test/monitor_0524.ply,5,5,monitor,monitor,0.999722957611084
combo_full,1,481,/home/nochi/NOCHI/M2_PAR/Apprenyissage_Pointcloud/Pointclouds-classification-with-the-POINTNET-Neural-network/PointNetLab/data/ModelNet10_PLY/monitor/test/monitor_0525.ply,5,5,monitor,monitor,0.9999927878379822
combo_full,1,482,/home/nochi/NOCHI/M2_PAR/Apprenyissage_Pointcloud/Pointclouds-classification-with-the-POINTNET-Neural-network/PointNetLab/data/ModelNet10_PLY/monitor/test/monitor_0526.ply,5,5,monitor,monitor,0.9999887347221375
combo_full,1,483,/home/nochi/NOCHI/M2_PAR/Apprenyissage_Pointcloud/Pointclouds-classification-with-the-POINTNET-Neural-network/PointNetLab/data/ModelNet10_PLY/monitor/test/monitor_0527.ply,5,5,monitor,monitor,0.999884843826294
combo_full,1,484,/home/nochi/NOCHI/M2_PAR/Apprenyissage_Pointcloud/Pointclouds-classification-with-the-POINTNET-Neural-network/PointNetLab/data/ModelNet10_PLY/monitor/test/monitor_0528.ply,5,5,monitor,monitor,0.9999833703041077
combo_full,1,485,/home/nochi/NOCHI/M2_PAR/Apprenyissage_Pointcloud/Pointclouds-classification-with-the-POINTNET-Neural-network/PointNetLab/data/ModelNet10_PLY/monitor/test/monitor_0529.ply,5,5,monitor,monitor,0.9999833703041077
combo_full,1,486,/home/nochi/NOCHI/M2_PAR/Apprenyissage_Pointcloud/Pointclouds-classification-with-the-POINTNET-Neural-network/PointNetLab/data/ModelNet10_PLY/monitor/test/monitor_0530.ply,5,5,monitor,monitor,0.9999839067459106
combo_full,1,487,/home/nochi/NOCHI/M2_PAR/Apprenyissage_Pointcloud/Pointclouds-classification-with-the-POINTNET-Neural-network/PointNetLab/data/ModelNet10_PLY/monitor/test/monitor_0531.ply,5,5,monitor,monitor,0.42893144488334656
combo_full,1,488,/home/nochi/NOCHI/M2_PAR/Apprenyissage_Pointcloud/Pointclouds-classification-with-the-POINTNET-Neural-network/PointNetLab/data/ModelNet10_PLY/monitor/test/monitor_0532.ply,5,5,monitor,monitor,0.9999919533729553
combo_full,1,489,/home/nochi/NOCHI/M2_PAR/Apprenyissage_Pointcloud/Pointclouds-classification-with-the-POINTNET-Neural-network/PointNetLab/data/ModelNet10_PLY/monitor/test/monitor_0533.ply,5,5,monitor,monitor,0.9999838471412659
combo_full,1,490,/home/nochi/NOCHI/M2_PAR/Apprenyissage_Pointcloud/Pointclouds-classification-with-the-POINTNET-Neural-network/PointNetLab/data/ModelNet10_PLY/monitor/test/monitor_0534.ply,5,5,monitor,monitor,0.9999922513961792
combo_full,1,491,/home/nochi/NOCHI/M2_PAR/Apprenyissage_Pointcloud/Pointclouds-classification-with-the-POINTNET-Neural-network/PointNetLab/data/ModelNet10_PLY/monitor/test/monitor_0535.ply,5,5,monitor,monitor,0.9999953508377075
combo_full,1,492,/home/nochi/NOCHI/M2_PAR/Apprenyissage_Pointcloud/Pointclouds-classification-with-the-POINTNET-Neural-network/PointNetLab/data/ModelNet10_PLY/monitor/test/monitor_0536.ply,5,5,monitor,monitor,0.999000608921051
combo_full,1,493,/home/nochi/NOCHI/M2_PAR/Apprenyissage_Pointcloud/Pointclouds-classification-with-the-POINTNET-Neural-network/PointNetLab/data/ModelNet10_PLY/monitor/test/monitor_0537.ply,5,5,monitor,monitor,0.9999591112136841
combo_full,1,494,/home/nochi/NOCHI/M2_PAR/Apprenyissage_Pointcloud/Pointclouds-classification-with-the-POINTNET-Neural-network/PointNetLab/data/ModelNet10_PLY/monitor/test/monitor_0538.ply,5,5,monitor,monitor,0.9999836683273315
combo_full,1,495,/home/nochi/NOCHI/M2_PAR/Apprenyissage_Pointcloud/Pointclouds-classification-with-the-POINTNET-Neural-network/PointNetLab/data/ModelNet10_PLY/monitor/test/monitor_0539.ply,5,5,monitor,monitor,0.9998199343681335
combo_full,1,496,/home/nochi/NOCHI/M2_PAR/Apprenyissage_Pointcloud/Pointclouds-classification-with-the-POINTNET-Neural-network/PointNetLab/data/ModelNet10_PLY/monitor/test/monitor_0540.ply,5,5,monitor,monitor,0.999991774559021
combo_full,1,497,/home/nochi/NOCHI/M2_PAR/Apprenyissage_Pointcloud/Pointclouds-classification-with-the-POINTNET-Neural-network/PointNetLab/data/ModelNet10_PLY/monitor/test/monitor_0541.ply,5,5,monitor,monitor,0.9999847412109375
combo_full,1,498,/home/nochi/NOCHI/M2_PAR/Apprenyissage_Pointcloud/Pointclouds-classification-with-the-POINTNET-Neural-network/PointNetLab/data/ModelNet10_PLY/monitor/test/monitor_0542.ply,5,5,monitor,monitor,0.9999620914459229
combo_full,1,499,/home/nochi/NOCHI/M2_PAR/Apprenyissage_Pointcloud/Pointclouds-classification-with-the-POINTNET-Neural-network/PointNetLab/data/ModelNet10_PLY/monitor/test/monitor_0543.ply,5,5,monitor,monitor,0.9999825954437256
combo_full,1,500,/home/nochi/NOCHI/M2_PAR/Apprenyissage_Pointcloud/Pointclouds-classification-with-the-POINTNET-Neural-network/PointNetLab/data/ModelNet10_PLY/monitor/test/monitor_0544.ply,5,5,monitor,monitor,0.9999943971633911
combo_full,1,501,/home/nochi/NOCHI/M2_PAR/Apprenyissage_Pointcloud/Pointclouds-classification-with-the-POINTNET-Neural-network/PointNetLab/data/ModelNet10_PLY/monitor/test/monitor_0545.ply,5,5,monitor,monitor,0.9999703764915466
combo_full,1,502,/home/nochi/NOCHI/M2_PAR/Apprenyissage_Pointcloud/Pointclouds-classification-with-the-POINTNET-Neural-network/PointNetLab/data/ModelNet10_PLY/monitor/test/monitor_0546.ply,5,5,monitor,monitor,0.9999862909317017
combo_full,1,503,/home/nochi/NOCHI/M2_PAR/Apprenyissage_Pointcloud/Pointclouds-classification-with-the-POINTNET-Neural-network/PointNetLab/data/ModelNet10_PLY/monitor/test/monitor_0547.ply,5,5,monitor,monitor,0.9998931884765625
combo_full,1,504,/home/nochi/NOCHI/M2_PAR/Apprenyissage_Pointcloud/Pointclouds-classification-with-the-POINTNET-Neural-network/PointNetLab/data/ModelNet10_PLY/monitor/test/monitor_0548.ply,5,5,monitor,monitor,0.9999566674232483
combo_full,1,505,/home/nochi/NOCHI/M2_PAR/Apprenyissage_Pointcloud/Pointclouds-classification-with-the-POINTNET-Neural-network/PointNetLab/data/ModelNet10_PLY/monitor/test/monitor_0549.ply,5,5,monitor,monitor,0.9999895691871643
combo_full,1,506,/home/nochi/NOCHI/M2_PAR/Apprenyissage_Pointcloud/Pointclouds-classification-with-the-POINTNET-Neural-network/PointNetLab/data/ModelNet10_PLY/monitor/test/monitor_0550.ply,5,5,monitor,monitor,0.9999901056289673
combo_full,1,507,/home/nochi/NOCHI/M2_PAR/Apprenyissage_Pointcloud/Pointclouds-classification-with-the-POINTNET-Neural-network/PointNetLab/data/ModelNet10_PLY/monitor/test/monitor_0551.ply,5,5,monitor,monitor,0.9999845027923584
combo_full,1,508,/home/nochi/NOCHI/M2_PAR/Apprenyissage_Pointcloud/Pointclouds-classification-with-the-POINTNET-Neural-network/PointNetLab/data/ModelNet10_PLY/monitor/test/monitor_0552.ply,5,5,monitor,monitor,0.999919056892395
combo_full,1,509,/home/nochi/NOCHI/M2_PAR/Apprenyissage_Pointcloud/Pointclouds-classification-with-the-POINTNET-Neural-network/PointNetLab/data/ModelNet10_PLY/monitor/test/monitor_0553.ply,5,5,monitor,monitor,0.9999921917915344
combo_full,1,510,/home/nochi/NOCHI/M2_PAR/Apprenyissage_Pointcloud/Pointclouds-classification-with-the-POINTNET-Neural-network/PointNetLab/data/ModelNet10_PLY/monitor/test/monitor_0554.ply,5,5,monitor,monitor,0.9999815225601196
combo_full,1,511,/home/nochi/NOCHI/M2_PAR/Apprenyissage_Pointcloud/Pointclouds-classification-with-the-POINTNET-Neural-network/PointNetLab/data/ModelNet10_PLY/monitor/test/monitor_0555.ply,5,5,monitor,monitor,0.9998398423194885
combo_full,1,512,/home/nochi/NOCHI/M2_PAR/Apprenyissage_Pointcloud/Pointclouds-classification-with-the-POINTNET-Neural-network/PointNetLab/data/ModelNet10_PLY/monitor/test/monitor_0556.ply,5,5,monitor,monitor,0.9999741911888123
combo_full,1,513,/home/nochi/NOCHI/M2_PAR/Apprenyissage_Pointcloud/Pointclouds-classification-with-the-POINTNET-Neural-network/PointNetLab/data/ModelNet10_PLY/monitor/test/monitor_0557.ply,5,5,monitor,monitor,0.9589431285858154
combo_full,1,514,/home/nochi/NOCHI/M2_PAR/Apprenyissage_Pointcloud/Pointclouds-classification-with-the-POINTNET-Neural-network/PointNetLab/data/ModelNet10_PLY/monitor/test/monitor_0558.ply,5,5,monitor,monitor,0.9999901056289673
combo_full,1,515,/home/nochi/NOCHI/M2_PAR/Apprenyissage_Pointcloud/Pointclouds-classification-with-the-POINTNET-Neural-network/PointNetLab/data/ModelNet10_PLY/monitor/test/monitor_0559.ply,5,5,monitor,monitor,0.9999682307243347
combo_full,1,516,/home/nochi/NOCHI/M2_PAR/Apprenyissage_Pointcloud/Pointclouds-classification-with-the-POINTNET-Neural-network/PointNetLab/data/ModelNet10_PLY/monitor/test/monitor_0560.ply,5,5,monitor,monitor,0.9997292160987854
combo_full,1,517,/home/nochi/NOCHI/M2_PAR/Apprenyissage_Pointcloud/Pointclouds-classification-with-the-POINTNET-Neural-network/PointNetLab/data/ModelNet10_PLY/monitor/test/monitor_0561.ply,5,5,monitor,monitor,0.9999517202377319
combo_full,1,518,/home/nochi/NOCHI/M2_PAR/Apprenyissage_Pointcloud/Pointclouds-classification-with-the-POINTNET-Neural-network/PointNetLab/data/ModelNet10_PLY/monitor/test/monitor_0562.ply,5,6,monitor,night_stand,0.8419888615608215
combo_full,1,519,/home/nochi/NOCHI/M2_PAR/Apprenyissage_Pointcloud/Pointclouds-classification-with-the-POINTNET-Neural-network/PointNetLab/data/ModelNet10_PLY/monitor/test/monitor_0563.ply,5,5,monitor,monitor,0.9998708367347717
combo_full,1,520,/home/nochi/NOCHI/M2_PAR/Apprenyissage_Pointcloud/Pointclouds-classification-with-the-POINTNET-Neural-network/PointNetLab/data/ModelNet10_PLY/monitor/test/monitor_0564.ply,5,5,monitor,monitor,0.9999934434890747
combo_full,1,521,/home/nochi/NOCHI/M2_PAR/Apprenyissage_Pointcloud/Pointclouds-classification-with-the-POINTNET-Neural-network/PointNetLab/data/ModelNet10_PLY/monitor/test/monitor_0565.ply,5,5,monitor,monitor,0.9999855756759644
combo_full,1,522,/home/nochi/NOCHI/M2_PAR/Apprenyissage_Pointcloud/Pointclouds-classification-with-the-POINTNET-Neural-network/PointNetLab/data/ModelNet10_PLY/night_stand/test/night_stand_0201.ply,6,6,night_stand,night_stand,0.8458433747291565
combo_full,1,523,/home/nochi/NOCHI/M2_PAR/Apprenyissage_Pointcloud/Pointclouds-classification-with-the-POINTNET-Neural-network/PointNetLab/data/ModelNet10_PLY/night_stand/test/night_stand_0202.ply,6,6,night_stand,night_stand,0.7602038979530334
combo_full,1,524,/home/nochi/NOCHI/M2_PAR/Apprenyissage_Pointcloud/Pointclouds-classification-with-the-POINTNET-Neural-network/PointNetLab/data/ModelNet10_PLY/night_stand/test/night_stand_0203.ply,6,6,night_stand,night_stand,0.6192859411239624
combo_full,1,525,/home/nochi/NOCHI/M2_PAR/Apprenyissage_Pointcloud/Pointclouds-classification-with-the-POINTNET-Neural-network/PointNetLab/data/ModelNet10_PLY/night_stand/test/night_stand_0204.ply,6,6,night_stand,night_stand,0.6071582436561584
combo_full,1,526,/home/nochi/NOCHI/M2_PAR/Apprenyissage_Pointcloud/Pointclouds-classification-with-the-POINTNET-Neural-network/PointNetLab/data/ModelNet10_PLY/night_stand/test/night_stand_0205.ply,6,6,night_stand,night_stand,0.5596544742584229
combo_full,1,527,/home/nochi/NOCHI/M2_PAR/Apprenyissage_Pointcloud/Pointclouds-classification-with-the-POINTNET-Neural-network/PointNetLab/data/ModelNet10_PLY/night_stand/test/night_stand_0206.ply,6,6,night_stand,night_stand,0.5839488506317139
combo_full,1,528,/home/nochi/NOCHI/M2_PAR/Apprenyissage_Pointcloud/Pointclouds-classification-with-the-POINTNET-Neural-network/PointNetLab/data/ModelNet10_PLY/night_stand/test/night_stand_0207.ply,6,6,night_stand,night_stand,0.49012821912765503
combo_full,1,529,/home/nochi/NOCHI/M2_PAR/Apprenyissage_Pointcloud/Pointclouds-classification-with-the-POINTNET-Neural-network/PointNetLab/data/ModelNet10_PLY/night_stand/test/night_stand_0208.ply,6,6,night_stand,night_stand,0.7075501084327698
combo_full,1,530,/home/nochi/NOCHI/M2_PAR/Apprenyissage_Pointcloud/Pointclouds-classification-with-the-POINTNET-Neural-network/PointNetLab/data/ModelNet10_PLY/night_stand/test/night_stand_0209.ply,6,6,night_stand,night_stand,0.8682592511177063
combo_full,1,531,/home/nochi/NOCHI/M2_PAR/Apprenyissage_Pointcloud/Pointclouds-classification-with-the-POINTNET-Neural-network/PointNetLab/data/ModelNet10_PLY/night_stand/test/night_stand_0210.ply,6,6,night_stand,night_stand,0.7339531183242798
combo_full,1,532,/home/nochi/NOCHI/M2_PAR/Apprenyissage_Pointcloud/Pointclouds-classification-with-the-POINTNET-Neural-network/PointNetLab/data/ModelNet10_PLY/night_stand/test/night_stand_0211.ply,6,6,night_stand,night_stand,0.8676489591598511
combo_full,1,533,/home/nochi/NOCHI/M2_PAR/Apprenyissage_Pointcloud/Pointclouds-classification-with-the-POINTNET-Neural-network/PointNetLab/data/ModelNet10_PLY/night_stand/test/night_stand_0212.ply,6,6,night_stand,night_stand,0.5974069833755493
combo_full,1,534,/home/nochi/NOCHI/M2_PAR/Apprenyissage_Pointcloud/Pointclouds-classification-with-the-POINTNET-Neural-network/PointNetLab/data/ModelNet10_PLY/night_stand/test/night_stand_0213.ply,6,6,night_stand,night_stand,0.7724201083183289
combo_full,1,535,/home/nochi/NOCHI/M2_PAR/Apprenyissage_Pointcloud/Pointclouds-classification-with-the-POINTNET-Neural-network/PointNetLab/data/ModelNet10_PLY/night_stand/test/night_stand_0214.ply,6,6,night_stand,night_stand,0.8100817203521729
combo_full,1,536,/home/nochi/NOCHI/M2_PAR/Apprenyissage_Pointcloud/Pointclouds-classification-with-the-POINTNET-Neural-network/PointNetLab/data/ModelNet10_PLY/night_stand/test/night_stand_0215.ply,6,6,night_stand,night_stand,0.557783305644989
combo_full,1,537,/home/nochi/NOCHI/M2_PAR/Apprenyissage_Pointcloud/Pointclouds-classification-with-the-POINTNET-Neural-network/PointNetLab/data/ModelNet10_PLY/night_stand/test/night_stand_0216.ply,6,8,night_stand,table,0.6584427952766418
combo_full,1,538,/home/nochi/NOCHI/M2_PAR/Apprenyissage_Pointcloud/Pointclouds-classification-with-the-POINTNET-Neural-network/PointNetLab/data/ModelNet10_PLY/night_stand/test/night_stand_0217.ply,6,6,night_stand,night_stand,0.852874219417572
combo_full,1,539,/home/nochi/NOCHI/M2_PAR/Apprenyissage_Pointcloud/Pointclouds-classification-with-the-POINTNET-Neural-network/PointNetLab/data/ModelNet10_PLY/night_stand/test/night_stand_0218.ply,6,6,night_stand,night_stand,0.8238852024078369
combo_full,1,540,/home/nochi/NOCHI/M2_PAR/Apprenyissage_Pointcloud/Pointclouds-classification-with-the-POINTNET-Neural-network/PointNetLab/data/ModelNet10_PLY/night_stand/test/night_stand_0219.ply,6,6,night_stand,night_stand,0.9385848045349121
combo_full,1,541,/home/nochi/NOCHI/M2_PAR/Apprenyissage_Pointcloud/Pointclouds-classification-with-the-POINTNET-Neural-network/PointNetLab/data/ModelNet10_PLY/night_stand/test/night_stand_0220.ply,6,6,night_stand,night_stand,0.8684171438217163
combo_full,1,542,/home/nochi/NOCHI/M2_PAR/Apprenyissage_Pointcloud/Pointclouds-classification-with-the-POINTNET-Neural-network/PointNetLab/data/ModelNet10_PLY/night_stand/test/night_stand_0221.ply,6,9,night_stand,toilet,0.9299965500831604
combo_full,1,543,/home/nochi/NOCHI/M2_PAR/Apprenyissage_Pointcloud/Pointclouds-classification-with-the-POINTNET-Neural-network/PointNetLab/data/ModelNet10_PLY/night_stand/test/night_stand_0222.ply,6,4,night_stand,dresser,0.30776247382164
combo_full,1,544,/home/nochi/NOCHI/M2_PAR/Apprenyissage_Pointcloud/Pointclouds-classification-with-the-POINTNET-Neural-network/PointNetLab/data/ModelNet10_PLY/night_stand/test/night_stand_0223.ply,6,6,night_stand,night_stand,0.4942881166934967
combo_full,1,545,/home/nochi/NOCHI/M2_PAR/Apprenyissage_Pointcloud/Pointclouds-classification-with-the-POINTNET-Neural-network/PointNetLab/data/ModelNet10_PLY/night_stand/test/night_stand_0224.ply,6,6,night_stand,night_stand,0.8031227588653564
combo_full,1,546,/home/nochi/NOCHI/M2_PAR/Apprenyissage_Pointcloud/Pointclouds-classification-with-the-POINTNET-Neural-network/PointNetLab/data/ModelNet10_PLY/night_stand/test/night_stand_0225.ply,6,6,night_stand,night_stand,0.7176151871681213
combo_full,1,547,/home/nochi/NOCHI/M2_PAR/Apprenyissage_Pointcloud/Pointclouds-classification-with-the-POINTNET-Neural-network/PointNetLab/data/ModelNet10_PLY/night_stand/test/night_stand_0226.ply,6,6,night_stand,night_stand,0.6432954668998718
combo_full,1,548,/home/nochi/NOCHI/M2_PAR/Apprenyissage_Pointcloud/Pointclouds-classification-with-the-POINTNET-Neural-network/PointNetLab/data/ModelNet10_PLY/night_stand/test/night_stand_0227.ply,6,6,night_stand,night_stand,0.645134687423706
combo_full,1,549,/home/nochi/NOCHI/M2_PAR/Apprenyissage_Pointcloud/Pointclouds-classification-with-the-POINTNET-Neural-network/PointNetLab/data/ModelNet10_PLY/night_stand/test/night_stand_0228.ply,6,6,night_stand,night_stand,0.6650199294090271
combo_full,1,550,/home/nochi/NOCHI/M2_PAR/Apprenyissage_Pointcloud/Pointclouds-classification-with-the-POINTNET-Neural-network/PointNetLab/data/ModelNet10_PLY/night_stand/test/night_stand_0229.ply,6,6,night_stand,night_stand,0.6725702285766602
combo_full,1,551,/home/nochi/NOCHI/M2_PAR/Apprenyissage_Pointcloud/Pointclouds-classification-with-the-POINTNET-Neural-network/PointNetLab/data/ModelNet10_PLY/night_stand/test/night_stand_0230.ply,6,6,night_stand,night_stand,0.8935553431510925
combo_full,1,552,/home/nochi/NOCHI/M2_PAR/Apprenyissage_Pointcloud/Pointclouds-classification-with-the-POINTNET-Neural-network/PointNetLab/data/ModelNet10_PLY/night_stand/test/night_stand_0231.ply,6,4,night_stand,dresser,0.352219820022583
combo_full,1,553,/home/nochi/NOCHI/M2_PAR/Apprenyissage_Pointcloud/Pointclouds-classification-with-the-POINTNET-Neural-network/PointNetLab/data/ModelNet10_PLY/night_stand/test/night_stand_0232.ply,6,6,night_stand,night_stand,0.8717167973518372
combo_full,1,554,/home/nochi/NOCHI/M2_PAR/Apprenyissage_Pointcloud/Pointclouds-classification-with-the-POINTNET-Neural-network/PointNetLab/data/ModelNet10_PLY/night_stand/test/night_stand_0233.ply,6,6,night_stand,night_stand,0.7896700501441956
combo_full,1,555,/home/nochi/NOCHI/M2_PAR/Apprenyissage_Pointcloud/Pointclouds-classification-with-the-POINTNET-Neural-network/PointNetLab/data/ModelNet10_PLY/night_stand/test/night_stand_0234.ply,6,6,night_stand,night_stand,0.4910123348236084
combo_full,1,556,/home/nochi/NOCHI/M2_PAR/Apprenyissage_Pointcloud/Pointclouds-classification-with-the-POINTNET-Neural-network/PointNetLab/data/ModelNet10_PLY/night_stand/test/night_stand_0235.ply,6,6,night_stand,night_stand,0.935749351978302
combo_full,1,557,/home/nochi/NOCHI/M2_PAR/Apprenyissage_Pointcloud/Pointclouds-classification-with-the-POINTNET-Neural-network/PointNetLab/data/ModelNet10_PLY/night_stand/test/night_stand_0236.ply,6,6,night_stand,night_stand,0.8400447964668274
combo_full,1,558,/home/nochi/NOCHI/M2_PAR/Apprenyissage_Pointcloud/Pointclouds-classification-with-the-POINTNET-Neural-network/PointNetLab/data/ModelNet10_PLY/night_stand/test/night_stand_0237.ply,6,6,night_stand,night_stand,0.8443348407745361
combo_full,1,559,/home/nochi/NOCHI/M2_PAR/Apprenyissage_Pointcloud/Pointclouds-classification-with-the-POINTNET-Neural-network/PointNetLab/data/ModelNet10_PLY/night_stand/test/night_stand_0238.ply,6,6,night_stand,night_stand,0.6203621625900269
combo_full,1,560,/home/nochi/NOCHI/M2_PAR/Apprenyissage_Pointcloud/Pointclouds-classification-with-the-POINTNET-Neural-network/PointNetLab/data/ModelNet10_PLY/night_stand/test/night_stand_0239.ply,6,6,night_stand,night_stand,0.8917706608772278
combo_full,1,561,/home/nochi/NOCHI/M2_PAR/Apprenyissage_Pointcloud/Pointclouds-classification-with-the-POINTNET-Neural-network/PointNetLab/data/ModelNet10_PLY/night_stand/test/night_stand_0240.ply,6,6,night_stand,night_stand,0.8791880011558533
combo_full,1,562,/home/nochi/NOCHI/M2_PAR/Apprenyissage_Pointcloud/Pointclouds-classification-with-the-POINTNET-Neural-network/PointNetLab/data/ModelNet10_PLY/night_stand/test/night_stand_0241.ply,6,6,night_stand,night_stand,0.7922981381416321
combo_full,1,563,/home/nochi/NOCHI/M2_PAR/Apprenyissage_Pointcloud/Pointclouds-classification-with-the-POINTNET-Neural-network/PointNetLab/data/ModelNet10_PLY/night_stand/test/night_stand_0242.ply,6,6,night_stand,night_stand,0.6251973509788513
combo_full,1,564,/home/nochi/NOCHI/M2_PAR/Apprenyissage_Pointcloud/Pointclouds-classification-with-the-POINTNET-Neural-network/PointNetLab/data/ModelNet10_PLY/night_stand/test/night_stand_0243.ply,6,6,night_stand,night_stand,0.8626232147216797
combo_full,1,565,/home/nochi/NOCHI/M2_PAR/Apprenyissage_Pointcloud/Pointclouds-classification-with-the-POINTNET-Neural-network/PointNetLab/data/ModelNet10_PLY/night_stand/test/night_stand_0244.ply,6,6,night_stand,night_stand,0.7510587573051453
combo_full,1,566,/home/nochi/NOCHI/M2_PAR/Apprenyissage_Pointcloud/Pointclouds-classification-with-the-POINTNET-Neural-network/PointNetLab/data/ModelNet10_PLY/night_stand/test/night_stand_0245.ply,6,6,night_stand,night_stand,0.8950666189193726
combo_full,1,567,/home/nochi/NOCHI/M2_PAR/Apprenyissage_Pointcloud/Pointclouds-classification-with-the-POINTNET-Neural-network/PointNetLab/data/ModelNet10_PLY/night_stand/test/night_stand_0246.ply,6,6,night_stand,night_stand,0.6554860472679138
combo_full,1,568,/home/nochi/NOCHI/M2_PAR/Apprenyissage_Pointcloud/Pointclouds-classification-with-the-POINTNET-Neural-network/PointNetLab/data/ModelNet10_PLY/night_stand/test/night_stand_0247.ply,6,4,night_stand,dresser,0.5535770058631897
combo_full,1,569,/home/nochi/NOCHI/M2_PAR/Apprenyissage_Pointcloud/Pointclouds-classification-with-the-POINTNET-Neural-network/PointNetLab/data/ModelNet10_PLY/night_stand/test/night_stand_0248.ply,6,6,night_stand,night_stand,0.8948848247528076
combo_full,1,570,/home/nochi/NOCHI/M2_PAR/Apprenyissage_Pointcloud/Pointclouds-classification-with-the-POINTNET-Neural-network/PointNetLab/data/ModelNet10_PLY/night_stand/test/night_stand_0249.ply,6,6,night_stand,night_stand,0.8741199970245361
combo_full,1,571,/home/nochi/NOCHI/M2_PAR/Apprenyissage_Pointcloud/Pointclouds-classification-with-the-POINTNET-Neural-network/PointNetLab/data/ModelNet10_PLY/night_stand/test/night_stand_0250.ply,6,8,night_stand,table,0.6376163363456726
combo_full,1,572,/home/nochi/NOCHI/M2_PAR/Apprenyissage_Pointcloud/Pointclouds-classification-with-the-POINTNET-Neural-network/PointNetLab/data/ModelNet10_PLY/night_stand/test/night_stand_0251.ply,6,6,night_stand,night_stand,0.8715041279792786
combo_full,1,573,/home/nochi/NOCHI/M2_PAR/Apprenyissage_Pointcloud/Pointclouds-classification-with-the-POINTNET-Neural-network/PointNetLab/data/ModelNet10_PLY/night_stand/test/night_stand_0252.ply,6,4,night_stand,dresser,0.9233969449996948
combo_full,1,574,/home/nochi/NOCHI/M2_PAR/Apprenyissage_Pointcloud/Pointclouds-classification-with-the-POINTNET-Neural-network/PointNetLab/data/ModelNet10_PLY/night_stand/test/night_stand_0253.ply,6,6,night_stand,night_stand,0.7353470325469971
combo_full,1,575,/home/nochi/NOCHI/M2_PAR/Apprenyissage_Pointcloud/Pointclouds-classification-with-the-POINTNET-Neural-network/PointNetLab/data/ModelNet10_PLY/night_stand/test/night_stand_0254.ply,6,6,night_stand,night_stand,0.8383776545524597
combo_full,1,576,/home/nochi/NOCHI/M2_PAR/Apprenyissage_Pointcloud/Pointclouds-classification-with-the-POINTNET-Neural-network/PointNetLab/data/ModelNet10_PLY/night_stand/test/night_stand_0255.ply,6,6,night_stand,night_stand,0.8647881150245667
combo_full,1,577,/home/nochi/NOCHI/M2_PAR/Apprenyissage_Pointcloud/Pointclouds-classification-with-the-POINTNET-Neural-network/PointNetLab/data/ModelNet10_PLY/night_stand/test/night_stand_0256.ply,6,6,night_stand,night_stand,0.7646447420120239
combo_full,1,578,/home/nochi/NOCHI/M2_PAR/Apprenyissage_Pointcloud/Pointclouds-classification-with-the-POINTNET-Neural-network/PointNetLab/data/ModelNet10_PLY/night_stand/test/night_stand_0257.ply,6,6,night_stand,night_stand,0.7384622693061829
combo_full,1,579,/home/nochi/NOCHI/M2_PAR/Apprenyissage_Pointcloud/Pointclouds-classification-with-the-POINTNET-Neural-network/PointNetLab/data/ModelNet10_PLY/night_stand/test/night_stand_0258.ply,6,6,night_stand,night_stand,0.7587994933128357
combo_full,1,580,/home/nochi/NOCHI/M2_PAR/Apprenyissage_Pointcloud/Pointclouds-classification-with-the-POINTNET-Neural-network/PointNetLab/data/ModelNet10_PLY/night_stand/test/night_stand_0259.ply,6,8,night_stand,table,0.4103347063064575
combo_full,1,581,/home/nochi/NOCHI/M2_PAR/Apprenyissage_Pointcloud/Pointclouds-classification-with-the-POINTNET-Neural-network/PointNetLab/data/ModelNet10_PLY/night_stand/test/night_stand_0260.ply,6,6,night_stand,night_stand,0.8837514519691467
combo_full,1,582,/home/nochi/NOCHI/M2_PAR/Apprenyissage_Pointcloud/Pointclouds-classification-with-the-POINTNET-Neural-network/PointNetLab/data/ModelNet10_PLY/night_stand/test/night_stand_0261.ply,6,6,night_stand,night_stand,0.9344534277915955
combo_full,1,583,/home/nochi/NOCHI/M2_PAR/Apprenyissage_Pointcloud/Pointclouds-classification-with-the-POINTNET-Neural-network/PointNetLab/data/ModelNet10_PLY/night_stand/test/night_stand_0262.ply,6,6,night_stand,night_stand,0.8146270513534546
combo_full,1,584,/home/nochi/NOCHI/M2_PAR/Apprenyissage_Pointcloud/Pointclouds-classification-with-the-POINTNET-Neural-network/PointNetLab/data/ModelNet10_PLY/night_stand/test/night_stand_0263.ply,6,6,night_stand,night_stand,0.6620331406593323
combo_full,1,585,/home/nochi/NOCHI/M2_PAR/Apprenyissage_Pointcloud/Pointclouds-classification-with-the-POINTNET-Neural-network/PointNetLab/data/ModelNet10_PLY/night_stand/test/night_stand_0264.ply,6,6,night_stand,night_stand,0.7939357757568359
combo_full,1,586,/home/nochi/NOCHI/M2_PAR/Apprenyissage_Pointcloud/Pointclouds-classification-with-the-POINTNET-Neural-network/PointNetLab/data/ModelNet10_PLY/night_stand/test/night_stand_0265.ply,6,6,night_stand,night_stand,0.8870053291320801
combo_full,1,587,/home/nochi/NOCHI/M2_PAR/Apprenyissage_Pointcloud/Pointclouds-classification-with-the-POINTNET-Neural-network/PointNetLab/data/ModelNet10_PLY/night_stand/test/night_stand_0266.ply,6,6,night_stand,night_stand,0.6571323275566101
combo_full,1,588,/home/nochi/NOCHI/M2_PAR/Apprenyissage_Pointcloud/Pointclouds-classification-with-the-POINTNET-Neural-network/PointNetLab/data/ModelNet10_PLY/night_stand/test/night_stand_0267.ply,6,6,night_stand,night_stand,0.9014238715171814
combo_full,1,589,/home/nochi/NOCHI/M2_PAR/Apprenyissage_Pointcloud/Pointclouds-classification-with-the-POINTNET-Neural-network/PointNetLab/data/ModelNet10_PLY/night_stand/test/night_stand_0268.ply,6,6,night_stand,night_stand,0.6963502168655396
combo_full,1,590,/home/nochi/NOCHI/M2_PAR/Apprenyissage_Pointcloud/Pointclouds-classification-with-the-POINTNET-Neural-network/PointNetLab/data/ModelNet10_PLY/night_stand/test/night_stand_0269.ply,6,6,night_stand,night_stand,0.8714041113853455
combo_full,1,591,/home/nochi/NOCHI/M2_PAR/Apprenyissage_Pointcloud/Pointclouds-classification-with-the-POINTNET-Neural-network/PointNetLab/data/ModelNet10_PLY/night_stand/test/night_stand_0270.ply,6,6,night_stand,night_stand,0.916858971118927
combo_full,1,592,/home/nochi/NOCHI/M2_PAR/Apprenyissage_Pointcloud/Pointclouds-classification-with-the-POINTNET-Neural-network/PointNetLab/data/ModelNet10_PLY/night_stand/test/night_stand_0271.ply,6,6,night_stand,night_stand,0.9080550074577332
combo_full,1,593,/home/nochi/NOCHI/M2_PAR/Apprenyissage_Pointcloud/Pointclouds-classification-with-the-POINTNET-Neural-network/PointNetLab/data/ModelNet10_PLY/night_stand/test/night_stand_0272.ply,6,4,night_stand,dresser,0.8304933309555054
combo_full,1,594,/home/nochi/NOCHI/M2_PAR/Apprenyissage_Pointcloud/Pointclouds-classification-with-the-POINTNET-Neural-network/PointNetLab/data/ModelNet10_PLY/night_stand/test/night_stand_0273.ply,6,6,night_stand,night_stand,0.883275032043457
combo_full,1,595,/home/nochi/NOCHI/M2_PAR/Apprenyissage_Pointcloud/Pointclouds-classification-with-the-POINTNET-Neural-network/PointNetLab/data/ModelNet10_PLY/night_stand/test/night_stand_0274.ply,6,4,night_stand,dresser,0.8368595242500305
combo_full,1,596,/home/nochi/NOCHI/M2_PAR/Apprenyissage_Pointcloud/Pointclouds-classification-with-the-POINTNET-Neural-network/PointNetLab/data/ModelNet10_PLY/night_stand/test/night_stand_0275.ply,6,6,night_stand,night_stand,0.7919426560401917
combo_full,1,597,/home/nochi/NOCHI/M2_PAR/Apprenyissage_Pointcloud/Pointclouds-classification-with-the-POINTNET-Neural-network/PointNetLab/data/ModelNet10_PLY/night_stand/test/night_stand_0276.ply,6,6,night_stand,night_stand,0.809211790561676
combo_full,1,598,/home/nochi/NOCHI/M2_PAR/Apprenyissage_Pointcloud/Pointclouds-classification-with-the-POINTNET-Neural-network/PointNetLab/data/ModelNet10_PLY/night_stand/test/night_stand_0277.ply,6,4,night_stand,dresser,0.6994341611862183
combo_full,1,599,/home/nochi/NOCHI/M2_PAR/Apprenyissage_Pointcloud/Pointclouds-classification-with-the-POINTNET-Neural-network/PointNetLab/data/ModelNet10_PLY/night_stand/test/night_stand_0278.ply,6,6,night_stand,night_stand,0.5026012063026428
combo_full,1,600,/home/nochi/NOCHI/M2_PAR/Apprenyissage_Pointcloud/Pointclouds-classification-with-the-POINTNET-Neural-network/PointNetLab/data/ModelNet10_PLY/night_stand/test/night_stand_0279.ply,6,6,night_stand,night_stand,0.9085398316383362
combo_full,1,601,/home/nochi/NOCHI/M2_PAR/Apprenyissage_Pointcloud/Pointclouds-classification-with-the-POINTNET-Neural-network/PointNetLab/data/ModelNet10_PLY/night_stand/test/night_stand_0280.ply,6,6,night_stand,night_stand,0.873336911201477
combo_full,1,602,/home/nochi/NOCHI/M2_PAR/Apprenyissage_Pointcloud/Pointclouds-classification-with-the-POINTNET-Neural-network/PointNetLab/data/ModelNet10_PLY/night_stand/test/night_stand_0281.ply,6,4,night_stand,dresser,0.4953095018863678
combo_full,1,603,/home/nochi/NOCHI/M2_PAR/Apprenyissage_Pointcloud/Pointclouds-classification-with-the-POINTNET-Neural-network/PointNetLab/data/ModelNet10_PLY/night_stand/test/night_stand_0282.ply,6,6,night_stand,night_stand,0.56381756067276
combo_full,1,604,/home/nochi/NOCHI/M2_PAR/Apprenyissage_Pointcloud/Pointclouds-classification-with-the-POINTNET-Neural-network/PointNetLab/data/ModelNet10_PLY/night_stand/test/night_stand_0283.ply,6,6,night_stand,night_stand,0.4861510396003723
combo_full,1,605,/home/nochi/NOCHI/M2_PAR/Apprenyissage_Pointcloud/Pointclouds-classification-with-the-POINTNET-Neural-network/PointNetLab/data/ModelNet10_PLY/night_stand/test/night_stand_0284.ply,6,6,night_stand,night_stand,0.5284113883972168
combo_full,1,606,/home/nochi/NOCHI/M2_PAR/Apprenyissage_Pointcloud/Pointclouds-classification-with-the-POINTNET-Neural-network/PointNetLab/data/ModelNet10_PLY/night_stand/test/night_stand_0285.ply,6,6,night_stand,night_stand,0.6379062533378601
combo_full,1,607,/home/nochi/NOCHI/M2_PAR/Apprenyissage_Pointcloud/Pointclouds-classification-with-the-POINTNET-Neural-network/PointNetLab/data/ModelNet10_PLY/night_stand/test/night_stand_0286.ply,6,6,night_stand,night_stand,0.5297590494155884
combo_full,1,608,/home/nochi/NOCHI/M2_PAR/Apprenyissage_Pointcloud/Pointclouds-classification-with-the-POINTNET-Neural-network/PointNetLab/data/ModelNet10_PLY/sofa/test/sofa_0681.ply,7,0,sofa,bathtub,0.7990591526031494
combo_full,1,609,/home/nochi/NOCHI/M2_PAR/Apprenyissage_Pointcloud/Pointclouds-classification-with-the-POINTNET-Neural-network/PointNetLab/data/ModelNet10_PLY/sofa/test/sofa_0682.ply,7,2,sofa,chair,0.562204122543335
combo_full,1,610,/home/nochi/NOCHI/M2_PAR/Apprenyissage_Pointcloud/Pointclouds-classification-with-the-POINTNET-Neural-network/PointNetLab/data/ModelNet10_PLY/sofa/test/sofa_0683.ply,7,4,sofa,dresser,0.3644040524959564
combo_full,1,611,/home/nochi/NOCHI/M2_PAR/Apprenyissage_Pointcloud/Pointclouds-classification-with-the-POINTNET-Neural-network/PointNetLab/data/ModelNet10_PLY/sofa/test/sofa_0684.ply,7,7,sofa,sofa,0.9879565238952637
combo_full,1,612,/home/nochi/NOCHI/M2_PAR/Apprenyissage_Pointcloud/Pointclouds-classification-with-the-POINTNET-Neural-network/PointNetLab/data/ModelNet10_PLY/sofa/test/sofa_0685.ply,7,7,sofa,sofa,0.9960917830467224
combo_full,1,613,/home/nochi/NOCHI/M2_PAR/Apprenyissage_Pointcloud/Pointclouds-classification-with-the-POINTNET-Neural-network/PointNetLab/data/ModelNet10_PLY/sofa/test/sofa_0686.ply,7,7,sofa,sofa,0.9695162177085876
combo_full,1,614,/home/nochi/NOCHI/M2_PAR/Apprenyissage_Pointcloud/Pointclouds-classification-with-the-POINTNET-Neural-network/PointNetLab/data/ModelNet10_PLY/sofa/test/sofa_0687.ply,7,7,sofa,sofa,0.9964304566383362
combo_full,1,615,/home/nochi/NOCHI/M2_PAR/Apprenyissage_Pointcloud/Pointclouds-classification-with-the-POINTNET-Neural-network/PointNetLab/data/ModelNet10_PLY/sofa/test/sofa_0688.ply,7,7,sofa,sofa,0.9855419397354126
combo_full,1,616,/home/nochi/NOCHI/M2_PAR/Apprenyissage_Pointcloud/Pointclouds-classification-with-the-POINTNET-Neural-network/PointNetLab/data/ModelNet10_PLY/sofa/test/sofa_0689.ply,7,7,sofa,sofa,0.9889752268791199
combo_full,1,617,/home/nochi/NOCHI/M2_PAR/Apprenyissage_Pointcloud/Pointclouds-classification-with-the-POINTNET-Neural-network/PointNetLab/data/ModelNet10_PLY/sofa/test/sofa_0690.ply,7,7,sofa,sofa,0.9919213056564331
combo_full,1,618,/home/nochi/NOCHI/M2_PAR/Apprenyissage_Pointcloud/Pointclouds-classification-with-the-POINTNET-Neural-network/PointNetLab/data/ModelNet10_PLY/sofa/test/sofa_0691.ply,7,7,sofa,sofa,0.9963858127593994
combo_full,1,619,/home/nochi/NOCHI/M2_PAR/Apprenyissage_Pointcloud/Pointclouds-classification-with-the-POINTNET-Neural-network/PointNetLab/data/ModelNet10_PLY/sofa/test/sofa_0692.ply,7,7,sofa,sofa,0.8482260704040527
combo_full,1,620,/home/nochi/NOCHI/M2_PAR/Apprenyissage_Pointcloud/Pointclouds-classification-with-the-POINTNET-Neural-network/PointNetLab/data/ModelNet10_PLY/sofa/test/sofa_0693.ply,7,7,sofa,sofa,0.9838869571685791
combo_full,1,621,/home/nochi/NOCHI/M2_PAR/Apprenyissage_Pointcloud/Pointclouds-classification-with-the-POINTNET-Neural-network/PointNetLab/data/ModelNet10_PLY/sofa/test/sofa_0694.ply,7,7,sofa,sofa,0.9707188606262207
combo_full,1,622,/home/nochi/NOCHI/M2_PAR/Apprenyissage_Pointcloud/Pointclouds-classification-with-the-POINTNET-Neural-network/PointNetLab/data/ModelNet10_PLY/sofa/test/sofa_0695.ply,7,7,sofa,sofa,0.9934773445129395
combo_full,1,623,/home/nochi/NOCHI/M2_PAR/Apprenyissage_Pointcloud/Pointclouds-classification-with-the-POINTNET-Neural-network/PointNetLab/data/ModelNet10_PLY/sofa/test/sofa_0696.ply,7,7,sofa,sofa,0.9854565262794495
combo_full,1,624,/home/nochi/NOCHI/M2_PAR/Apprenyissage_Pointcloud/Pointclouds-classification-with-the-POINTNET-Neural-network/PointNetLab/data/ModelNet10_PLY/sofa/test/sofa_0697.ply,7,7,sofa,sofa,0.9925059080123901
combo_full,1,625,/home/nochi/NOCHI/M2_PAR/Apprenyissage_Pointcloud/Pointclouds-classification-with-the-POINTNET-Neural-network/PointNetLab/data/ModelNet10_PLY/sofa/test/sofa_0698.ply,7,7,sofa,sofa,0.994917631149292
combo_full,1,626,/home/nochi/NOCHI/M2_PAR/Apprenyissage_Pointcloud/Pointclouds-classification-with-the-POINTNET-Neural-network/PointNetLab/data/ModelNet10_PLY/sofa/test/sofa_0699.ply,7,7,sofa,sofa,0.9875066876411438
combo_full,1,627,/home/nochi/NOCHI/M2_PAR/Apprenyissage_Pointcloud/Pointclouds-classification-with-the-POINTNET-Neural-network/PointNetLab/data/ModelNet10_PLY/sofa/test/sofa_0700.ply,7,7,sofa,sofa,0.9788302183151245
combo_full,1,628,/home/nochi/NOCHI/M2_PAR/Apprenyissage_Pointcloud/Pointclouds-classification-with-the-POINTNET-Neural-network/PointNetLab/data/ModelNet10_PLY/sofa/test/sofa_0701.ply,7,7,sofa,sofa,0.9649460911750793
combo_full,1,629,/home/nochi/NOCHI/M2_PAR/Apprenyissage_Pointcloud/Pointclouds-classification-with-the-POINTNET-Neural-network/PointNetLab/data/ModelNet10_PLY/sofa/test/sofa_0702.ply,7,7,sofa,sofa,0.9848413467407227
combo_full,1,630,/home/nochi/NOCHI/M2_PAR/Apprenyissage_Pointcloud/Pointclouds-classification-with-the-POINTNET-Neural-network/PointNetLab/data/ModelNet10_PLY/sofa/test/sofa_0703.ply,7,7,sofa,sofa,0.9670692086219788
combo_full,1,631,/home/nochi/NOCHI/M2_PAR/Apprenyissage_Pointcloud/Pointclouds-classification-with-the-POINTNET-Neural-network/PointNetLab/data/ModelNet10_PLY/sofa/test/sofa_0704.ply,7,7,sofa,sofa,0.996472954750061
combo_full,1,632,/home/nochi/NOCHI/M2_PAR/Apprenyissage_Pointcloud/Pointclouds-classification-with-the-POINTNET-Neural-network/PointNetLab/data/ModelNet10_PLY/sofa/test/sofa_0705.ply,7,7,sofa,sofa,0.9929938912391663
combo_full,1,633,/home/nochi/NOCHI/M2_PAR/Apprenyissage_Pointcloud/Pointclouds-classification-with-the-POINTNET-Neural-network/PointNetLab/data/ModelNet10_PLY/sofa/test/sofa_0706.ply,7,7,sofa,sofa,0.9106723666191101
combo_full,1,634,/home/nochi/NOCHI/M2_PAR/Apprenyissage_Pointcloud/Pointclouds-classification-with-the-POINTNET-Neural-network/PointNetLab/data/ModelNet10_PLY/sofa/test/sofa_0707.ply,7,7,sofa,sofa,0.974819004535675
combo_full,1,635,/home/nochi/NOCHI/M2_PAR/Apprenyissage_Pointcloud/Pointclouds-classification-with-the-POINTNET-Neural-network/PointNetLab/data/ModelNet10_PLY/sofa/test/sofa_0708.ply,7,7,sofa,sofa,0.9968611001968384
combo_full,1,636,/home/nochi/NOCHI/M2_PAR/Apprenyissage_Pointcloud/Pointclouds-classification-with-the-POINTNET-Neural-network/PointNetLab/data/ModelNet10_PLY/sofa/test/sofa_0709.ply,7,7,sofa,sofa,0.9917219281196594
combo_full,1,637,/home/nochi/NOCHI/M2_PAR/Apprenyissage_Pointcloud/Pointclouds-classification-with-the-POINTNET-Neural-network/PointNetLab/data/ModelNet10_PLY/sofa/test/sofa_0710.ply,7,7,sofa,sofa,0.9920724630355835
combo_full,1,638,/home/nochi/NOCHI/M2_PAR/Apprenyissage_Pointcloud/Pointclouds-classification-with-the-POINTNET-Neural-network/PointNetLab/data/ModelNet10_PLY/sofa/test/sofa_0711.ply,7,7,sofa,sofa,0.9904306530952454
combo_full,1,639,/home/nochi/NOCHI/M2_PAR/Apprenyissage_Pointcloud/Pointclouds-classification-with-the-POINTNET-Neural-network/PointNetLab/data/ModelNet10_PLY/sofa/test/sofa_0712.ply,7,7,sofa,sofa,0.9961892366409302
combo_full,1,640,/home/nochi/NOCHI/M2_PAR/Apprenyissage_Pointcloud/Pointclouds-classification-with-the-POINTNET-Neural-network/PointNetLab/data/ModelNet10_PLY/sofa/test/sofa_0713.ply,7,7,sofa,sofa,0.9973798990249634
combo_full,1,641,/home/nochi/NOCHI/M2_PAR/Apprenyissage_Pointcloud/Pointclouds-classification-with-the-POINTNET-Neural-network/PointNetLab/data/ModelNet10_PLY/sofa/test/sofa_0714.ply,7,7,sofa,sofa,0.9976195693016052
combo_full,1,642,/home/nochi/NOCHI/M2_PAR/Apprenyissage_Pointcloud/Pointclouds-classification-with-the-POINTNET-Neural-network/PointNetLab/data/ModelNet10_PLY/sofa/test/sofa_0715.ply,7,7,sofa,sofa,0.8619075417518616
combo_full,1,643,/home/nochi/NOCHI/M2_PAR/Apprenyissage_Pointcloud/Pointclouds-classification-with-the-POINTNET-Neural-network/PointNetLab/data/ModelNet10_PLY/sofa/test/sofa_0716.ply,7,7,sofa,sofa,0.9809460043907166
combo_full,1,644,/home/nochi/NOCHI/M2_PAR/Apprenyissage_Pointcloud/Pointclouds-classification-with-the-POINTNET-Neural-network/PointNetLab/data/ModelNet10_PLY/sofa/test/sofa_0717.ply,7,7,sofa,sofa,0.9888448119163513
combo_full,1,645,/home/nochi/NOCHI/M2_PAR/Apprenyissage_Pointcloud/Pointclouds-classification-with-the-POINTNET-Neural-network/PointNetLab/data/ModelNet10_PLY/sofa/test/sofa_0718.ply,7,7,sofa,sofa,0.9947665929794312
combo_full,1,646,/home/nochi/NOCHI/M2_PAR/Apprenyissage_Pointcloud/Pointclouds-classification-with-the-POINTNET-Neural-network/PointNetLab/data/ModelNet10_PLY/sofa/test/sofa_0719.ply,7,7,sofa,sofa,0.9966186881065369
combo_full,1,647,/home/nochi/NOCHI/M2_PAR/Apprenyissage_Pointcloud/Pointclouds-classification-with-the-POINTNET-Neural-network/PointNetLab/data/ModelNet10_PLY/sofa/test/sofa_0720.ply,7,7,sofa,sofa,0.9562001824378967
combo_full,1,648,/home/nochi/NOCHI/M2_PAR/Apprenyissage_Pointcloud/Pointclouds-classification-with-the-POINTNET-Neural-network/PointNetLab/data/ModelNet10_PLY/sofa/test/sofa_0721.ply,7,7,sofa,sofa,0.9935833215713501
combo_full,1,649,/home/nochi/NOCHI/M2_PAR/Apprenyissage_Pointcloud/Pointclouds-classification-with-the-POINTNET-Neural-network/PointNetLab/data/ModelNet10_PLY/sofa/test/sofa_0722.ply,7,7,sofa,sofa,0.998129665851593
combo_full,1,650,/home/nochi/NOCHI/M2_PAR/Apprenyissage_Pointcloud/Pointclouds-classification-with-the-POINTNET-Neural-network/PointNetLab/data/ModelNet10_PLY/sofa/test/sofa_0723.ply,7,7,sofa,sofa,0.9965108036994934
combo_full,1,651,/home/nochi/NOCHI/M2_PAR/Apprenyissage_Pointcloud/Pointclouds-classification-with-the-POINTNET-Neural-network/PointNetLab/data/ModelNet10_PLY/sofa/test/sofa_0724.ply,7,7,sofa,sofa,0.9952666759490967
combo_full,1,652,/home/nochi/NOCHI/M2_PAR/Apprenyissage_Pointcloud/Pointclouds-classification-with-the-POINTNET-Neural-network/PointNetLab/data/ModelNet10_PLY/sofa/test/sofa_0725.ply,7,7,sofa,sofa,0.9964218139648438
combo_full,1,653,/home/nochi/NOCHI/M2_PAR/Apprenyissage_Pointcloud/Pointclouds-classification-with-the-POINTNET-Neural-network/PointNetLab/data/ModelNet10_PLY/sofa/test/sofa_0726.ply,7,7,sofa,sofa,0.9958987236022949
combo_full,1,654,/home/nochi/NOCHI/M2_PAR/Apprenyissage_Pointcloud/Pointclouds-classification-with-the-POINTNET-Neural-network/PointNetLab/data/ModelNet10_PLY/sofa/test/sofa_0727.ply,7,7,sofa,sofa,0.996429443359375
combo_full,1,655,/home/nochi/NOCHI/M2_PAR/Apprenyissage_Pointcloud/Pointclouds-classification-with-the-POINTNET-Neural-network/PointNetLab/data/ModelNet10_PLY/sofa/test/sofa_0728.ply,7,7,sofa,sofa,0.9968850612640381
combo_full,1,656,/home/nochi/NOCHI/M2_PAR/Apprenyissage_Pointcloud/Pointclouds-classification-with-the-POINTNET-Neural-network/PointNetLab/data/ModelNet10_PLY/sofa/test/sofa_0729.ply,7,7,sofa,sofa,0.9964563846588135
combo_full,1,657,/home/nochi/NOCHI/M2_PAR/Apprenyissage_Pointcloud/Pointclouds-classification-with-the-POINTNET-Neural-network/PointNetLab/data/ModelNet10_PLY/sofa/test/sofa_0730.ply,7,7,sofa,sofa,0.9853177666664124
combo_full,1,658,/home/nochi/NOCHI/M2_PAR/Apprenyissage_Pointcloud/Pointclouds-classification-with-the-POINTNET-Neural-network/PointNetLab/data/ModelNet10_PLY/sofa/test/sofa_0731.ply,7,7,sofa,sofa,0.99867844581604
combo_full,1,659,/home/nochi/NOCHI/M2_PAR/Apprenyissage_Pointcloud/Pointclouds-classification-with-the-POINTNET-Neural-network/PointNetLab/data/ModelNet10_PLY/sofa/test/sofa_0732.ply,7,7,sofa,sofa,0.9231876134872437
combo_full,1,660,/home/nochi/NOCHI/M2_PAR/Apprenyissage_Pointcloud/Pointclouds-classification-with-the-POINTNET-Neural-network/PointNetLab/data/ModelNet10_PLY/sofa/test/sofa_0733.ply,7,7,sofa,sofa,0.9216620922088623
combo_full,1,661,/home/nochi/NOCHI/M2_PAR/Apprenyissage_Pointcloud/Pointclouds-classification-with-the-POINTNET-Neural-network/PointNetLab/data/ModelNet10_PLY/sofa/test/sofa_0734.ply,7,7,sofa,sofa,0.9963937401771545
combo_full,1,662,/home/nochi/NOCHI/M2_PAR/Apprenyissage_Pointcloud/Pointclouds-classification-with-the-POINTNET-Neural-network/PointNetLab/data/ModelNet10_PLY/sofa/test/sofa_0735.ply,7,7,sofa,sofa,0.992120087146759
combo_full,1,663,/home/nochi/NOCHI/M2_PAR/Apprenyissage_Pointcloud/Pointclouds-classification-with-the-POINTNET-Neural-network/PointNetLab/data/ModelNet10_PLY/sofa/test/sofa_0736.ply,7,7,sofa,sofa,0.593508243560791
combo_full,1,664,/home/nochi/NOCHI/M2_PAR/Apprenyissage_Pointcloud/Pointclouds-classification-with-the-POINTNET-Neural-network/PointNetLab/data/ModelNet10_PLY/sofa/test/sofa_0737.ply,7,7,sofa,sofa,0.9970110654830933
combo_full,1,665,/home/nochi/NOCHI/M2_PAR/Apprenyissage_Pointcloud/Pointclouds-classification-with-the-POINTNET-Neural-network/PointNetLab/data/ModelNet10_PLY/sofa/test/sofa_0738.ply,7,7,sofa,sofa,0.9896132946014404
combo_full,1,666,/home/nochi/NOCHI/M2_PAR/Apprenyissage_Pointcloud/Pointclouds-classification-with-the-POINTNET-Neural-network/PointNetLab/data/ModelNet10_PLY/sofa/test/sofa_0739.ply,7,7,sofa,sofa,0.9959433674812317
combo_full,1,667,/home/nochi/NOCHI/M2_PAR/Apprenyissage_Pointcloud/Pointclouds-classification-with-the-POINTNET-Neural-network/PointNetLab/data/ModelNet10_PLY/sofa/test/sofa_0740.ply,7,7,sofa,sofa,0.9966776371002197
combo_full,1,668,/home/nochi/NOCHI/M2_PAR/Apprenyissage_Pointcloud/Pointclouds-classification-with-the-POINTNET-Neural-network/PointNetLab/data/ModelNet10_PLY/sofa/test/sofa_0741.ply,7,7,sofa,sofa,0.9788433313369751
combo_full,1,669,/home/nochi/NOCHI/M2_PAR/Apprenyissage_Pointcloud/Pointclouds-classification-with-the-POINTNET-Neural-network/PointNetLab/data/ModelNet10_PLY/sofa/test/sofa_0742.ply,7,7,sofa,sofa,0.9622712731361389
combo_full,1,670,/home/nochi/NOCHI/M2_PAR/Apprenyissage_Pointcloud/Pointclouds-classification-with-the-POINTNET-Neural-network/PointNetLab/data/ModelNet10_PLY/sofa/test/sofa_0743.ply,7,7,sofa,sofa,0.997077465057373
combo_full,1,671,/home/nochi/NOCHI/M2_PAR/Apprenyissage_Pointcloud/Pointclouds-classification-with-the-POINTNET-Neural-network/PointNetLab/data/ModelNet10_PLY/sofa/test/sofa_0744.ply,7,7,sofa,sofa,0.9936966300010681
combo_full,1,672,/home/nochi/NOCHI/M2_PAR/Apprenyissage_Pointcloud/Pointclouds-classification-with-the-POINTNET-Neural-network/PointNetLab/data/ModelNet10_PLY/sofa/test/sofa_0745.ply,7,7,sofa,sofa,0.9939413070678711
combo_full,1,673,/home/nochi/NOCHI/M2_PAR/Apprenyissage_Pointcloud/Pointclouds-classification-with-the-POINTNET-Neural-network/PointNetLab/data/ModelNet10_PLY/sofa/test/sofa_0746.ply,7,7,sofa,sofa,0.994953989982605
combo_full,1,674,/home/nochi/NOCHI/M2_PAR/Apprenyissage_Pointcloud/Pointclouds-classification-with-the-POINTNET-Neural-network/PointNetLab/data/ModelNet10_PLY/sofa/test/sofa_0747.ply,7,7,sofa,sofa,0.9930574893951416
combo_full,1,675,/home/nochi/NOCHI/M2_PAR/Apprenyissage_Pointcloud/Pointclouds-classification-with-the-POINTNET-Neural-network/PointNetLab/data/ModelNet10_PLY/sofa/test/sofa_0748.ply,7,7,sofa,sofa,0.9936717748641968
combo_full,1,676,/home/nochi/NOCHI/M2_PAR/Apprenyissage_Pointcloud/Pointclouds-classification-with-the-POINTNET-Neural-network/PointNetLab/data/ModelNet10_PLY/sofa/test/sofa_0749.ply,7,7,sofa,sofa,0.9958078861236572
combo_full,1,677,/home/nochi/NOCHI/M2_PAR/Apprenyissage_Pointcloud/Pointclouds-classification-with-the-POINTNET-Neural-network/PointNetLab/data/ModelNet10_PLY/sofa/test/sofa_0750.ply,7,7,sofa,sofa,0.9978387951850891
combo_full,1,678,/home/nochi/NOCHI/M2_PAR/Apprenyissage_Pointcloud/Pointclouds-classification-with-the-POINTNET-Neural-network/PointNetLab/data/ModelNet10_PLY/sofa/test/sofa_0751.ply,7,7,sofa,sofa,0.9943262934684753
combo_full,1,679,/home/nochi/NOCHI/M2_PAR/Apprenyissage_Pointcloud/Pointclouds-classification-with-the-POINTNET-Neural-network/PointNetLab/data/ModelNet10_PLY/sofa/test/sofa_0752.ply,7,7,sofa,sofa,0.9859359264373779
combo_full,1,680,/home/nochi/NOCHI/M2_PAR/Apprenyissage_Pointcloud/Pointclouds-classification-with-the-POINTNET-Neural-network/PointNetLab/data/ModelNet10_PLY/sofa/test/sofa_0753.ply,7,7,sofa,sofa,0.935869574546814
combo_full,1,681,/home/nochi/NOCHI/M2_PAR/Apprenyissage_Pointcloud/Pointclouds-classification-with-the-POINTNET-Neural-network/PointNetLab/data/ModelNet10_PLY/sofa/test/sofa_0754.ply,7,7,sofa,sofa,0.9953566193580627
combo_full,1,682,/home/nochi/NOCHI/M2_PAR/Apprenyissage_Pointcloud/Pointclouds-classification-with-the-POINTNET-Neural-network/PointNetLab/data/ModelNet10_PLY/sofa/test/sofa_0755.ply,7,7,sofa,sofa,0.8382537364959717
combo_full,1,683,/home/nochi/NOCHI/M2_PAR/Apprenyissage_Pointcloud/Pointclouds-classification-with-the-POINTNET-Neural-network/PointNetLab/data/ModelNet10_PLY/sofa/test/sofa_0756.ply,7,7,sofa,sofa,0.9976740479469299
combo_full,1,684,/home/nochi/NOCHI/M2_PAR/Apprenyissage_Pointcloud/Pointclouds-classification-with-the-POINTNET-Neural-network/PointNetLab/data/ModelNet10_PLY/sofa/test/sofa_0757.ply,7,7,sofa,sofa,0.996407151222229
combo_full,1,685,/home/nochi/NOCHI/M2_PAR/Apprenyissage_Pointcloud/Pointclouds-classification-with-the-POINTNET-Neural-network/PointNetLab/data/ModelNet10_PLY/sofa/test/sofa_0758.ply,7,7,sofa,sofa,0.9857466220855713
combo_full,1,686,/home/nochi/NOCHI/M2_PAR/Apprenyissage_Pointcloud/Pointclouds-classification-with-the-POINTNET-Neural-network/PointNetLab/data/ModelNet10_PLY/sofa/test/sofa_0759.ply,7,7,sofa,sofa,0.9728072285652161
combo_full,1,687,/home/nochi/NOCHI/M2_PAR/Apprenyissage_Pointcloud/Pointclouds-classification-with-the-POINTNET-Neural-network/PointNetLab/data/ModelNet10_PLY/sofa/test/sofa_0760.ply,7,7,sofa,sofa,0.9354379177093506
combo_full,1,688,/home/nochi/NOCHI/M2_PAR/Apprenyissage_Pointcloud/Pointclouds-classification-with-the-POINTNET-Neural-network/PointNetLab/data/ModelNet10_PLY/sofa/test/sofa_0761.ply,7,7,sofa,sofa,0.9959520101547241
combo_full,1,689,/home/nochi/NOCHI/M2_PAR/Apprenyissage_Pointcloud/Pointclouds-classification-with-the-POINTNET-Neural-network/PointNetLab/data/ModelNet10_PLY/sofa/test/sofa_0762.ply,7,7,sofa,sofa,0.9857816100120544
combo_full,1,690,/home/nochi/NOCHI/M2_PAR/Apprenyissage_Pointcloud/Pointclouds-classification-with-the-POINTNET-Neural-network/PointNetLab/data/ModelNet10_PLY/sofa/test/sofa_0763.ply,7,7,sofa,sofa,0.9978777766227722
combo_full,1,691,/home/nochi/NOCHI/M2_PAR/Apprenyissage_Pointcloud/Pointclouds-classification-with-the-POINTNET-Neural-network/PointNetLab/data/ModelNet10_PLY/sofa/test/sofa_0764.ply,7,7,sofa,sofa,0.9910008907318115
combo_full,1,692,/home/nochi/NOCHI/M2_PAR/Apprenyissage_Pointcloud/Pointclouds-classification-with-the-POINTNET-Neural-network/PointNetLab/data/ModelNet10_PLY/sofa/test/sofa_0765.ply,7,7,sofa,sofa,0.9740844368934631
combo_full,1,693,/home/nochi/NOCHI/M2_PAR/Apprenyissage_Pointcloud/Pointclouds-classification-with-the-POINTNET-Neural-network/PointNetLab/data/ModelNet10_PLY/sofa/test/sofa_0766.ply,7,7,sofa,sofa,0.9966406226158142
combo_full,1,694,/home/nochi/NOCHI/M2_PAR/Apprenyissage_Pointcloud/Pointclouds-classification-with-the-POINTNET-Neural-network/PointNetLab/data/ModelNet10_PLY/sofa/test/sofa_0767.ply,7,7,sofa,sofa,0.9979858994483948
combo_full,1,695,/home/nochi/NOCHI/M2_PAR/Apprenyissage_Pointcloud/Pointclouds-classification-with-the-POINTNET-Neural-network/PointNetLab/data/ModelNet10_PLY/sofa/test/sofa_0768.ply,7,7,sofa,sofa,0.9967015385627747
combo_full,1,696,/home/nochi/NOCHI/M2_PAR/Apprenyissage_Pointcloud/Pointclouds-classification-with-the-POINTNET-Neural-network/PointNetLab/data/ModelNet10_PLY/sofa/test/sofa_0769.ply,7,7,sofa,sofa,0.9424077868461609
combo_full,1,697,/home/nochi/NOCHI/M2_PAR/Apprenyissage_Pointcloud/Pointclouds-classification-with-the-POINTNET-Neural-network/PointNetLab/data/ModelNet10_PLY/sofa/test/sofa_0770.ply,7,7,sofa,sofa,0.9942299127578735
combo_full,1,698,/home/nochi/NOCHI/M2_PAR/Apprenyissage_Pointcloud/Pointclouds-classification-with-the-POINTNET-Neural-network/PointNetLab/data/ModelNet10_PLY/sofa/test/sofa_0771.ply,7,7,sofa,sofa,0.9162956476211548
combo_full,1,699,/home/nochi/NOCHI/M2_PAR/Apprenyissage_Pointcloud/Pointclouds-classification-with-the-POINTNET-Neural-network/PointNetLab/data/ModelNet10_PLY/sofa/test/sofa_0772.ply,7,7,sofa,sofa,0.9944786429405212
combo_full,1,700,/home/nochi/NOCHI/M2_PAR/Apprenyissage_Pointcloud/Pointclouds-classification-with-the-POINTNET-Neural-network/PointNetLab/data/ModelNet10_PLY/sofa/test/sofa_0773.ply,7,7,sofa,sofa,0.9977329969406128
combo_full,1,701,/home/nochi/NOCHI/M2_PAR/Apprenyissage_Pointcloud/Pointclouds-classification-with-the-POINTNET-Neural-network/PointNetLab/data/ModelNet10_PLY/sofa/test/sofa_0774.ply,7,7,sofa,sofa,0.9872424006462097
combo_full,1,702,/home/nochi/NOCHI/M2_PAR/Apprenyissage_Pointcloud/Pointclouds-classification-with-the-POINTNET-Neural-network/PointNetLab/data/ModelNet10_PLY/sofa/test/sofa_0775.ply,7,7,sofa,sofa,0.9974175691604614
combo_full,1,703,/home/nochi/NOCHI/M2_PAR/Apprenyissage_Pointcloud/Pointclouds-classification-with-the-POINTNET-Neural-network/PointNetLab/data/ModelNet10_PLY/sofa/test/sofa_0776.ply,7,7,sofa,sofa,0.989855170249939
combo_full,1,704,/home/nochi/NOCHI/M2_PAR/Apprenyissage_Pointcloud/Pointclouds-classification-with-the-POINTNET-Neural-network/PointNetLab/data/ModelNet10_PLY/sofa/test/sofa_0777.ply,7,7,sofa,sofa,0.9511707425117493
combo_full,1,705,/home/nochi/NOCHI/M2_PAR/Apprenyissage_Pointcloud/Pointclouds-classification-with-the-POINTNET-Neural-network/PointNetLab/data/ModelNet10_PLY/sofa/test/sofa_0778.ply,7,7,sofa,sofa,0.9849387407302856
combo_full,1,706,/home/nochi/NOCHI/M2_PAR/Apprenyissage_Pointcloud/Pointclouds-classification-with-the-POINTNET-Neural-network/PointNetLab/data/ModelNet10_PLY/sofa/test/sofa_0779.ply,7,7,sofa,sofa,0.995028018951416
combo_full,1,707,/home/nochi/NOCHI/M2_PAR/Apprenyissage_Pointcloud/Pointclouds-classification-with-the-POINTNET-Neural-network/PointNetLab/data/ModelNet10_PLY/sofa/test/sofa_0780.ply,7,7,sofa,sofa,0.9647331237792969
combo_full,1,708,/home/nochi/NOCHI/M2_PAR/Apprenyissage_Pointcloud/Pointclouds-classification-with-the-POINTNET-Neural-network/PointNetLab/data/ModelNet10_PLY/table/test/table_0393.ply,8,8,table,table,0.591711699962616
combo_full,1,709,/home/nochi/NOCHI/M2_PAR/Apprenyissage_Pointcloud/Pointclouds-classification-with-the-POINTNET-Neural-network/PointNetLab/data/ModelNet10_PLY/table/test/table_0394.ply,8,8,table,table,0.9337643980979919
combo_full,1,710,/home/nochi/NOCHI/M2_PAR/Apprenyissage_Pointcloud/Pointclouds-classification-with-the-POINTNET-Neural-network/PointNetLab/data/ModelNet10_PLY/table/test/table_0395.ply,8,8,table,table,0.798608660697937
combo_full,1,711,/home/nochi/NOCHI/M2_PAR/Apprenyissage_Pointcloud/Pointclouds-classification-with-the-POINTNET-Neural-network/PointNetLab/data/ModelNet10_PLY/table/test/table_0396.ply,8,8,table,table,0.9627429246902466
combo_full,1,712,/home/nochi/NOCHI/M2_PAR/Apprenyissage_Pointcloud/Pointclouds-classification-with-the-POINTNET-Neural-network/PointNetLab/data/ModelNet10_PLY/table/test/table_0397.ply,8,8,table,table,0.924911379814148
combo_full,1,713,/home/nochi/NOCHI/M2_PAR/Apprenyissage_Pointcloud/Pointclouds-classification-with-the-POINTNET-Neural-network/PointNetLab/data/ModelNet10_PLY/table/test/table_0398.ply,8,8,table,table,0.8023572564125061
combo_full,1,714,/home/nochi/NOCHI/M2_PAR/Apprenyissage_Pointcloud/Pointclouds-classification-with-the-POINTNET-Neural-network/PointNetLab/data/ModelNet10_PLY/table/test/table_0399.ply,8,8,table,table,0.9562387466430664
combo_full,1,715,/home/nochi/NOCHI/M2_PAR/Apprenyissage_Pointcloud/Pointclouds-classification-with-the-POINTNET-Neural-network/PointNetLab/data/ModelNet10_PLY/table/test/table_0400.ply,8,8,table,table,0.8038195967674255
combo_full,1,716,/home/nochi/NOCHI/M2_PAR/Apprenyissage_Pointcloud/Pointclouds-classification-with-the-POINTNET-Neural-network/PointNetLab/data/ModelNet10_PLY/table/test/table_0401.ply,8,8,table,table,0.8335562944412231
combo_full,1,717,/home/nochi/NOCHI/M2_PAR/Apprenyissage_Pointcloud/Pointclouds-classification-with-the-POINTNET-Neural-network/PointNetLab/data/ModelNet10_PLY/table/test/table_0402.ply,8,8,table,table,0.9617878794670105
combo_full,1,718,/home/nochi/NOCHI/M2_PAR/Apprenyissage_Pointcloud/Pointclouds-classification-with-the-POINTNET-Neural-network/PointNetLab/data/ModelNet10_PLY/table/test/table_0403.ply,8,8,table,table,0.9529763460159302
combo_full,1,719,/home/nochi/NOCHI/M2_PAR/Apprenyissage_Pointcloud/Pointclouds-classification-with-the-POINTNET-Neural-network/PointNetLab/data/ModelNet10_PLY/table/test/table_0404.ply,8,8,table,table,0.9707751870155334
combo_full,1,720,/home/nochi/NOCHI/M2_PAR/Apprenyissage_Pointcloud/Pointclouds-classification-with-the-POINTNET-Neural-network/PointNetLab/data/ModelNet10_PLY/table/test/table_0405.ply,8,8,table,table,0.9856662154197693
combo_full,1,721,/home/nochi/NOCHI/M2_PAR/Apprenyissage_Pointcloud/Pointclouds-classification-with-the-POINTNET-Neural-network/PointNetLab/data/ModelNet10_PLY/table/test/table_0406.ply,8,8,table,table,0.993264377117157
combo_full,1,722,/home/nochi/NOCHI/M2_PAR/Apprenyissage_Pointcloud/Pointclouds-classification-with-the-POINTNET-Neural-network/PointNetLab/data/ModelNet10_PLY/table/test/table_0407.ply,8,8,table,table,0.8528953194618225
combo_full,1,723,/home/nochi/NOCHI/M2_PAR/Apprenyissage_Pointcloud/Pointclouds-classification-with-the-POINTNET-Neural-network/PointNetLab/data/ModelNet10_PLY/table/test/table_0408.ply,8,8,table,table,0.9488043785095215
combo_full,1,724,/home/nochi/NOCHI/M2_PAR/Apprenyissage_Pointcloud/Pointclouds-classification-with-the-POINTNET-Neural-network/PointNetLab/data/ModelNet10_PLY/table/test/table_0409.ply,8,8,table,table,0.8380656242370605
combo_full,1,725,/home/nochi/NOCHI/M2_PAR/Apprenyissage_Pointcloud/Pointclouds-classification-with-the-POINTNET-Neural-network/PointNetLab/data/ModelNet10_PLY/table/test/table_0410.ply,8,8,table,table,0.6091936230659485
combo_full,1,726,/home/nochi/NOCHI/M2_PAR/Apprenyissage_Pointcloud/Pointclouds-classification-with-the-POINTNET-Neural-network/PointNetLab/data/ModelNet10_PLY/table/test/table_0411.ply,8,8,table,table,0.5526807308197021
combo_full,1,727,/home/nochi/NOCHI/M2_PAR/Apprenyissage_Pointcloud/Pointclouds-classification-with-the-POINTNET-Neural-network/PointNetLab/data/ModelNet10_PLY/table/test/table_0412.ply,8,8,table,table,0.5279682278633118
combo_full,1,728,/home/nochi/NOCHI/M2_PAR/Apprenyissage_Pointcloud/Pointclouds-classification-with-the-POINTNET-Neural-network/PointNetLab/data/ModelNet10_PLY/table/test/table_0413.ply,8,8,table,table,0.9494369626045227
combo_full,1,729,/home/nochi/NOCHI/M2_PAR/Apprenyissage_Pointcloud/Pointclouds-classification-with-the-POINTNET-Neural-network/PointNetLab/data/ModelNet10_PLY/table/test/table_0414.ply,8,8,table,table,0.9504407048225403
combo_full,1,730,/home/nochi/NOCHI/M2_PAR/Apprenyissage_Pointcloud/Pointclouds-classification-with-the-POINTNET-Neural-network/PointNetLab/data/ModelNet10_PLY/table/test/table_0415.ply,8,8,table,table,0.691930890083313
combo_full,1,731,/home/nochi/NOCHI/M2_PAR/Apprenyissage_Pointcloud/Pointclouds-classification-with-the-POINTNET-Neural-network/PointNetLab/data/ModelNet10_PLY/table/test/table_0416.ply,8,8,table,table,0.9582217931747437
combo_full,1,732,/home/nochi/NOCHI/M2_PAR/Apprenyissage_Pointcloud/Pointclouds-classification-with-the-POINTNET-Neural-network/PointNetLab/data/ModelNet10_PLY/table/test/table_0417.ply,8,8,table,table,0.9040408730506897
combo_full,1,733,/home/nochi/NOCHI/M2_PAR/Apprenyissage_Pointcloud/Pointclouds-classification-with-the-POINTNET-Neural-network/PointNetLab/data/ModelNet10_PLY/table/test/table_0418.ply,8,8,table,table,0.7258246541023254
combo_full,1,734,/home/nochi/NOCHI/M2_PAR/Apprenyissage_Pointcloud/Pointclouds-classification-with-the-POINTNET-Neural-network/PointNetLab/data/ModelNet10_PLY/table/test/table_0419.ply,8,8,table,table,0.8047054409980774
combo_full,1,735,/home/nochi/NOCHI/M2_PAR/Apprenyissage_Pointcloud/Pointclouds-classification-with-the-POINTNET-Neural-network/PointNetLab/data/ModelNet10_PLY/table/test/table_0420.ply,8,8,table,table,0.8690840601921082
combo_full,1,736,/home/nochi/NOCHI/M2_PAR/Apprenyissage_Pointcloud/Pointclouds-classification-with-the-POINTNET-Neural-network/PointNetLab/data/ModelNet10_PLY/table/test/table_0421.ply,8,8,table,table,0.9588868618011475
combo_full,1,737,/home/nochi/NOCHI/M2_PAR/Apprenyissage_Pointcloud/Pointclouds-classification-with-the-POINTNET-Neural-network/PointNetLab/data/ModelNet10_PLY/table/test/table_0422.ply,8,8,table,table,0.8631783723831177
combo_full,1,738,/home/nochi/NOCHI/M2_PAR/Apprenyissage_Pointcloud/Pointclouds-classification-with-the-POINTNET-Neural-network/PointNetLab/data/ModelNet10_PLY/table/test/table_0423.ply,8,8,table,table,0.6648743152618408
combo_full,1,739,/home/nochi/NOCHI/M2_PAR/Apprenyissage_Pointcloud/Pointclouds-classification-with-the-POINTNET-Neural-network/PointNetLab/data/ModelNet10_PLY/table/test/table_0424.ply,8,8,table,table,0.880759596824646
combo_full,1,740,/home/nochi/NOCHI/M2_PAR/Apprenyissage_Pointcloud/Pointclouds-classification-with-the-POINTNET-Neural-network/PointNetLab/data/ModelNet10_PLY/table/test/table_0425.ply,8,8,table,table,0.9709909558296204
combo_full,1,741,/home/nochi/NOCHI/M2_PAR/Apprenyissage_Pointcloud/Pointclouds-classification-with-the-POINTNET-Neural-network/PointNetLab/data/ModelNet10_PLY/table/test/table_0426.ply,8,8,table,table,0.9518370032310486
combo_full,1,742,/home/nochi/NOCHI/M2_PAR/Apprenyissage_Pointcloud/Pointclouds-classification-with-the-POINTNET-Neural-network/PointNetLab/data/ModelNet10_PLY/table/test/table_0427.ply,8,8,table,table,0.9048604369163513
combo_full,1,743,/home/nochi/NOCHI/M2_PAR/Apprenyissage_Pointcloud/Pointclouds-classification-with-the-POINTNET-Neural-network/PointNetLab/data/ModelNet10_PLY/table/test/table_0428.ply,8,8,table,table,0.9328555464744568
combo_full,1,744,/home/nochi/NOCHI/M2_PAR/Apprenyissage_Pointcloud/Pointclouds-classification-with-the-POINTNET-Neural-network/PointNetLab/data/ModelNet10_PLY/table/test/table_0429.ply,8,8,table,table,0.7220451235771179
combo_full,1,745,/home/nochi/NOCHI/M2_PAR/Apprenyissage_Pointcloud/Pointclouds-classification-with-the-POINTNET-Neural-network/PointNetLab/data/ModelNet10_PLY/table/test/table_0430.ply,8,8,table,table,0.9593652486801147
combo_full,1,746,/home/nochi/NOCHI/M2_PAR/Apprenyissage_Pointcloud/Pointclouds-classification-with-the-POINTNET-Neural-network/PointNetLab/data/ModelNet10_PLY/table/test/table_0431.ply,8,8,table,table,0.976743221282959
combo_full,1,747,/home/nochi/NOCHI/M2_PAR/Apprenyissage_Pointcloud/Pointclouds-classification-with-the-POINTNET-Neural-network/PointNetLab/data/ModelNet10_PLY/table/test/table_0432.ply,8,8,table,table,0.9368531107902527
combo_full,1,748,/home/nochi/NOCHI/M2_PAR/Apprenyissage_Pointcloud/Pointclouds-classification-with-the-POINTNET-Neural-network/PointNetLab/data/ModelNet10_PLY/table/test/table_0433.ply,8,8,table,table,0.9615100026130676
combo_full,1,749,/home/nochi/NOCHI/M2_PAR/Apprenyissage_Pointcloud/Pointclouds-classification-with-the-POINTNET-Neural-network/PointNetLab/data/ModelNet10_PLY/table/test/table_0434.ply,8,8,table,table,0.958349347114563
combo_full,1,750,/home/nochi/NOCHI/M2_PAR/Apprenyissage_Pointcloud/Pointclouds-classification-with-the-POINTNET-Neural-network/PointNetLab/data/ModelNet10_PLY/table/test/table_0435.ply,8,8,table,table,0.7573103308677673
combo_full,1,751,/home/nochi/NOCHI/M2_PAR/Apprenyissage_Pointcloud/Pointclouds-classification-with-the-POINTNET-Neural-network/PointNetLab/data/ModelNet10_PLY/table/test/table_0436.ply,8,8,table,table,0.7343940138816833
combo_full,1,752,/home/nochi/NOCHI/M2_PAR/Apprenyissage_Pointcloud/Pointclouds-classification-with-the-POINTNET-Neural-network/PointNetLab/data/ModelNet10_PLY/table/test/table_0437.ply,8,8,table,table,0.9931180477142334
combo_full,1,753,/home/nochi/NOCHI/M2_PAR/Apprenyissage_Pointcloud/Pointclouds-classification-with-the-POINTNET-Neural-network/PointNetLab/data/ModelNet10_PLY/table/test/table_0438.ply,8,8,table,table,0.9423261284828186
combo_full,1,754,/home/nochi/NOCHI/M2_PAR/Apprenyissage_Pointcloud/Pointclouds-classification-with-the-POINTNET-Neural-network/PointNetLab/data/ModelNet10_PLY/table/test/table_0439.ply,8,8,table,table,0.9302941560745239
combo_full,1,755,/home/nochi/NOCHI/M2_PAR/Apprenyissage_Pointcloud/Pointclouds-classification-with-the-POINTNET-Neural-network/PointNetLab/data/ModelNet10_PLY/table/test/table_0440.ply,8,8,table,table,0.8315881490707397
combo_full,1,756,/home/nochi/NOCHI/M2_PAR/Apprenyissage_Pointcloud/Pointclouds-classification-with-the-POINTNET-Neural-network/PointNetLab/data/ModelNet10_PLY/table/test/table_0441.ply,8,8,table,table,0.9364926815032959
combo_full,1,757,/home/nochi/NOCHI/M2_PAR/Apprenyissage_Pointcloud/Pointclouds-classification-with-the-POINTNET-Neural-network/PointNetLab/data/ModelNet10_PLY/table/test/table_0442.ply,8,8,table,table,0.9624760150909424
combo_full,1,758,/home/nochi/NOCHI/M2_PAR/Apprenyissage_Pointcloud/Pointclouds-classification-with-the-POINTNET-Neural-network/PointNetLab/data/ModelNet10_PLY/table/test/table_0443.ply,8,8,table,table,0.8720088601112366
combo_full,1,759,/home/nochi/NOCHI/M2_PAR/Apprenyissage_Pointcloud/Pointclouds-classification-with-the-POINTNET-Neural-network/PointNetLab/data/ModelNet10_PLY/table/test/table_0444.ply,8,8,table,table,0.5472371578216553
combo_full,1,760,/home/nochi/NOCHI/M2_PAR/Apprenyissage_Pointcloud/Pointclouds-classification-with-the-POINTNET-Neural-network/PointNetLab/data/ModelNet10_PLY/table/test/table_0445.ply,8,8,table,table,0.7371211647987366
combo_full,1,761,/home/nochi/NOCHI/M2_PAR/Apprenyissage_Pointcloud/Pointclouds-classification-with-the-POINTNET-Neural-network/PointNetLab/data/ModelNet10_PLY/table/test/table_0446.ply,8,8,table,table,0.9451043605804443
combo_full,1,762,/home/nochi/NOCHI/M2_PAR/Apprenyissage_Pointcloud/Pointclouds-classification-with-the-POINTNET-Neural-network/PointNetLab/data/ModelNet10_PLY/table/test/table_0447.ply,8,8,table,table,0.9214519262313843
combo_full,1,763,/home/nochi/NOCHI/M2_PAR/Apprenyissage_Pointcloud/Pointclouds-classification-with-the-POINTNET-Neural-network/PointNetLab/data/ModelNet10_PLY/table/test/table_0448.ply,8,8,table,table,0.9492613673210144
combo_full,1,764,/home/nochi/NOCHI/M2_PAR/Apprenyissage_Pointcloud/Pointclouds-classification-with-the-POINTNET-Neural-network/PointNetLab/data/ModelNet10_PLY/table/test/table_0449.ply,8,8,table,table,0.9326233267784119
combo_full,1,765,/home/nochi/NOCHI/M2_PAR/Apprenyissage_Pointcloud/Pointclouds-classification-with-the-POINTNET-Neural-network/PointNetLab/data/ModelNet10_PLY/table/test/table_0450.ply,8,6,table,night_stand,0.4823528230190277
combo_full,1,766,/home/nochi/NOCHI/M2_PAR/Apprenyissage_Pointcloud/Pointclouds-classification-with-the-POINTNET-Neural-network/PointNetLab/data/ModelNet10_PLY/table/test/table_0451.ply,8,8,table,table,0.872818112373352
combo_full,1,767,/home/nochi/NOCHI/M2_PAR/Apprenyissage_Pointcloud/Pointclouds-classification-with-the-POINTNET-Neural-network/PointNetLab/data/ModelNet10_PLY/table/test/table_0452.ply,8,8,table,table,0.9035980105400085
combo_full,1,768,/home/nochi/NOCHI/M2_PAR/Apprenyissage_Pointcloud/Pointclouds-classification-with-the-POINTNET-Neural-network/PointNetLab/data/ModelNet10_PLY/table/test/table_0453.ply,8,8,table,table,0.9819574952125549
combo_full,1,769,/home/nochi/NOCHI/M2_PAR/Apprenyissage_Pointcloud/Pointclouds-classification-with-the-POINTNET-Neural-network/PointNetLab/data/ModelNet10_PLY/table/test/table_0454.ply,8,8,table,table,0.9428300261497498
combo_full,1,770,/home/nochi/NOCHI/M2_PAR/Apprenyissage_Pointcloud/Pointclouds-classification-with-the-POINTNET-Neural-network/PointNetLab/data/ModelNet10_PLY/table/test/table_0455.ply,8,8,table,table,0.9319737553596497
combo_full,1,771,/home/nochi/NOCHI/M2_PAR/Apprenyissage_Pointcloud/Pointclouds-classification-with-the-POINTNET-Neural-network/PointNetLab/data/ModelNet10_PLY/table/test/table_0456.ply,8,8,table,table,0.9203616380691528
combo_full,1,772,/home/nochi/NOCHI/M2_PAR/Apprenyissage_Pointcloud/Pointclouds-classification-with-the-POINTNET-Neural-network/PointNetLab/data/ModelNet10_PLY/table/test/table_0457.ply,8,8,table,table,0.967673659324646
combo_full,1,773,/home/nochi/NOCHI/M2_PAR/Apprenyissage_Pointcloud/Pointclouds-classification-with-the-POINTNET-Neural-network/PointNetLab/data/ModelNet10_PLY/table/test/table_0458.ply,8,8,table,table,0.9417461156845093
combo_full,1,774,/home/nochi/NOCHI/M2_PAR/Apprenyissage_Pointcloud/Pointclouds-classification-with-the-POINTNET-Neural-network/PointNetLab/data/ModelNet10_PLY/table/test/table_0459.ply,8,8,table,table,0.8172433972358704
combo_full,1,775,/home/nochi/NOCHI/M2_PAR/Apprenyissage_Pointcloud/Pointclouds-classification-with-the-POINTNET-Neural-network/PointNetLab/data/ModelNet10_PLY/table/test/table_0460.ply,8,8,table,table,0.8334227204322815
combo_full,1,776,/home/nochi/NOCHI/M2_PAR/Apprenyissage_Pointcloud/Pointclouds-classification-with-the-POINTNET-Neural-network/PointNetLab/data/ModelNet10_PLY/table/test/table_0461.ply,8,8,table,table,0.7135919332504272
combo_full,1,777,/home/nochi/NOCHI/M2_PAR/Apprenyissage_Pointcloud/Pointclouds-classification-with-the-POINTNET-Neural-network/PointNetLab/data/ModelNet10_PLY/table/test/table_0462.ply,8,8,table,table,0.984637975692749
combo_full,1,778,/home/nochi/NOCHI/M2_PAR/Apprenyissage_Pointcloud/Pointclouds-classification-with-the-POINTNET-Neural-network/PointNetLab/data/ModelNet10_PLY/table/test/table_0463.ply,8,8,table,table,0.9563283324241638
combo_full,1,779,/home/nochi/NOCHI/M2_PAR/Apprenyissage_Pointcloud/Pointclouds-classification-with-the-POINTNET-Neural-network/PointNetLab/data/ModelNet10_PLY/table/test/table_0464.ply,8,8,table,table,0.9012296199798584
combo_full,1,780,/home/nochi/NOCHI/M2_PAR/Apprenyissage_Pointcloud/Pointclouds-classification-with-the-POINTNET-Neural-network/PointNetLab/data/ModelNet10_PLY/table/test/table_0465.ply,8,8,table,table,0.8679087162017822
combo_full,1,781,/home/nochi/NOCHI/M2_PAR/Apprenyissage_Pointcloud/Pointclouds-classification-with-the-POINTNET-Neural-network/PointNetLab/data/ModelNet10_PLY/table/test/table_0466.ply,8,8,table,table,0.9797008037567139
combo_full,1,782,/home/nochi/NOCHI/M2_PAR/Apprenyissage_Pointcloud/Pointclouds-classification-with-the-POINTNET-Neural-network/PointNetLab/data/ModelNet10_PLY/table/test/table_0467.ply,8,8,table,table,0.7383131980895996
combo_full,1,783,/home/nochi/NOCHI/M2_PAR/Apprenyissage_Pointcloud/Pointclouds-classification-with-the-POINTNET-Neural-network/PointNetLab/data/ModelNet10_PLY/table/test/table_0468.ply,8,8,table,table,0.9587047696113586
combo_full,1,784,/home/nochi/NOCHI/M2_PAR/Apprenyissage_Pointcloud/Pointclouds-classification-with-the-POINTNET-Neural-network/PointNetLab/data/ModelNet10_PLY/table/test/table_0469.ply,8,8,table,table,0.49574798345565796
combo_full,1,785,/home/nochi/NOCHI/M2_PAR/Apprenyissage_Pointcloud/Pointclouds-classification-with-the-POINTNET-Neural-network/PointNetLab/data/ModelNet10_PLY/table/test/table_0470.ply,8,8,table,table,0.7774388790130615
combo_full,1,786,/home/nochi/NOCHI/M2_PAR/Apprenyissage_Pointcloud/Pointclouds-classification-with-the-POINTNET-Neural-network/PointNetLab/data/ModelNet10_PLY/table/test/table_0471.ply,8,8,table,table,0.9240177273750305
combo_full,1,787,/home/nochi/NOCHI/M2_PAR/Apprenyissage_Pointcloud/Pointclouds-classification-with-the-POINTNET-Neural-network/PointNetLab/data/ModelNet10_PLY/table/test/table_0472.ply,8,8,table,table,0.979103147983551
combo_full,1,788,/home/nochi/NOCHI/M2_PAR/Apprenyissage_Pointcloud/Pointclouds-classification-with-the-POINTNET-Neural-network/PointNetLab/data/ModelNet10_PLY/table/test/table_0473.ply,8,8,table,table,0.8462814688682556
combo_full,1,789,/home/nochi/NOCHI/M2_PAR/Apprenyissage_Pointcloud/Pointclouds-classification-with-the-POINTNET-Neural-network/PointNetLab/data/ModelNet10_PLY/table/test/table_0474.ply,8,8,table,table,0.7288381457328796
combo_full,1,790,/home/nochi/NOCHI/M2_PAR/Apprenyissage_Pointcloud/Pointclouds-classification-with-the-POINTNET-Neural-network/PointNetLab/data/ModelNet10_PLY/table/test/table_0475.ply,8,8,table,table,0.9083595871925354
combo_full,1,791,/home/nochi/NOCHI/M2_PAR/Apprenyissage_Pointcloud/Pointclouds-classification-with-the-POINTNET-Neural-network/PointNetLab/data/ModelNet10_PLY/table/test/table_0476.ply,8,8,table,table,0.967936098575592
combo_full,1,792,/home/nochi/NOCHI/M2_PAR/Apprenyissage_Pointcloud/Pointclouds-classification-with-the-POINTNET-Neural-network/PointNetLab/data/ModelNet10_PLY/table/test/table_0477.ply,8,8,table,table,0.8515481948852539
combo_full,1,793,/home/nochi/NOCHI/M2_PAR/Apprenyissage_Pointcloud/Pointclouds-classification-with-the-POINTNET-Neural-network/PointNetLab/data/ModelNet10_PLY/table/test/table_0478.ply,8,8,table,table,0.9012713432312012
combo_full,1,794,/home/nochi/NOCHI/M2_PAR/Apprenyissage_Pointcloud/Pointclouds-classification-with-the-POINTNET-Neural-network/PointNetLab/data/ModelNet10_PLY/table/test/table_0479.ply,8,8,table,table,0.9307777881622314
combo_full,1,795,/home/nochi/NOCHI/M2_PAR/Apprenyissage_Pointcloud/Pointclouds-classification-with-the-POINTNET-Neural-network/PointNetLab/data/ModelNet10_PLY/table/test/table_0480.ply,8,8,table,table,0.8776505589485168
combo_full,1,796,/home/nochi/NOCHI/M2_PAR/Apprenyissage_Pointcloud/Pointclouds-classification-with-the-POINTNET-Neural-network/PointNetLab/data/ModelNet10_PLY/table/test/table_0481.ply,8,8,table,table,0.49634820222854614
combo_full,1,797,/home/nochi/NOCHI/M2_PAR/Apprenyissage_Pointcloud/Pointclouds-classification-with-the-POINTNET-Neural-network/PointNetLab/data/ModelNet10_PLY/table/test/table_0482.ply,8,8,table,table,0.9599913954734802
combo_full,1,798,/home/nochi/NOCHI/M2_PAR/Apprenyissage_Pointcloud/Pointclouds-classification-with-the-POINTNET-Neural-network/PointNetLab/data/ModelNet10_PLY/table/test/table_0483.ply,8,8,table,table,0.8613811731338501
combo_full,1,799,/home/nochi/NOCHI/M2_PAR/Apprenyissage_Pointcloud/Pointclouds-classification-with-the-POINTNET-Neural-network/PointNetLab/data/ModelNet10_PLY/table/test/table_0484.ply,8,8,table,table,0.8223931789398193
combo_full,1,800,/home/nochi/NOCHI/M2_PAR/Apprenyissage_Pointcloud/Pointclouds-classification-with-the-POINTNET-Neural-network/PointNetLab/data/ModelNet10_PLY/table/test/table_0485.ply,8,8,table,table,0.931696355342865
combo_full,1,801,/home/nochi/NOCHI/M2_PAR/Apprenyissage_Pointcloud/Pointclouds-classification-with-the-POINTNET-Neural-network/PointNetLab/data/ModelNet10_PLY/table/test/table_0486.ply,8,8,table,table,0.903683066368103
combo_full,1,802,/home/nochi/NOCHI/M2_PAR/Apprenyissage_Pointcloud/Pointclouds-classification-with-the-POINTNET-Neural-network/PointNetLab/data/ModelNet10_PLY/table/test/table_0487.ply,8,8,table,table,0.9635768532752991
combo_full,1,803,/home/nochi/NOCHI/M2_PAR/Apprenyissage_Pointcloud/Pointclouds-classification-with-the-POINTNET-Neural-network/PointNetLab/data/ModelNet10_PLY/table/test/table_0488.ply,8,8,table,table,0.979767918586731
combo_full,1,804,/home/nochi/NOCHI/M2_PAR/Apprenyissage_Pointcloud/Pointclouds-classification-with-the-POINTNET-Neural-network/PointNetLab/data/ModelNet10_PLY/table/test/table_0489.ply,8,8,table,table,0.9091176390647888
combo_full,1,805,/home/nochi/NOCHI/M2_PAR/Apprenyissage_Pointcloud/Pointclouds-classification-with-the-POINTNET-Neural-network/PointNetLab/data/ModelNet10_PLY/table/test/table_0490.ply,8,8,table,table,0.7791262269020081
combo_full,1,806,/home/nochi/NOCHI/M2_PAR/Apprenyissage_Pointcloud/Pointclouds-classification-with-the-POINTNET-Neural-network/PointNetLab/data/ModelNet10_PLY/table/test/table_0491.ply,8,8,table,table,0.607053816318512
combo_full,1,807,/home/nochi/NOCHI/M2_PAR/Apprenyissage_Pointcloud/Pointclouds-classification-with-the-POINTNET-Neural-network/PointNetLab/data/ModelNet10_PLY/table/test/table_0492.ply,8,8,table,table,0.9212284684181213
combo_full,1,808,/home/nochi/NOCHI/M2_PAR/Apprenyissage_Pointcloud/Pointclouds-classification-with-the-POINTNET-Neural-network/PointNetLab/data/ModelNet10_PLY/toilet/test/toilet_0345.ply,9,9,toilet,toilet,0.6460265517234802
combo_full,1,809,/home/nochi/NOCHI/M2_PAR/Apprenyissage_Pointcloud/Pointclouds-classification-with-the-POINTNET-Neural-network/PointNetLab/data/ModelNet10_PLY/toilet/test/toilet_0346.ply,9,9,toilet,toilet,0.9169824719429016
combo_full,1,810,/home/nochi/NOCHI/M2_PAR/Apprenyissage_Pointcloud/Pointclouds-classification-with-the-POINTNET-Neural-network/PointNetLab/data/ModelNet10_PLY/toilet/test/toilet_0347.ply,9,1,toilet,bed,0.6734254360198975
combo_full,1,811,/home/nochi/NOCHI/M2_PAR/Apprenyissage_Pointcloud/Pointclouds-classification-with-the-POINTNET-Neural-network/PointNetLab/data/ModelNet10_PLY/toilet/test/toilet_0348.ply,9,9,toilet,toilet,0.9998912811279297
combo_full,1,812,/home/nochi/NOCHI/M2_PAR/Apprenyissage_Pointcloud/Pointclouds-classification-with-the-POINTNET-Neural-network/PointNetLab/data/ModelNet10_PLY/toilet/test/toilet_0349.ply,9,9,toilet,toilet,0.9994529485702515
combo_full,1,813,/home/nochi/NOCHI/M2_PAR/Apprenyissage_Pointcloud/Pointclouds-classification-with-the-POINTNET-Neural-network/PointNetLab/data/ModelNet10_PLY/toilet/test/toilet_0350.ply,9,9,toilet,toilet,0.996513843536377
combo_full,1,814,/home/nochi/NOCHI/M2_PAR/Apprenyissage_Pointcloud/Pointclouds-classification-with-the-POINTNET-Neural-network/PointNetLab/data/ModelNet10_PLY/toilet/test/toilet_0351.ply,9,2,toilet,chair,0.6263322830200195
combo_full,1,815,/home/nochi/NOCHI/M2_PAR/Apprenyissage_Pointcloud/Pointclouds-classification-with-the-POINTNET-Neural-network/PointNetLab/data/ModelNet10_PLY/toilet/test/toilet_0352.ply,9,9,toilet,toilet,0.9997103214263916
combo_full,1,816,/home/nochi/NOCHI/M2_PAR/Apprenyissage_Pointcloud/Pointclouds-classification-with-the-POINTNET-Neural-network/PointNetLab/data/ModelNet10_PLY/toilet/test/toilet_0353.ply,9,6,toilet,night_stand,0.4427433907985687
combo_full,1,817,/home/nochi/NOCHI/M2_PAR/Apprenyissage_Pointcloud/Pointclouds-classification-with-the-POINTNET-Neural-network/PointNetLab/data/ModelNet10_PLY/toilet/test/toilet_0354.ply,9,2,toilet,chair,0.8312035202980042
combo_full,1,818,/home/nochi/NOCHI/M2_PAR/Apprenyissage_Pointcloud/Pointclouds-classification-with-the-POINTNET-Neural-network/PointNetLab/data/ModelNet10_PLY/toilet/test/toilet_0355.ply,9,9,toilet,toilet,0.9939697980880737
combo_full,1,819,/home/nochi/NOCHI/M2_PAR/Apprenyissage_Pointcloud/Pointclouds-classification-with-the-POINTNET-Neural-network/PointNetLab/data/ModelNet10_PLY/toilet/test/toilet_0356.ply,9,9,toilet,toilet,0.9876746535301208
combo_full,1,820,/home/nochi/NOCHI/M2_PAR/Apprenyissage_Pointcloud/Pointclouds-classification-with-the-POINTNET-Neural-network/PointNetLab/data/ModelNet10_PLY/toilet/test/toilet_0357.ply,9,9,toilet,toilet,0.8405605554580688
combo_full,1,821,/home/nochi/NOCHI/M2_PAR/Apprenyissage_Pointcloud/Pointclouds-classification-with-the-POINTNET-Neural-network/PointNetLab/data/ModelNet10_PLY/toilet/test/toilet_0358.ply,9,9,toilet,toilet,0.9778152704238892
combo_full,1,822,/home/nochi/NOCHI/M2_PAR/Apprenyissage_Pointcloud/Pointclouds-classification-with-the-POINTNET-Neural-network/PointNetLab/data/ModelNet10_PLY/toilet/test/toilet_0359.ply,9,9,toilet,toilet,0.9996761083602905
combo_full,1,823,/home/nochi/NOCHI/M2_PAR/Apprenyissage_Pointcloud/Pointclouds-classification-with-the-POINTNET-Neural-network/PointNetLab/data/ModelNet10_PLY/toilet/test/toilet_0360.ply,9,9,toilet,toilet,0.9672226905822754
combo_full,1,824,/home/nochi/NOCHI/M2_PAR/Apprenyissage_Pointcloud/Pointclouds-classification-with-the-POINTNET-Neural-network/PointNetLab/data/ModelNet10_PLY/toilet/test/toilet_0361.ply,9,9,toilet,toilet,0.9995262026786804
combo_full,1,825,/home/nochi/NOCHI/M2_PAR/Apprenyissage_Pointcloud/Pointclouds-classification-with-the-POINTNET-Neural-network/PointNetLab/data/ModelNet10_PLY/toilet/test/toilet_0362.ply,9,9,toilet,toilet,0.9975515604019165
combo_full,1,826,/home/nochi/NOCHI/M2_PAR/Apprenyissage_Pointcloud/Pointclouds-classification-with-the-POINTNET-Neural-network/PointNetLab/data/ModelNet10_PLY/toilet/test/toilet_0363.ply,9,9,toilet,toilet,0.9983077049255371
combo_full,1,827,/home/nochi/NOCHI/M2_PAR/Apprenyissage_Pointcloud/Pointclouds-classification-with-the-POINTNET-Neural-network/PointNetLab/data/ModelNet10_PLY/toilet/test/toilet_0364.ply,9,9,toilet,toilet,0.7985773682594299
combo_full,1,828,/home/nochi/NOCHI/M2_PAR/Apprenyissage_Pointcloud/Pointclouds-classification-with-the-POINTNET-Neural-network/PointNetLab/data/ModelNet10_PLY/toilet/test/toilet_0365.ply,9,9,toilet,toilet,0.9964209794998169
combo_full,1,829,/home/nochi/NOCHI/M2_PAR/Apprenyissage_Pointcloud/Pointclouds-classification-with-the-POINTNET-Neural-network/PointNetLab/data/ModelNet10_PLY/toilet/test/toilet_0366.ply,9,9,toilet,toilet,0.9995311498641968
combo_full,1,830,/home/nochi/NOCHI/M2_PAR/Apprenyissage_Pointcloud/Pointclouds-classification-with-the-POINTNET-Neural-network/PointNetLab/data/ModelNet10_PLY/toilet/test/toilet_0367.ply,9,9,toilet,toilet,0.9985656142234802
combo_full,1,831,/home/nochi/NOCHI/M2_PAR/Apprenyissage_Pointcloud/Pointclouds-classification-with-the-POINTNET-Neural-network/PointNetLab/data/ModelNet10_PLY/toilet/test/toilet_0368.ply,9,9,toilet,toilet,0.9994529485702515
combo_full,1,832,/home/nochi/NOCHI/M2_PAR/Apprenyissage_Pointcloud/Pointclouds-classification-with-the-POINTNET-Neural-network/PointNetLab/data/ModelNet10_PLY/toilet/test/toilet_0369.ply,9,9,toilet,toilet,0.999454915523529
combo_full,1,833,/home/nochi/NOCHI/M2_PAR/Apprenyissage_Pointcloud/Pointclouds-classification-with-the-POINTNET-Neural-network/PointNetLab/data/ModelNet10_PLY/toilet/test/toilet_0370.ply,9,9,toilet,toilet,0.999672532081604
combo_full,1,834,/home/nochi/NOCHI/M2_PAR/Apprenyissage_Pointcloud/Pointclouds-classification-with-the-POINTNET-Neural-network/PointNetLab/data/ModelNet10_PLY/toilet/test/toilet_0371.ply,9,9,toilet,toilet,0.931300699710846
combo_full,1,835,/home/nochi/NOCHI/M2_PAR/Apprenyissage_Pointcloud/Pointclouds-classification-with-the-POINTNET-Neural-network/PointNetLab/data/ModelNet10_PLY/toilet/test/toilet_0372.ply,9,9,toilet,toilet,0.8016735911369324
combo_full,1,836,/home/nochi/NOCHI/M2_PAR/Apprenyissage_Pointcloud/Pointclouds-classification-with-the-POINTNET-Neural-network/PointNetLab/data/ModelNet10_PLY/toilet/test/toilet_0373.ply,9,0,toilet,bathtub,0.9144738912582397
combo_full,1,837,/home/nochi/NOCHI/M2_PAR/Apprenyissage_Pointcloud/Pointclouds-classification-with-the-POINTNET-Neural-network/PointNetLab/data/ModelNet10_PLY/toilet/test/toilet_0374.ply,9,9,toilet,toilet,0.9993197917938232
combo_full,1,838,/home/nochi/NOCHI/M2_PAR/Apprenyissage_Pointcloud/Pointclouds-classification-with-the-POINTNET-Neural-network/PointNetLab/data/ModelNet10_PLY/toilet/test/toilet_0375.ply,9,6,toilet,night_stand,0.45705342292785645
combo_full,1,839,/home/nochi/NOCHI/M2_PAR/Apprenyissage_Pointcloud/Pointclouds-classification-with-the-POINTNET-Neural-network/PointNetLab/data/ModelNet10_PLY/toilet/test/toilet_0376.ply,9,9,toilet,toilet,0.9993565678596497
combo_full,1,840,/home/nochi/NOCHI/M2_PAR/Apprenyissage_Pointcloud/Pointclouds-classification-with-the-POINTNET-Neural-network/PointNetLab/data/ModelNet10_PLY/toilet/test/toilet_0377.ply,9,9,toilet,toilet,0.9990758299827576
combo_full,1,841,/home/nochi/NOCHI/M2_PAR/Apprenyissage_Pointcloud/Pointclouds-classification-with-the-POINTNET-Neural-network/PointNetLab/data/ModelNet10_PLY/toilet/test/toilet_0378.ply,9,9,toilet,toilet,0.9994319677352905
combo_full,1,842,/home/nochi/NOCHI/M2_PAR/Apprenyissage_Pointcloud/Pointclouds-classification-with-the-POINTNET-Neural-network/PointNetLab/data/ModelNet10_PLY/toilet/test/toilet_0379.ply,9,9,toilet,toilet,0.9995814561843872
combo_full,1,843,/home/nochi/NOCHI/M2_PAR/Apprenyissage_Pointcloud/Pointclouds-classification-with-the-POINTNET-Neural-network/PointNetLab/data/ModelNet10_PLY/toilet/test/toilet_0380.ply,9,9,toilet,toilet,0.9897626042366028
combo_full,1,844,/home/nochi/NOCHI/M2_PAR/Apprenyissage_Pointcloud/Pointclouds-classification-with-the-POINTNET-Neural-network/PointNetLab/data/ModelNet10_PLY/toilet/test/toilet_0381.ply,9,9,toilet,toilet,0.9932574033737183
combo_full,1,845,/home/nochi/NOCHI/M2_PAR/Apprenyissage_Pointcloud/Pointclouds-classification-with-the-POINTNET-Neural-network/PointNetLab/data/ModelNet10_PLY/toilet/test/toilet_0382.ply,9,9,toilet,toilet,0.9931011199951172
combo_full,1,846,/home/nochi/NOCHI/M2_PAR/Apprenyissage_Pointcloud/Pointclouds-classification-with-the-POINTNET-Neural-network/PointNetLab/data/ModelNet10_PLY/toilet/test/toilet_0383.ply,9,9,toilet,toilet,0.9939863085746765
combo_full,1,847,/home/nochi/NOCHI/M2_PAR/Apprenyissage_Pointcloud/Pointclouds-classification-with-the-POINTNET-Neural-network/PointNetLab/data/ModelNet10_PLY/toilet/test/toilet_0384.ply,9,9,toilet,toilet,0.6683173179626465
combo_full,1,848,/home/nochi/NOCHI/M2_PAR/Apprenyissage_Pointcloud/Pointclouds-classification-with-the-POINTNET-Neural-network/PointNetLab/data/ModelNet10_PLY/toilet/test/toilet_0385.ply,9,9,toilet,toilet,0.998667299747467
combo_full,1,849,/home/nochi/NOCHI/M2_PAR/Apprenyissage_Pointcloud/Pointclouds-classification-with-the-POINTNET-Neural-network/PointNetLab/data/ModelNet10_PLY/toilet/test/toilet_0386.ply,9,9,toilet,toilet,0.9992855191230774
combo_full,1,850,/home/nochi/NOCHI/M2_PAR/Apprenyissage_Pointcloud/Pointclouds-classification-with-the-POINTNET-Neural-network/PointNetLab/data/ModelNet10_PLY/toilet/test/toilet_0387.ply,9,9,toilet,toilet,0.9993672370910645
combo_full,1,851,/home/nochi/NOCHI/M2_PAR/Apprenyissage_Pointcloud/Pointclouds-classification-with-the-POINTNET-Neural-network/PointNetLab/data/ModelNet10_PLY/toilet/test/toilet_0388.ply,9,9,toilet,toilet,0.9994010925292969
combo_full,1,852,/home/nochi/NOCHI/M2_PAR/Apprenyissage_Pointcloud/Pointclouds-classification-with-the-POINTNET-Neural-network/PointNetLab/data/ModelNet10_PLY/toilet/test/toilet_0389.ply,9,9,toilet,toilet,0.8122648596763611
combo_full,1,853,/home/nochi/NOCHI/M2_PAR/Apprenyissage_Pointcloud/Pointclouds-classification-with-the-POINTNET-Neural-network/PointNetLab/data/ModelNet10_PLY/toilet/test/toilet_0390.ply,9,9,toilet,toilet,0.5893278121948242
combo_full,1,854,/home/nochi/NOCHI/M2_PAR/Apprenyissage_Pointcloud/Pointclouds-classification-with-the-POINTNET-Neural-network/PointNetLab/data/ModelNet10_PLY/toilet/test/toilet_0391.ply,9,9,toilet,toilet,0.9895281791687012
combo_full,1,855,/home/nochi/NOCHI/M2_PAR/Apprenyissage_Pointcloud/Pointclouds-classification-with-the-POINTNET-Neural-network/PointNetLab/data/ModelNet10_PLY/toilet/test/toilet_0392.ply,9,9,toilet,toilet,0.972063422203064
combo_full,1,856,/home/nochi/NOCHI/M2_PAR/Apprenyissage_Pointcloud/Pointclouds-classification-with-the-POINTNET-Neural-network/PointNetLab/data/ModelNet10_PLY/toilet/test/toilet_0393.ply,9,9,toilet,toilet,0.7953288555145264
combo_full,1,857,/home/nochi/NOCHI/M2_PAR/Apprenyissage_Pointcloud/Pointclouds-classification-with-the-POINTNET-Neural-network/PointNetLab/data/ModelNet10_PLY/toilet/test/toilet_0394.ply,9,9,toilet,toilet,0.9996823072433472
combo_full,1,858,/home/nochi/NOCHI/M2_PAR/Apprenyissage_Pointcloud/Pointclouds-classification-with-the-POINTNET-Neural-network/PointNetLab/data/ModelNet10_PLY/toilet/test/toilet_0395.ply,9,9,toilet,toilet,0.6002626419067383
combo_full,1,859,/home/nochi/NOCHI/M2_PAR/Apprenyissage_Pointcloud/Pointclouds-classification-with-the-POINTNET-Neural-network/PointNetLab/data/ModelNet10_PLY/toilet/test/toilet_0396.ply,9,9,toilet,toilet,0.9997125267982483
combo_full,1,860,/home/nochi/NOCHI/M2_PAR/Apprenyissage_Pointcloud/Pointclouds-classification-with-the-POINTNET-Neural-network/PointNetLab/data/ModelNet10_PLY/toilet/test/toilet_0397.ply,9,9,toilet,toilet,0.996526300907135
combo_full,1,861,/home/nochi/NOCHI/M2_PAR/Apprenyissage_Pointcloud/Pointclouds-classification-with-the-POINTNET-Neural-network/PointNetLab/data/ModelNet10_PLY/toilet/test/toilet_0398.ply,9,9,toilet,toilet,0.9989631772041321
combo_full,1,862,/home/nochi/NOCHI/M2_PAR/Apprenyissage_Pointcloud/Pointclouds-classification-with-the-POINTNET-Neural-network/PointNetLab/data/ModelNet10_PLY/toilet/test/toilet_0399.ply,9,9,toilet,toilet,0.9979494214057922
combo_full,1,863,/home/nochi/NOCHI/M2_PAR/Apprenyissage_Pointcloud/Pointclouds-classification-with-the-POINTNET-Neural-network/PointNetLab/data/ModelNet10_PLY/toilet/test/toilet_0400.ply,9,9,toilet,toilet,0.9939574003219604
combo_full,1,864,/home/nochi/NOCHI/M2_PAR/Apprenyissage_Pointcloud/Pointclouds-classification-with-the-POINTNET-Neural-network/PointNetLab/data/ModelNet10_PLY/toilet/test/toilet_0401.ply,9,9,toilet,toilet,0.996940553188324
combo_full,1,865,/home/nochi/NOCHI/M2_PAR/Apprenyissage_Pointcloud/Pointclouds-classification-with-the-POINTNET-Neural-network/PointNetLab/data/ModelNet10_PLY/toilet/test/toilet_0402.ply,9,9,toilet,toilet,0.9987701773643494
combo_full,1,866,/home/nochi/NOCHI/M2_PAR/Apprenyissage_Pointcloud/Pointclouds-classification-with-the-POINTNET-Neural-network/PointNetLab/data/ModelNet10_PLY/toilet/test/toilet_0403.ply,9,9,toilet,toilet,0.9999330043792725
combo_full,1,867,/home/nochi/NOCHI/M2_PAR/Apprenyissage_Pointcloud/Pointclouds-classification-with-the-POINTNET-Neural-network/PointNetLab/data/ModelNet10_PLY/toilet/test/toilet_0404.ply,9,9,toilet,toilet,0.9990017414093018
combo_full,1,868,/home/nochi/NOCHI/M2_PAR/Apprenyissage_Pointcloud/Pointclouds-classification-with-the-POINTNET-Neural-network/PointNetLab/data/ModelNet10_PLY/toilet/test/toilet_0405.ply,9,6,toilet,night_stand,0.45452871918678284
combo_full,1,869,/home/nochi/NOCHI/M2_PAR/Apprenyissage_Pointcloud/Pointclouds-classification-with-the-POINTNET-Neural-network/PointNetLab/data/ModelNet10_PLY/toilet/test/toilet_0406.ply,9,9,toilet,toilet,0.9991443753242493
combo_full,1,870,/home/nochi/NOCHI/M2_PAR/Apprenyissage_Pointcloud/Pointclouds-classification-with-the-POINTNET-Neural-network/PointNetLab/data/ModelNet10_PLY/toilet/test/toilet_0407.ply,9,9,toilet,toilet,0.9975061416625977
combo_full,1,871,/home/nochi/NOCHI/M2_PAR/Apprenyissage_Pointcloud/Pointclouds-classification-with-the-POINTNET-Neural-network/PointNetLab/data/ModelNet10_PLY/toilet/test/toilet_0408.ply,9,9,toilet,toilet,0.9996009469032288
combo_full,1,872,/home/nochi/NOCHI/M2_PAR/Apprenyissage_Pointcloud/Pointclouds-classification-with-the-POINTNET-Neural-network/PointNetLab/data/ModelNet10_PLY/toilet/test/toilet_0409.ply,9,9,toilet,toilet,0.9980994462966919
combo_full,1,873,/home/nochi/NOCHI/M2_PAR/Apprenyissage_Pointcloud/Pointclouds-classification-with-the-POINTNET-Neural-network/PointNetLab/data/ModelNet10_PLY/toilet/test/toilet_0410.ply,9,9,toilet,toilet,0.9989354014396667
combo_full,1,874,/home/nochi/NOCHI/M2_PAR/Apprenyissage_Pointcloud/Pointclouds-classification-with-the-POINTNET-Neural-network/PointNetLab/data/ModelNet10_PLY/toilet/test/toilet_0411.ply,9,9,toilet,toilet,0.9995216727256775
combo_full,1,875,/home/nochi/NOCHI/M2_PAR/Apprenyissage_Pointcloud/Pointclouds-classification-with-the-POINTNET-Neural-network/PointNetLab/data/ModelNet10_PLY/toilet/test/toilet_0412.ply,9,9,toilet,toilet,0.9836663007736206
combo_full,1,876,/home/nochi/NOCHI/M2_PAR/Apprenyissage_Pointcloud/Pointclouds-classification-with-the-POINTNET-Neural-network/PointNetLab/data/ModelNet10_PLY/toilet/test/toilet_0413.ply,9,9,toilet,toilet,0.9995526075363159
combo_full,1,877,/home/nochi/NOCHI/M2_PAR/Apprenyissage_Pointcloud/Pointclouds-classification-with-the-POINTNET-Neural-network/PointNetLab/data/ModelNet10_PLY/toilet/test/toilet_0414.ply,9,9,toilet,toilet,0.9979914426803589
combo_full,1,878,/home/nochi/NOCHI/M2_PAR/Apprenyissage_Pointcloud/Pointclouds-classification-with-the-POINTNET-Neural-network/PointNetLab/data/ModelNet10_PLY/toilet/test/toilet_0415.ply,9,9,toilet,toilet,0.9994074106216431
combo_full,1,879,/home/nochi/NOCHI/M2_PAR/Apprenyissage_Pointcloud/Pointclouds-classification-with-the-POINTNET-Neural-network/PointNetLab/data/ModelNet10_PLY/toilet/test/toilet_0416.ply,9,9,toilet,toilet,0.9992750287055969
combo_full,1,880,/home/nochi/NOCHI/M2_PAR/Apprenyissage_Pointcloud/Pointclouds-classification-with-the-POINTNET-Neural-network/PointNetLab/data/ModelNet10_PLY/toilet/test/toilet_0417.ply,9,9,toilet,toilet,0.9955808520317078
combo_full,1,881,/home/nochi/NOCHI/M2_PAR/Apprenyissage_Pointcloud/Pointclouds-classification-with-the-POINTNET-Neural-network/PointNetLab/data/ModelNet10_PLY/toilet/test/toilet_0418.ply,9,9,toilet,toilet,0.9835933446884155
combo_full,1,882,/home/nochi/NOCHI/M2_PAR/Apprenyissage_Pointcloud/Pointclouds-classification-with-the-POINTNET-Neural-network/PointNetLab/data/ModelNet10_PLY/toilet/test/toilet_0419.ply,9,9,toilet,toilet,0.9983026385307312
combo_full,1,883,/home/nochi/NOCHI/M2_PAR/Apprenyissage_Pointcloud/Pointclouds-classification-with-the-POINTNET-Neural-network/PointNetLab/data/ModelNet10_PLY/toilet/test/toilet_0420.ply,9,9,toilet,toilet,0.9912165999412537
combo_full,1,884,/home/nochi/NOCHI/M2_PAR/Apprenyissage_Pointcloud/Pointclouds-classification-with-the-POINTNET-Neural-network/PointNetLab/data/ModelNet10_PLY/toilet/test/toilet_0421.ply,9,9,toilet,toilet,0.9986522793769836
combo_full,1,885,/home/nochi/NOCHI/M2_PAR/Apprenyissage_Pointcloud/Pointclouds-classification-with-the-POINTNET-Neural-network/PointNetLab/data/ModelNet10_PLY/toilet/test/toilet_0422.ply,9,9,toilet,toilet,0.9960370659828186
combo_full,1,886,/home/nochi/NOCHI/M2_PAR/Apprenyissage_Pointcloud/Pointclouds-classification-with-the-POINTNET-Neural-network/PointNetLab/data/ModelNet10_PLY/toilet/test/toilet_0423.ply,9,9,toilet,toilet,0.9966351389884949
combo_full,1,887,/home/nochi/NOCHI/M2_PAR/Apprenyissage_Pointcloud/Pointclouds-classification-with-the-POINTNET-Neural-network/PointNetLab/data/ModelNet10_PLY/toilet/test/toilet_0424.ply,9,9,toilet,toilet,0.9984588623046875
combo_full,1,888,/home/nochi/NOCHI/M2_PAR/Apprenyissage_Pointcloud/Pointclouds-classification-with-the-POINTNET-Neural-network/PointNetLab/data/ModelNet10_PLY/toilet/test/toilet_0425.ply,9,9,toilet,toilet,0.7640373706817627
combo_full,1,889,/home/nochi/NOCHI/M2_PAR/Apprenyissage_Pointcloud/Pointclouds-classification-with-the-POINTNET-Neural-network/PointNetLab/data/ModelNet10_PLY/toilet/test/toilet_0426.ply,9,9,toilet,toilet,0.9986387491226196
combo_full,1,890,/home/nochi/NOCHI/M2_PAR/Apprenyissage_Pointcloud/Pointclouds-classification-with-the-POINTNET-Neural-network/PointNetLab/data/ModelNet10_PLY/toilet/test/toilet_0427.ply,9,9,toilet,toilet,0.9910534024238586
combo_full,1,891,/home/nochi/NOCHI/M2_PAR/Apprenyissage_Pointcloud/Pointclouds-classification-with-the-POINTNET-Neural-network/PointNetLab/data/ModelNet10_PLY/toilet/test/toilet_0428.ply,9,9,toilet,toilet,0.9989773035049438
combo_full,1,892,/home/nochi/NOCHI/M2_PAR/Apprenyissage_Pointcloud/Pointclouds-classification-with-the-POINTNET-Neural-network/PointNetLab/data/ModelNet10_PLY/toilet/test/toilet_0429.ply,9,9,toilet,toilet,0.999566912651062
combo_full,1,893,/home/nochi/NOCHI/M2_PAR/Apprenyissage_Pointcloud/Pointclouds-classification-with-the-POINTNET-Neural-network/PointNetLab/data/ModelNet10_PLY/toilet/test/toilet_0430.ply,9,9,toilet,toilet,0.9923558235168457
combo_full,1,894,/home/nochi/NOCHI/M2_PAR/Apprenyissage_Pointcloud/Pointclouds-classification-with-the-POINTNET-Neural-network/PointNetLab/data/ModelNet10_PLY/toilet/test/toilet_0431.ply,9,9,toilet,toilet,0.9997841715812683
combo_full,1,895,/home/nochi/NOCHI/M2_PAR/Apprenyissage_Pointcloud/Pointclouds-classification-with-the-POINTNET-Neural-network/PointNetLab/data/ModelNet10_PLY/toilet/test/toilet_0432.ply,9,9,toilet,toilet,0.9969845414161682
combo_full,1,896,/home/nochi/NOCHI/M2_PAR/Apprenyissage_Pointcloud/Pointclouds-classification-with-the-POINTNET-Neural-network/PointNetLab/data/ModelNet10_PLY/toilet/test/toilet_0433.ply,9,9,toilet,toilet,0.9999068975448608
combo_full,1,897,/home/nochi/NOCHI/M2_PAR/Apprenyissage_Pointcloud/Pointclouds-classification-with-the-POINTNET-Neural-network/PointNetLab/data/ModelNet10_PLY/toilet/test/toilet_0434.ply,9,9,toilet,toilet,0.5214758515357971
combo_full,1,898,/home/nochi/NOCHI/M2_PAR/Apprenyissage_Pointcloud/Pointclouds-classification-with-the-POINTNET-Neural-network/PointNetLab/data/ModelNet10_PLY/toilet/test/toilet_0435.ply,9,9,toilet,toilet,0.9996157288551331
combo_full,1,899,/home/nochi/NOCHI/M2_PAR/Apprenyissage_Pointcloud/Pointclouds-classification-with-the-POINTNET-Neural-network/PointNetLab/data/ModelNet10_PLY/toilet/test/toilet_0436.ply,9,9,toilet,toilet,0.9984757900238037
combo_full,1,900,/home/nochi/NOCHI/M2_PAR/Apprenyissage_Pointcloud/Pointclouds-classification-with-the-POINTNET-Neural-network/PointNetLab/data/ModelNet10_PLY/toilet/test/toilet_0437.ply,9,9,toilet,toilet,0.9420654773712158
combo_full,1,901,/home/nochi/NOCHI/M2_PAR/Apprenyissage_Pointcloud/Pointclouds-classification-with-the-POINTNET-Neural-network/PointNetLab/data/ModelNet10_PLY/toilet/test/toilet_0438.ply,9,9,toilet,toilet,0.9976677894592285
combo_full,1,902,/home/nochi/NOCHI/M2_PAR/Apprenyissage_Pointcloud/Pointclouds-classification-with-the-POINTNET-Neural-network/PointNetLab/data/ModelNet10_PLY/toilet/test/toilet_0439.ply,9,9,toilet,toilet,0.9997984170913696
combo_full,1,903,/home/nochi/NOCHI/M2_PAR/Apprenyissage_Pointcloud/Pointclouds-classification-with-the-POINTNET-Neural-network/PointNetLab/data/ModelNet10_PLY/toilet/test/toilet_0440.ply,9,9,toilet,toilet,0.9992966055870056
combo_full,1,904,/home/nochi/NOCHI/M2_PAR/Apprenyissage_Pointcloud/Pointclouds-classification-with-the-POINTNET-Neural-network/PointNetLab/data/ModelNet10_PLY/toilet/test/toilet_0441.ply,9,9,toilet,toilet,0.9993936419487
combo_full,1,905,/home/nochi/NOCHI/M2_PAR/Apprenyissage_Pointcloud/Pointclouds-classification-with-the-POINTNET-Neural-network/PointNetLab/data/ModelNet10_PLY/toilet/test/toilet_0442.ply,9,9,toilet,toilet,0.9994155764579773
combo_full,1,906,/home/nochi/NOCHI/M2_PAR/Apprenyissage_Pointcloud/Pointclouds-classification-with-the-POINTNET-Neural-network/PointNetLab/data/ModelNet10_PLY/toilet/test/toilet_0443.ply,9,9,toilet,toilet,0.9994516372680664
combo_full,1,907,/home/nochi/NOCHI/M2_PAR/Apprenyissage_Pointcloud/Pointclouds-classification-with-the-POINTNET-Neural-network/PointNetLab/data/ModelNet10_PLY/toilet/test/toilet_0444.ply,9,9,toilet,toilet,0.9995881915092468
