experiment,seed,index,ply_path,true,pred,true_name,pred_name,confidence
plus_occlusion,1,0,/home/nochi/NOCHI/M2_PAR/Apprenyissage_Pointcloud/Pointclouds-classification-with-the-POINTNET-Neural-network/PointNetLab/data/ModelNet10_PLY/bathtub/test/bathtub_0107.ply,0,0,bathtub,bathtub,0.9936808347702026
plus_occlusion,1,1,/home/nochi/NOCHI/M2_PAR/Apprenyissage_Pointcloud/Pointclouds-classification-with-the-POINTNET-Neural-network/PointNetLab/data/ModelNet10_PLY/bathtub/test/bathtub_0108.ply,0,0,bathtub,bathtub,0.9972866773605347
plus_occlusion,1,2,/home/nochi/NOCHI/M2_PAR/Apprenyissage_Pointcloud/Pointclouds-classification-with-the-POINTNET-Neural-network/PointNetLab/data/ModelNet10_PLY/bathtub/test/bathtub_0109.ply,0,0,bathtub,bathtub,0.9987522959709167
plus_occlusion,1,3,/home/nochi/NOCHI/M2_PAR/Apprenyissage_Pointcloud/Pointclouds-classification-with-the-POINTNET-Neural-network/PointNetLab/data/ModelNet10_PLY/bathtub/test/bathtub_0110.ply,0,0,bathtub,bathtub,0.9936413168907166
plus_occlusion,1,4,/home/nochi/NOCHI/M2_PAR/Apprenyissage_Pointcloud/Pointclouds-classification-with-the-POINTNET-Neural-network/PointNetLab/data/ModelNet10_PLY/bathtub/test/bathtub_0111.ply,0,1,bathtub,bed,0.45747482776641846
plus_occlusion,1,5,/home/nochi/NOCHI/M2_PAR/Apprenyissage_Pointcloud/Pointclouds-classification-with-the-POINTNET-Neural-network/PointNetLab/data/ModelNet10_PLY/bathtub/test/bathtub_0112.ply,0,0,bathtub,bathtub,0.9863981604576111
plus_occlusion,1,6,/home/nochi/NOCHI/M2_PAR/Apprenyissage_Pointcloud/Pointclouds-classification-with-the-POINTNET-Neural-network/PointNetLab/data/ModelNet10_PLY/bathtub/test/bathtub_0113.ply,0,0,bathtub,bathtub,0.9303745031356812
plus_occlusion,1,7,/home/nochi/NOCHI/M2_PAR/Apprenyissage_Pointcloud/Pointclouds-classification-with-the-POINTNET-Neural-network/PointNetLab/data/ModelNet10_PLY/bathtub/test/bathtub_0114.ply,0,0,bathtub,bathtub,0.9654788374900818
plus_occlusion,1,8,/home/nochi/NOCHI/M2_PAR/Apprenyissage_Pointcloud/Pointclouds-classification-with-the-POINTNET-Neural-network/PointNetLab/data/ModelNet10_PLY/bathtub/test/bathtub_0115.ply,0,0,bathtub,bathtub,0.9905458688735962
plus_occlusion,1,9,/home/nochi/NOCHI/M2_PAR/Apprenyissage_Pointcloud/Pointclouds-classification-with-the-POINTNET-Neural-network/PointNetLab/data/ModelNet10_PLY/bathtub/test/bathtub_0116.ply,0,0,bathtub,bathtub,0.9961432218551636
plus_occlusion,1,10,/home/nochi/NOCHI/M2_PAR/Apprenyissage_Pointcloud/Pointclouds-classification-with-the-POINTNET-Neural-network/PointNetLab/data/ModelNet10_PLY/bathtub/test/bathtub_0117.ply,0,0,bathtub,bathtub,0.9950474500656128
plus_occlusion,1,11,/home/nochi/NOCHI/M2_PAR/Apprenyissage_Pointcloud/Pointclouds-classification-with-the-POINTNET-Neural-network/PointNetLab/data/ModelNet10_PLY/bathtub/test/bathtub_0118.ply,0,0,bathtub,bathtub,0.9948612451553345
plus_occlusion,1,12,/home/nochi/NOCHI/M2_PAR/Apprenyissage_Pointcloud/Pointclouds-classification-with-the-POINTNET-Neural-network/PointNetLab/data/ModelNet10_PLY/bathtub/test/bathtub_0119.ply,0,0,bathtub,bathtub,0.8903523683547974
plus_occlusion,1,13,/home/nochi/NOCHI/M2_PAR/Apprenyissage_Pointcloud/Pointclouds-classification-with-the-POINTNET-Neural-network/PointNetLab/data/ModelNet10_PLY/bathtub/test/bathtub_0120.ply,0,1,bathtub,bed,0.7489554286003113
plus_occlusion,1,14,/home/nochi/NOCHI/M2_PAR/Apprenyissage_Pointcloud/Pointclouds-classification-with-the-POINTNET-Neural-network/PointNetLab/data/ModelNet10_PLY/bathtub/test/bathtub_0121.ply,0,0,bathtub,bathtub,0.9944426417350769
plus_occlusion,1,15,/home/nochi/NOCHI/M2_PAR/Apprenyissage_Pointcloud/Pointclouds-classification-with-the-POINTNET-Neural-network/PointNetLab/data/ModelNet10_PLY/bathtub/test/bathtub_0122.ply,0,0,bathtub,bathtub,0.9850876927375793
plus_occlusion,1,16,/home/nochi/NOCHI/M2_PAR/Apprenyissage_Pointcloud/Pointclouds-classification-with-the-POINTNET-Neural-network/PointNetLab/data/ModelNet10_PLY/bathtub/test/bathtub_0123.ply,0,1,bathtub,bed,0.9143430590629578
plus_occlusion,1,17,/home/nochi/NOCHI/M2_PAR/Apprenyissage_Pointcloud/Pointclouds-classification-with-the-POINTNET-Neural-network/PointNetLab/data/ModelNet10_PLY/bathtub/test/bathtub_0124.ply,0,0,bathtub,bathtub,0.941118061542511
plus_occlusion,1,18,/home/nochi/NOCHI/M2_PAR/Apprenyissage_Pointcloud/Pointclouds-classification-with-the-POINTNET-Neural-network/PointNetLab/data/ModelNet10_PLY/bathtub/test/bathtub_0125.ply,0,0,bathtub,bathtub,0.9308063387870789
plus_occlusion,1,19,/home/nochi/NOCHI/M2_PAR/Apprenyissage_Pointcloud/Pointclouds-classification-with-the-POINTNET-Neural-network/PointNetLab/data/ModelNet10_PLY/bathtub/test/bathtub_0126.ply,0,0,bathtub,bathtub,0.9989562034606934
plus_occlusion,1,20,/home/nochi/NOCHI/M2_PAR/Apprenyissage_Pointcloud/Pointclouds-classification-with-the-POINTNET-Neural-network/PointNetLab/data/ModelNet10_PLY/bathtub/test/bathtub_0127.ply,0,1,bathtub,bed,0.9991236329078674
plus_occlusion,1,21,/home/nochi/NOCHI/M2_PAR/Apprenyissage_Pointcloud/Pointclouds-classification-with-the-POINTNET-Neural-network/PointNetLab/data/ModelNet10_PLY/bathtub/test/bathtub_0128.ply,0,0,bathtub,bathtub,0.9886639714241028
plus_occlusion,1,22,/home/nochi/NOCHI/M2_PAR/Apprenyissage_Pointcloud/Pointclouds-classification-with-the-POINTNET-Neural-network/PointNetLab/data/ModelNet10_PLY/bathtub/test/bathtub_0129.ply,0,0,bathtub,bathtub,0.9355393648147583
plus_occlusion,1,23,/home/nochi/NOCHI/M2_PAR/Apprenyissage_Pointcloud/Pointclouds-classification-with-the-POINTNET-Neural-network/PointNetLab/data/ModelNet10_PLY/bathtub/test/bathtub_0130.ply,0,1,bathtub,bed,0.9874402284622192
plus_occlusion,1,24,/home/nochi/NOCHI/M2_PAR/Apprenyissage_Pointcloud/Pointclouds-classification-with-the-POINTNET-Neural-network/PointNetLab/data/ModelNet10_PLY/bathtub/test/bathtub_0131.ply,0,0,bathtub,bathtub,0.9240645170211792
plus_occlusion,1,25,/home/nochi/NOCHI/M2_PAR/Apprenyissage_Pointcloud/Pointclouds-classification-with-the-POINTNET-Neural-network/PointNetLab/data/ModelNet10_PLY/bathtub/test/bathtub_0132.ply,0,1,bathtub,bed,0.7370861768722534
plus_occlusion,1,26,/home/nochi/NOCHI/M2_PAR/Apprenyissage_Pointcloud/Pointclouds-classification-with-the-POINTNET-Neural-network/PointNetLab/data/ModelNet10_PLY/bathtub/test/bathtub_0133.ply,0,0,bathtub,bathtub,0.9978482723236084
plus_occlusion,1,27,/home/nochi/NOCHI/M2_PAR/Apprenyissage_Pointcloud/Pointclouds-classification-with-the-POINTNET-Neural-network/PointNetLab/data/ModelNet10_PLY/bathtub/test/bathtub_0134.ply,0,1,bathtub,bed,0.9882347583770752
plus_occlusion,1,28,/home/nochi/NOCHI/M2_PAR/Apprenyissage_Pointcloud/Pointclouds-classification-with-the-POINTNET-Neural-network/PointNetLab/data/ModelNet10_PLY/bathtub/test/bathtub_0135.ply,0,0,bathtub,bathtub,0.9924302697181702
plus_occlusion,1,29,/home/nochi/NOCHI/M2_PAR/Apprenyissage_Pointcloud/Pointclouds-classification-with-the-POINTNET-Neural-network/PointNetLab/data/ModelNet10_PLY/bathtub/test/bathtub_0136.ply,0,0,bathtub,bathtub,0.9419803023338318
plus_occlusion,1,30,/home/nochi/NOCHI/M2_PAR/Apprenyissage_Pointcloud/Pointclouds-classification-with-the-POINTNET-Neural-network/PointNetLab/data/ModelNet10_PLY/bathtub/test/bathtub_0137.ply,0,0,bathtub,bathtub,0.9840995669364929
plus_occlusion,1,31,/home/nochi/NOCHI/M2_PAR/Apprenyissage_Pointcloud/Pointclouds-classification-with-the-POINTNET-Neural-network/PointNetLab/data/ModelNet10_PLY/bathtub/test/bathtub_0138.ply,0,1,bathtub,bed,0.7000078558921814
plus_occlusion,1,32,/home/nochi/NOCHI/M2_PAR/Apprenyissage_Pointcloud/Pointclouds-classification-with-the-POINTNET-Neural-network/PointNetLab/data/ModelNet10_PLY/bathtub/test/bathtub_0139.ply,0,1,bathtub,bed,0.9258273243904114
plus_occlusion,1,33,/home/nochi/NOCHI/M2_PAR/Apprenyissage_Pointcloud/Pointclouds-classification-with-the-POINTNET-Neural-network/PointNetLab/data/ModelNet10_PLY/bathtub/test/bathtub_0140.ply,0,0,bathtub,bathtub,0.9977619051933289
plus_occlusion,1,34,/home/nochi/NOCHI/M2_PAR/Apprenyissage_Pointcloud/Pointclouds-classification-with-the-POINTNET-Neural-network/PointNetLab/data/ModelNet10_PLY/bathtub/test/bathtub_0141.ply,0,0,bathtub,bathtub,0.9972183108329773
plus_occlusion,1,35,/home/nochi/NOCHI/M2_PAR/Apprenyissage_Pointcloud/Pointclouds-classification-with-the-POINTNET-Neural-network/PointNetLab/data/ModelNet10_PLY/bathtub/test/bathtub_0142.ply,0,0,bathtub,bathtub,0.9935882091522217
plus_occlusion,1,36,/home/nochi/NOCHI/M2_PAR/Apprenyissage_Pointcloud/Pointclouds-classification-with-the-POINTNET-Neural-network/PointNetLab/data/ModelNet10_PLY/bathtub/test/bathtub_0143.ply,0,0,bathtub,bathtub,0.996170699596405
plus_occlusion,1,37,/home/nochi/NOCHI/M2_PAR/Apprenyissage_Pointcloud/Pointclouds-classification-with-the-POINTNET-Neural-network/PointNetLab/data/ModelNet10_PLY/bathtub/test/bathtub_0144.ply,0,0,bathtub,bathtub,0.9965500831604004
plus_occlusion,1,38,/home/nochi/NOCHI/M2_PAR/Apprenyissage_Pointcloud/Pointclouds-classification-with-the-POINTNET-Neural-network/PointNetLab/data/ModelNet10_PLY/bathtub/test/bathtub_0145.ply,0,0,bathtub,bathtub,0.9886573553085327
plus_occlusion,1,39,/home/nochi/NOCHI/M2_PAR/Apprenyissage_Pointcloud/Pointclouds-classification-with-the-POINTNET-Neural-network/PointNetLab/data/ModelNet10_PLY/bathtub/test/bathtub_0146.ply,0,0,bathtub,bathtub,0.9988297820091248
plus_occlusion,1,40,/home/nochi/NOCHI/M2_PAR/Apprenyissage_Pointcloud/Pointclouds-classification-with-the-POINTNET-Neural-network/PointNetLab/data/ModelNet10_PLY/bathtub/test/bathtub_0147.ply,0,0,bathtub,bathtub,0.9965361952781677
plus_occlusion,1,41,/home/nochi/NOCHI/M2_PAR/Apprenyissage_Pointcloud/Pointclouds-classification-with-the-POINTNET-Neural-network/PointNetLab/data/ModelNet10_PLY/bathtub/test/bathtub_0148.ply,0,0,bathtub,bathtub,0.9960999488830566
plus_occlusion,1,42,/home/nochi/NOCHI/M2_PAR/Apprenyissage_Pointcloud/Pointclouds-classification-with-the-POINTNET-Neural-network/PointNetLab/data/ModelNet10_PLY/bathtub/test/bathtub_0149.ply,0,0,bathtub,bathtub,0.9987720251083374
plus_occlusion,1,43,/home/nochi/NOCHI/M2_PAR/Apprenyissage_Pointcloud/Pointclouds-classification-with-the-POINTNET-Neural-network/PointNetLab/data/ModelNet10_PLY/bathtub/test/bathtub_0150.ply,0,0,bathtub,bathtub,0.9964091181755066
plus_occlusion,1,44,/home/nochi/NOCHI/M2_PAR/Apprenyissage_Pointcloud/Pointclouds-classification-with-the-POINTNET-Neural-network/PointNetLab/data/ModelNet10_PLY/bathtub/test/bathtub_0151.ply,0,0,bathtub,bathtub,0.7725147604942322
plus_occlusion,1,45,/home/nochi/NOCHI/M2_PAR/Apprenyissage_Pointcloud/Pointclouds-classification-with-the-POINTNET-Neural-network/PointNetLab/data/ModelNet10_PLY/bathtub/test/bathtub_0152.ply,0,0,bathtub,bathtub,0.864700198173523
plus_occlusion,1,46,/home/nochi/NOCHI/M2_PAR/Apprenyissage_Pointcloud/Pointclouds-classification-with-the-POINTNET-Neural-network/PointNetLab/data/ModelNet10_PLY/bathtub/test/bathtub_0153.ply,0,0,bathtub,bathtub,0.711713969707489
plus_occlusion,1,47,/home/nochi/NOCHI/M2_PAR/Apprenyissage_Pointcloud/Pointclouds-classification-with-the-POINTNET-Neural-network/PointNetLab/data/ModelNet10_PLY/bathtub/test/bathtub_0154.ply,0,0,bathtub,bathtub,0.9932407140731812
plus_occlusion,1,48,/home/nochi/NOCHI/M2_PAR/Apprenyissage_Pointcloud/Pointclouds-classification-with-the-POINTNET-Neural-network/PointNetLab/data/ModelNet10_PLY/bathtub/test/bathtub_0155.ply,0,0,bathtub,bathtub,0.9970088601112366
plus_occlusion,1,49,/home/nochi/NOCHI/M2_PAR/Apprenyissage_Pointcloud/Pointclouds-classification-with-the-POINTNET-Neural-network/PointNetLab/data/ModelNet10_PLY/bathtub/test/bathtub_0156.ply,0,0,bathtub,bathtub,0.9860401153564453
plus_occlusion,1,50,/home/nochi/NOCHI/M2_PAR/Apprenyissage_Pointcloud/Pointclouds-classification-with-the-POINTNET-Neural-network/PointNetLab/data/ModelNet10_PLY/bed/test/bed_0516.ply,1,1,bed,bed,0.966401219367981
plus_occlusion,1,51,/home/nochi/NOCHI/M2_PAR/Apprenyissage_Pointcloud/Pointclouds-classification-with-the-POINTNET-Neural-network/PointNetLab/data/ModelNet10_PLY/bed/test/bed_0517.ply,1,1,bed,bed,0.9997046589851379
plus_occlusion,1,52,/home/nochi/NOCHI/M2_PAR/Apprenyissage_Pointcloud/Pointclouds-classification-with-the-POINTNET-Neural-network/PointNetLab/data/ModelNet10_PLY/bed/test/bed_0518.ply,1,7,bed,sofa,0.5941776633262634
plus_occlusion,1,53,/home/nochi/NOCHI/M2_PAR/Apprenyissage_Pointcloud/Pointclouds-classification-with-the-POINTNET-Neural-network/PointNetLab/data/ModelNet10_PLY/bed/test/bed_0519.ply,1,1,bed,bed,0.6428409218788147
plus_occlusion,1,54,/home/nochi/NOCHI/M2_PAR/Apprenyissage_Pointcloud/Pointclouds-classification-with-the-POINTNET-Neural-network/PointNetLab/data/ModelNet10_PLY/bed/test/bed_0520.ply,1,1,bed,bed,0.9984485507011414
plus_occlusion,1,55,/home/nochi/NOCHI/M2_PAR/Apprenyissage_Pointcloud/Pointclouds-classification-with-the-POINTNET-Neural-network/PointNetLab/data/ModelNet10_PLY/bed/test/bed_0521.ply,1,1,bed,bed,0.999702513217926
plus_occlusion,1,56,/home/nochi/NOCHI/M2_PAR/Apprenyissage_Pointcloud/Pointclouds-classification-with-the-POINTNET-Neural-network/PointNetLab/data/ModelNet10_PLY/bed/test/bed_0522.ply,1,1,bed,bed,0.9982642531394958
plus_occlusion,1,57,/home/nochi/NOCHI/M2_PAR/Apprenyissage_Pointcloud/Pointclouds-classification-with-the-POINTNET-Neural-network/PointNetLab/data/ModelNet10_PLY/bed/test/bed_0523.ply,1,1,bed,bed,0.9973115921020508
plus_occlusion,1,58,/home/nochi/NOCHI/M2_PAR/Apprenyissage_Pointcloud/Pointclouds-classification-with-the-POINTNET-Neural-network/PointNetLab/data/ModelNet10_PLY/bed/test/bed_0524.ply,1,1,bed,bed,0.9963617920875549
plus_occlusion,1,59,/home/nochi/NOCHI/M2_PAR/Apprenyissage_Pointcloud/Pointclouds-classification-with-the-POINTNET-Neural-network/PointNetLab/data/ModelNet10_PLY/bed/test/bed_0525.ply,1,1,bed,bed,0.9987197518348694
plus_occlusion,1,60,/home/nochi/NOCHI/M2_PAR/Apprenyissage_Pointcloud/Pointclouds-classification-with-the-POINTNET-Neural-network/PointNetLab/data/ModelNet10_PLY/bed/test/bed_0526.ply,1,1,bed,bed,0.9996628165245056
plus_occlusion,1,61,/home/nochi/NOCHI/M2_PAR/Apprenyissage_Pointcloud/Pointclouds-classification-with-the-POINTNET-Neural-network/PointNetLab/data/ModelNet10_PLY/bed/test/bed_0527.ply,1,1,bed,bed,0.9449517726898193
plus_occlusion,1,62,/home/nochi/NOCHI/M2_PAR/Apprenyissage_Pointcloud/Pointclouds-classification-with-the-POINTNET-Neural-network/PointNetLab/data/ModelNet10_PLY/bed/test/bed_0528.ply,1,1,bed,bed,0.9999327659606934
plus_occlusion,1,63,/home/nochi/NOCHI/M2_PAR/Apprenyissage_Pointcloud/Pointclouds-classification-with-the-POINTNET-Neural-network/PointNetLab/data/ModelNet10_PLY/bed/test/bed_0529.ply,1,1,bed,bed,0.7146342396736145
plus_occlusion,1,64,/home/nochi/NOCHI/M2_PAR/Apprenyissage_Pointcloud/Pointclouds-classification-with-the-POINTNET-Neural-network/PointNetLab/data/ModelNet10_PLY/bed/test/bed_0530.ply,1,1,bed,bed,0.9938631057739258
plus_occlusion,1,65,/home/nochi/NOCHI/M2_PAR/Apprenyissage_Pointcloud/Pointclouds-classification-with-the-POINTNET-Neural-network/PointNetLab/data/ModelNet10_PLY/bed/test/bed_0531.ply,1,1,bed,bed,0.9976509213447571
plus_occlusion,1,66,/home/nochi/NOCHI/M2_PAR/Apprenyissage_Pointcloud/Pointclouds-classification-with-the-POINTNET-Neural-network/PointNetLab/data/ModelNet10_PLY/bed/test/bed_0532.ply,1,1,bed,bed,0.9928068518638611
plus_occlusion,1,67,/home/nochi/NOCHI/M2_PAR/Apprenyissage_Pointcloud/Pointclouds-classification-with-the-POINTNET-Neural-network/PointNetLab/data/ModelNet10_PLY/bed/test/bed_0533.ply,1,1,bed,bed,0.9907864928245544
plus_occlusion,1,68,/home/nochi/NOCHI/M2_PAR/Apprenyissage_Pointcloud/Pointclouds-classification-with-the-POINTNET-Neural-network/PointNetLab/data/ModelNet10_PLY/bed/test/bed_0534.ply,1,1,bed,bed,0.5120607614517212
plus_occlusion,1,69,/home/nochi/NOCHI/M2_PAR/Apprenyissage_Pointcloud/Pointclouds-classification-with-the-POINTNET-Neural-network/PointNetLab/data/ModelNet10_PLY/bed/test/bed_0535.ply,1,1,bed,bed,0.9998193383216858
plus_occlusion,1,70,/home/nochi/NOCHI/M2_PAR/Apprenyissage_Pointcloud/Pointclouds-classification-with-the-POINTNET-Neural-network/PointNetLab/data/ModelNet10_PLY/bed/test/bed_0536.ply,1,1,bed,bed,0.9728118181228638
plus_occlusion,1,71,/home/nochi/NOCHI/M2_PAR/Apprenyissage_Pointcloud/Pointclouds-classification-with-the-POINTNET-Neural-network/PointNetLab/data/ModelNet10_PLY/bed/test/bed_0537.ply,1,7,bed,sofa,0.7776442170143127
plus_occlusion,1,72,/home/nochi/NOCHI/M2_PAR/Apprenyissage_Pointcloud/Pointclouds-classification-with-the-POINTNET-Neural-network/PointNetLab/data/ModelNet10_PLY/bed/test/bed_0538.ply,1,1,bed,bed,0.9994260668754578
plus_occlusion,1,73,/home/nochi/NOCHI/M2_PAR/Apprenyissage_Pointcloud/Pointclouds-classification-with-the-POINTNET-Neural-network/PointNetLab/data/ModelNet10_PLY/bed/test/bed_0539.ply,1,1,bed,bed,0.9995174407958984
plus_occlusion,1,74,/home/nochi/NOCHI/M2_PAR/Apprenyissage_Pointcloud/Pointclouds-classification-with-the-POINTNET-Neural-network/PointNetLab/data/ModelNet10_PLY/bed/test/bed_0540.ply,1,1,bed,bed,0.9999560117721558
plus_occlusion,1,75,/home/nochi/NOCHI/M2_PAR/Apprenyissage_Pointcloud/Pointclouds-classification-with-the-POINTNET-Neural-network/PointNetLab/data/ModelNet10_PLY/bed/test/bed_0541.ply,1,1,bed,bed,0.9992296695709229
plus_occlusion,1,76,/home/nochi/NOCHI/M2_PAR/Apprenyissage_Pointcloud/Pointclouds-classification-with-the-POINTNET-Neural-network/PointNetLab/data/ModelNet10_PLY/bed/test/bed_0542.ply,1,8,bed,table,0.8493583798408508
plus_occlusion,1,77,/home/nochi/NOCHI/M2_PAR/Apprenyissage_Pointcloud/Pointclouds-classification-with-the-POINTNET-Neural-network/PointNetLab/data/ModelNet10_PLY/bed/test/bed_0543.ply,1,1,bed,bed,0.9933872222900391
plus_occlusion,1,78,/home/nochi/NOCHI/M2_PAR/Apprenyissage_Pointcloud/Pointclouds-classification-with-the-POINTNET-Neural-network/PointNetLab/data/ModelNet10_PLY/bed/test/bed_0544.ply,1,1,bed,bed,0.9994713664054871
plus_occlusion,1,79,/home/nochi/NOCHI/M2_PAR/Apprenyissage_Pointcloud/Pointclouds-classification-with-the-POINTNET-Neural-network/PointNetLab/data/ModelNet10_PLY/bed/test/bed_0545.ply,1,1,bed,bed,0.9985189437866211
plus_occlusion,1,80,/home/nochi/NOCHI/M2_PAR/Apprenyissage_Pointcloud/Pointclouds-classification-with-the-POINTNET-Neural-network/PointNetLab/data/ModelNet10_PLY/bed/test/bed_0546.ply,1,1,bed,bed,0.9997277855873108
plus_occlusion,1,81,/home/nochi/NOCHI/M2_PAR/Apprenyissage_Pointcloud/Pointclouds-classification-with-the-POINTNET-Neural-network/PointNetLab/data/ModelNet10_PLY/bed/test/bed_0547.ply,1,1,bed,bed,0.9766638875007629
plus_occlusion,1,82,/home/nochi/NOCHI/M2_PAR/Apprenyissage_Pointcloud/Pointclouds-classification-with-the-POINTNET-Neural-network/PointNetLab/data/ModelNet10_PLY/bed/test/bed_0548.ply,1,1,bed,bed,0.9993274211883545
plus_occlusion,1,83,/home/nochi/NOCHI/M2_PAR/Apprenyissage_Pointcloud/Pointclouds-classification-with-the-POINTNET-Neural-network/PointNetLab/data/ModelNet10_PLY/bed/test/bed_0549.ply,1,1,bed,bed,0.999703049659729
plus_occlusion,1,84,/home/nochi/NOCHI/M2_PAR/Apprenyissage_Pointcloud/Pointclouds-classification-with-the-POINTNET-Neural-network/PointNetLab/data/ModelNet10_PLY/bed/test/bed_0550.ply,1,1,bed,bed,0.9962146878242493
plus_occlusion,1,85,/home/nochi/NOCHI/M2_PAR/Apprenyissage_Pointcloud/Pointclouds-classification-with-the-POINTNET-Neural-network/PointNetLab/data/ModelNet10_PLY/bed/test/bed_0551.ply,1,1,bed,bed,0.9987102150917053
plus_occlusion,1,86,/home/nochi/NOCHI/M2_PAR/Apprenyissage_Pointcloud/Pointclouds-classification-with-the-POINTNET-Neural-network/PointNetLab/data/ModelNet10_PLY/bed/test/bed_0552.ply,1,1,bed,bed,0.9931566119194031
plus_occlusion,1,87,/home/nochi/NOCHI/M2_PAR/Apprenyissage_Pointcloud/Pointclouds-classification-with-the-POINTNET-Neural-network/PointNetLab/data/ModelNet10_PLY/bed/test/bed_0553.ply,1,1,bed,bed,0.9997547268867493
plus_occlusion,1,88,/home/nochi/NOCHI/M2_PAR/Apprenyissage_Pointcloud/Pointclouds-classification-with-the-POINTNET-Neural-network/PointNetLab/data/ModelNet10_PLY/bed/test/bed_0554.ply,1,1,bed,bed,0.9998888373374939
plus_occlusion,1,89,/home/nochi/NOCHI/M2_PAR/Apprenyissage_Pointcloud/Pointclouds-classification-with-the-POINTNET-Neural-network/PointNetLab/data/ModelNet10_PLY/bed/test/bed_0555.ply,1,1,bed,bed,0.99696946144104
plus_occlusion,1,90,/home/nochi/NOCHI/M2_PAR/Apprenyissage_Pointcloud/Pointclouds-classification-with-the-POINTNET-Neural-network/PointNetLab/data/ModelNet10_PLY/bed/test/bed_0556.ply,1,1,bed,bed,0.9992089867591858
plus_occlusion,1,91,/home/nochi/NOCHI/M2_PAR/Apprenyissage_Pointcloud/Pointclouds-classification-with-the-POINTNET-Neural-network/PointNetLab/data/ModelNet10_PLY/bed/test/bed_0557.ply,1,1,bed,bed,0.916978120803833
plus_occlusion,1,92,/home/nochi/NOCHI/M2_PAR/Apprenyissage_Pointcloud/Pointclouds-classification-with-the-POINTNET-Neural-network/PointNetLab/data/ModelNet10_PLY/bed/test/bed_0558.ply,1,1,bed,bed,0.9985376596450806
plus_occlusion,1,93,/home/nochi/NOCHI/M2_PAR/Apprenyissage_Pointcloud/Pointclouds-classification-with-the-POINTNET-Neural-network/PointNetLab/data/ModelNet10_PLY/bed/test/bed_0559.ply,1,1,bed,bed,0.9942172169685364
plus_occlusion,1,94,/home/nochi/NOCHI/M2_PAR/Apprenyissage_Pointcloud/Pointclouds-classification-with-the-POINTNET-Neural-network/PointNetLab/data/ModelNet10_PLY/bed/test/bed_0560.ply,1,1,bed,bed,0.8803923726081848
plus_occlusion,1,95,/home/nochi/NOCHI/M2_PAR/Apprenyissage_Pointcloud/Pointclouds-classification-with-the-POINTNET-Neural-network/PointNetLab/data/ModelNet10_PLY/bed/test/bed_0561.ply,1,1,bed,bed,0.9998317956924438
plus_occlusion,1,96,/home/nochi/NOCHI/M2_PAR/Apprenyissage_Pointcloud/Pointclouds-classification-with-the-POINTNET-Neural-network/PointNetLab/data/ModelNet10_PLY/bed/test/bed_0562.ply,1,1,bed,bed,0.6493744850158691
plus_occlusion,1,97,/home/nochi/NOCHI/M2_PAR/Apprenyissage_Pointcloud/Pointclouds-classification-with-the-POINTNET-Neural-network/PointNetLab/data/ModelNet10_PLY/bed/test/bed_0563.ply,1,1,bed,bed,0.997085452079773
plus_occlusion,1,98,/home/nochi/NOCHI/M2_PAR/Apprenyissage_Pointcloud/Pointclouds-classification-with-the-POINTNET-Neural-network/PointNetLab/data/ModelNet10_PLY/bed/test/bed_0564.ply,1,1,bed,bed,0.7135266661643982
plus_occlusion,1,99,/home/nochi/NOCHI/M2_PAR/Apprenyissage_Pointcloud/Pointclouds-classification-with-the-POINTNET-Neural-network/PointNetLab/data/ModelNet10_PLY/bed/test/bed_0565.ply,1,1,bed,bed,0.9994242191314697
plus_occlusion,1,100,/home/nochi/NOCHI/M2_PAR/Apprenyissage_Pointcloud/Pointclouds-classification-with-the-POINTNET-Neural-network/PointNetLab/data/ModelNet10_PLY/bed/test/bed_0566.ply,1,1,bed,bed,0.9550053477287292
plus_occlusion,1,101,/home/nochi/NOCHI/M2_PAR/Apprenyissage_Pointcloud/Pointclouds-classification-with-the-POINTNET-Neural-network/PointNetLab/data/ModelNet10_PLY/bed/test/bed_0567.ply,1,1,bed,bed,0.9969512820243835
plus_occlusion,1,102,/home/nochi/NOCHI/M2_PAR/Apprenyissage_Pointcloud/Pointclouds-classification-with-the-POINTNET-Neural-network/PointNetLab/data/ModelNet10_PLY/bed/test/bed_0568.ply,1,1,bed,bed,0.9979347586631775
plus_occlusion,1,103,/home/nochi/NOCHI/M2_PAR/Apprenyissage_Pointcloud/Pointclouds-classification-with-the-POINTNET-Neural-network/PointNetLab/data/ModelNet10_PLY/bed/test/bed_0569.ply,1,1,bed,bed,0.988180935382843
plus_occlusion,1,104,/home/nochi/NOCHI/M2_PAR/Apprenyissage_Pointcloud/Pointclouds-classification-with-the-POINTNET-Neural-network/PointNetLab/data/ModelNet10_PLY/bed/test/bed_0570.ply,1,1,bed,bed,0.9998140335083008
plus_occlusion,1,105,/home/nochi/NOCHI/M2_PAR/Apprenyissage_Pointcloud/Pointclouds-classification-with-the-POINTNET-Neural-network/PointNetLab/data/ModelNet10_PLY/bed/test/bed_0571.ply,1,1,bed,bed,0.9878843426704407
plus_occlusion,1,106,/home/nochi/NOCHI/M2_PAR/Apprenyissage_Pointcloud/Pointclouds-classification-with-the-POINTNET-Neural-network/PointNetLab/data/ModelNet10_PLY/bed/test/bed_0572.ply,1,1,bed,bed,0.9950723648071289
plus_occlusion,1,107,/home/nochi/NOCHI/M2_PAR/Apprenyissage_Pointcloud/Pointclouds-classification-with-the-POINTNET-Neural-network/PointNetLab/data/ModelNet10_PLY/bed/test/bed_0573.ply,1,1,bed,bed,0.9993000030517578
plus_occlusion,1,108,/home/nochi/NOCHI/M2_PAR/Apprenyissage_Pointcloud/Pointclouds-classification-with-the-POINTNET-Neural-network/PointNetLab/data/ModelNet10_PLY/bed/test/bed_0574.ply,1,1,bed,bed,0.998028039932251
plus_occlusion,1,109,/home/nochi/NOCHI/M2_PAR/Apprenyissage_Pointcloud/Pointclouds-classification-with-the-POINTNET-Neural-network/PointNetLab/data/ModelNet10_PLY/bed/test/bed_0575.ply,1,1,bed,bed,0.9995982646942139
plus_occlusion,1,110,/home/nochi/NOCHI/M2_PAR/Apprenyissage_Pointcloud/Pointclouds-classification-with-the-POINTNET-Neural-network/PointNetLab/data/ModelNet10_PLY/bed/test/bed_0576.ply,1,1,bed,bed,0.9969124794006348
plus_occlusion,1,111,/home/nochi/NOCHI/M2_PAR/Apprenyissage_Pointcloud/Pointclouds-classification-with-the-POINTNET-Neural-network/PointNetLab/data/ModelNet10_PLY/bed/test/bed_0577.ply,1,1,bed,bed,0.9990292191505432
plus_occlusion,1,112,/home/nochi/NOCHI/M2_PAR/Apprenyissage_Pointcloud/Pointclouds-classification-with-the-POINTNET-Neural-network/PointNetLab/data/ModelNet10_PLY/bed/test/bed_0578.ply,1,1,bed,bed,0.9986379146575928
plus_occlusion,1,113,/home/nochi/NOCHI/M2_PAR/Apprenyissage_Pointcloud/Pointclouds-classification-with-the-POINTNET-Neural-network/PointNetLab/data/ModelNet10_PLY/bed/test/bed_0579.ply,1,1,bed,bed,0.9984076023101807
plus_occlusion,1,114,/home/nochi/NOCHI/M2_PAR/Apprenyissage_Pointcloud/Pointclouds-classification-with-the-POINTNET-Neural-network/PointNetLab/data/ModelNet10_PLY/bed/test/bed_0580.ply,1,1,bed,bed,0.9976974129676819
plus_occlusion,1,115,/home/nochi/NOCHI/M2_PAR/Apprenyissage_Pointcloud/Pointclouds-classification-with-the-POINTNET-Neural-network/PointNetLab/data/ModelNet10_PLY/bed/test/bed_0581.ply,1,1,bed,bed,0.9965198040008545
plus_occlusion,1,116,/home/nochi/NOCHI/M2_PAR/Apprenyissage_Pointcloud/Pointclouds-classification-with-the-POINTNET-Neural-network/PointNetLab/data/ModelNet10_PLY/bed/test/bed_0582.ply,1,1,bed,bed,0.9904186129570007
plus_occlusion,1,117,/home/nochi/NOCHI/M2_PAR/Apprenyissage_Pointcloud/Pointclouds-classification-with-the-POINTNET-Neural-network/PointNetLab/data/ModelNet10_PLY/bed/test/bed_0583.ply,1,1,bed,bed,0.9944933652877808
plus_occlusion,1,118,/home/nochi/NOCHI/M2_PAR/Apprenyissage_Pointcloud/Pointclouds-classification-with-the-POINTNET-Neural-network/PointNetLab/data/ModelNet10_PLY/bed/test/bed_0584.ply,1,1,bed,bed,0.9958630800247192
plus_occlusion,1,119,/home/nochi/NOCHI/M2_PAR/Apprenyissage_Pointcloud/Pointclouds-classification-with-the-POINTNET-Neural-network/PointNetLab/data/ModelNet10_PLY/bed/test/bed_0585.ply,1,1,bed,bed,0.997653067111969
plus_occlusion,1,120,/home/nochi/NOCHI/M2_PAR/Apprenyissage_Pointcloud/Pointclouds-classification-with-the-POINTNET-Neural-network/PointNetLab/data/ModelNet10_PLY/bed/test/bed_0586.ply,1,1,bed,bed,0.998781144618988
plus_occlusion,1,121,/home/nochi/NOCHI/M2_PAR/Apprenyissage_Pointcloud/Pointclouds-classification-with-the-POINTNET-Neural-network/PointNetLab/data/ModelNet10_PLY/bed/test/bed_0587.ply,1,1,bed,bed,0.9966077208518982
plus_occlusion,1,122,/home/nochi/NOCHI/M2_PAR/Apprenyissage_Pointcloud/Pointclouds-classification-with-the-POINTNET-Neural-network/PointNetLab/data/ModelNet10_PLY/bed/test/bed_0588.ply,1,1,bed,bed,0.9474912881851196
plus_occlusion,1,123,/home/nochi/NOCHI/M2_PAR/Apprenyissage_Pointcloud/Pointclouds-classification-with-the-POINTNET-Neural-network/PointNetLab/data/ModelNet10_PLY/bed/test/bed_0589.ply,1,1,bed,bed,0.9978474378585815
plus_occlusion,1,124,/home/nochi/NOCHI/M2_PAR/Apprenyissage_Pointcloud/Pointclouds-classification-with-the-POINTNET-Neural-network/PointNetLab/data/ModelNet10_PLY/bed/test/bed_0590.ply,1,1,bed,bed,0.7876204252243042
plus_occlusion,1,125,/home/nochi/NOCHI/M2_PAR/Apprenyissage_Pointcloud/Pointclouds-classification-with-the-POINTNET-Neural-network/PointNetLab/data/ModelNet10_PLY/bed/test/bed_0591.ply,1,1,bed,bed,0.9951633810997009
plus_occlusion,1,126,/home/nochi/NOCHI/M2_PAR/Apprenyissage_Pointcloud/Pointclouds-classification-with-the-POINTNET-Neural-network/PointNetLab/data/ModelNet10_PLY/bed/test/bed_0592.ply,1,1,bed,bed,0.998824417591095
plus_occlusion,1,127,/home/nochi/NOCHI/M2_PAR/Apprenyissage_Pointcloud/Pointclouds-classification-with-the-POINTNET-Neural-network/PointNetLab/data/ModelNet10_PLY/bed/test/bed_0593.ply,1,1,bed,bed,0.999955415725708
plus_occlusion,1,128,/home/nochi/NOCHI/M2_PAR/Apprenyissage_Pointcloud/Pointclouds-classification-with-the-POINTNET-Neural-network/PointNetLab/data/ModelNet10_PLY/bed/test/bed_0594.ply,1,1,bed,bed,0.9792359471321106
plus_occlusion,1,129,/home/nochi/NOCHI/M2_PAR/Apprenyissage_Pointcloud/Pointclouds-classification-with-the-POINTNET-Neural-network/PointNetLab/data/ModelNet10_PLY/bed/test/bed_0595.ply,1,1,bed,bed,0.9510704278945923
plus_occlusion,1,130,/home/nochi/NOCHI/M2_PAR/Apprenyissage_Pointcloud/Pointclouds-classification-with-the-POINTNET-Neural-network/PointNetLab/data/ModelNet10_PLY/bed/test/bed_0596.ply,1,1,bed,bed,0.9999455213546753
plus_occlusion,1,131,/home/nochi/NOCHI/M2_PAR/Apprenyissage_Pointcloud/Pointclouds-classification-with-the-POINTNET-Neural-network/PointNetLab/data/ModelNet10_PLY/bed/test/bed_0597.ply,1,1,bed,bed,0.98540860414505
plus_occlusion,1,132,/home/nochi/NOCHI/M2_PAR/Apprenyissage_Pointcloud/Pointclouds-classification-with-the-POINTNET-Neural-network/PointNetLab/data/ModelNet10_PLY/bed/test/bed_0598.ply,1,1,bed,bed,0.9977660179138184
plus_occlusion,1,133,/home/nochi/NOCHI/M2_PAR/Apprenyissage_Pointcloud/Pointclouds-classification-with-the-POINTNET-Neural-network/PointNetLab/data/ModelNet10_PLY/bed/test/bed_0599.ply,1,1,bed,bed,0.9734316468238831
plus_occlusion,1,134,/home/nochi/NOCHI/M2_PAR/Apprenyissage_Pointcloud/Pointclouds-classification-with-the-POINTNET-Neural-network/PointNetLab/data/ModelNet10_PLY/bed/test/bed_0600.ply,1,1,bed,bed,0.9999325275421143
plus_occlusion,1,135,/home/nochi/NOCHI/M2_PAR/Apprenyissage_Pointcloud/Pointclouds-classification-with-the-POINTNET-Neural-network/PointNetLab/data/ModelNet10_PLY/bed/test/bed_0601.ply,1,1,bed,bed,0.998626172542572
plus_occlusion,1,136,/home/nochi/NOCHI/M2_PAR/Apprenyissage_Pointcloud/Pointclouds-classification-with-the-POINTNET-Neural-network/PointNetLab/data/ModelNet10_PLY/bed/test/bed_0602.ply,1,1,bed,bed,0.9982319474220276
plus_occlusion,1,137,/home/nochi/NOCHI/M2_PAR/Apprenyissage_Pointcloud/Pointclouds-classification-with-the-POINTNET-Neural-network/PointNetLab/data/ModelNet10_PLY/bed/test/bed_0603.ply,1,1,bed,bed,0.9998007416725159
plus_occlusion,1,138,/home/nochi/NOCHI/M2_PAR/Apprenyissage_Pointcloud/Pointclouds-classification-with-the-POINTNET-Neural-network/PointNetLab/data/ModelNet10_PLY/bed/test/bed_0604.ply,1,0,bed,bathtub,0.6994686126708984
plus_occlusion,1,139,/home/nochi/NOCHI/M2_PAR/Apprenyissage_Pointcloud/Pointclouds-classification-with-the-POINTNET-Neural-network/PointNetLab/data/ModelNet10_PLY/bed/test/bed_0605.ply,1,1,bed,bed,0.9990047812461853
plus_occlusion,1,140,/home/nochi/NOCHI/M2_PAR/Apprenyissage_Pointcloud/Pointclouds-classification-with-the-POINTNET-Neural-network/PointNetLab/data/ModelNet10_PLY/bed/test/bed_0606.ply,1,1,bed,bed,0.7454003095626831
plus_occlusion,1,141,/home/nochi/NOCHI/M2_PAR/Apprenyissage_Pointcloud/Pointclouds-classification-with-the-POINTNET-Neural-network/PointNetLab/data/ModelNet10_PLY/bed/test/bed_0607.ply,1,1,bed,bed,0.9582238793373108
plus_occlusion,1,142,/home/nochi/NOCHI/M2_PAR/Apprenyissage_Pointcloud/Pointclouds-classification-with-the-POINTNET-Neural-network/PointNetLab/data/ModelNet10_PLY/bed/test/bed_0608.ply,1,1,bed,bed,0.9991962313652039
plus_occlusion,1,143,/home/nochi/NOCHI/M2_PAR/Apprenyissage_Pointcloud/Pointclouds-classification-with-the-POINTNET-Neural-network/PointNetLab/data/ModelNet10_PLY/bed/test/bed_0609.ply,1,1,bed,bed,0.9971581697463989
plus_occlusion,1,144,/home/nochi/NOCHI/M2_PAR/Apprenyissage_Pointcloud/Pointclouds-classification-with-the-POINTNET-Neural-network/PointNetLab/data/ModelNet10_PLY/bed/test/bed_0610.ply,1,1,bed,bed,0.9956215023994446
plus_occlusion,1,145,/home/nochi/NOCHI/M2_PAR/Apprenyissage_Pointcloud/Pointclouds-classification-with-the-POINTNET-Neural-network/PointNetLab/data/ModelNet10_PLY/bed/test/bed_0611.ply,1,1,bed,bed,0.9855162501335144
plus_occlusion,1,146,/home/nochi/NOCHI/M2_PAR/Apprenyissage_Pointcloud/Pointclouds-classification-with-the-POINTNET-Neural-network/PointNetLab/data/ModelNet10_PLY/bed/test/bed_0612.ply,1,1,bed,bed,0.9920346736907959
plus_occlusion,1,147,/home/nochi/NOCHI/M2_PAR/Apprenyissage_Pointcloud/Pointclouds-classification-with-the-POINTNET-Neural-network/PointNetLab/data/ModelNet10_PLY/bed/test/bed_0613.ply,1,1,bed,bed,0.9998617172241211
plus_occlusion,1,148,/home/nochi/NOCHI/M2_PAR/Apprenyissage_Pointcloud/Pointclouds-classification-with-the-POINTNET-Neural-network/PointNetLab/data/ModelNet10_PLY/bed/test/bed_0614.ply,1,2,bed,chair,0.7630391120910645
plus_occlusion,1,149,/home/nochi/NOCHI/M2_PAR/Apprenyissage_Pointcloud/Pointclouds-classification-with-the-POINTNET-Neural-network/PointNetLab/data/ModelNet10_PLY/bed/test/bed_0615.ply,1,1,bed,bed,0.9982343316078186
plus_occlusion,1,150,/home/nochi/NOCHI/M2_PAR/Apprenyissage_Pointcloud/Pointclouds-classification-with-the-POINTNET-Neural-network/PointNetLab/data/ModelNet10_PLY/chair/test/chair_0890.ply,2,2,chair,chair,0.9987124800682068
plus_occlusion,1,151,/home/nochi/NOCHI/M2_PAR/Apprenyissage_Pointcloud/Pointclouds-classification-with-the-POINTNET-Neural-network/PointNetLab/data/ModelNet10_PLY/chair/test/chair_0891.ply,2,2,chair,chair,0.991576075553894
plus_occlusion,1,152,/home/nochi/NOCHI/M2_PAR/Apprenyissage_Pointcloud/Pointclouds-classification-with-the-POINTNET-Neural-network/PointNetLab/data/ModelNet10_PLY/chair/test/chair_0892.ply,2,2,chair,chair,0.9629009366035461
plus_occlusion,1,153,/home/nochi/NOCHI/M2_PAR/Apprenyissage_Pointcloud/Pointclouds-classification-with-the-POINTNET-Neural-network/PointNetLab/data/ModelNet10_PLY/chair/test/chair_0893.ply,2,2,chair,chair,0.9995885491371155
plus_occlusion,1,154,/home/nochi/NOCHI/M2_PAR/Apprenyissage_Pointcloud/Pointclouds-classification-with-the-POINTNET-Neural-network/PointNetLab/data/ModelNet10_PLY/chair/test/chair_0894.ply,2,2,chair,chair,0.9992297887802124
plus_occlusion,1,155,/home/nochi/NOCHI/M2_PAR/Apprenyissage_Pointcloud/Pointclouds-classification-with-the-POINTNET-Neural-network/PointNetLab/data/ModelNet10_PLY/chair/test/chair_0895.ply,2,2,chair,chair,0.9986509680747986
plus_occlusion,1,156,/home/nochi/NOCHI/M2_PAR/Apprenyissage_Pointcloud/Pointclouds-classification-with-the-POINTNET-Neural-network/PointNetLab/data/ModelNet10_PLY/chair/test/chair_0896.ply,2,2,chair,chair,0.9923030138015747
plus_occlusion,1,157,/home/nochi/NOCHI/M2_PAR/Apprenyissage_Pointcloud/Pointclouds-classification-with-the-POINTNET-Neural-network/PointNetLab/data/ModelNet10_PLY/chair/test/chair_0897.ply,2,2,chair,chair,0.9938905239105225
plus_occlusion,1,158,/home/nochi/NOCHI/M2_PAR/Apprenyissage_Pointcloud/Pointclouds-classification-with-the-POINTNET-Neural-network/PointNetLab/data/ModelNet10_PLY/chair/test/chair_0898.ply,2,2,chair,chair,0.999671995639801
plus_occlusion,1,159,/home/nochi/NOCHI/M2_PAR/Apprenyissage_Pointcloud/Pointclouds-classification-with-the-POINTNET-Neural-network/PointNetLab/data/ModelNet10_PLY/chair/test/chair_0899.ply,2,2,chair,chair,0.9995011687278748
plus_occlusion,1,160,/home/nochi/NOCHI/M2_PAR/Apprenyissage_Pointcloud/Pointclouds-classification-with-the-POINTNET-Neural-network/PointNetLab/data/ModelNet10_PLY/chair/test/chair_0900.ply,2,2,chair,chair,0.9934605360031128
plus_occlusion,1,161,/home/nochi/NOCHI/M2_PAR/Apprenyissage_Pointcloud/Pointclouds-classification-with-the-POINTNET-Neural-network/PointNetLab/data/ModelNet10_PLY/chair/test/chair_0901.ply,2,2,chair,chair,0.9993816614151001
plus_occlusion,1,162,/home/nochi/NOCHI/M2_PAR/Apprenyissage_Pointcloud/Pointclouds-classification-with-the-POINTNET-Neural-network/PointNetLab/data/ModelNet10_PLY/chair/test/chair_0902.ply,2,2,chair,chair,0.9998694062232971
plus_occlusion,1,163,/home/nochi/NOCHI/M2_PAR/Apprenyissage_Pointcloud/Pointclouds-classification-with-the-POINTNET-Neural-network/PointNetLab/data/ModelNet10_PLY/chair/test/chair_0903.ply,2,2,chair,chair,0.9881710410118103
plus_occlusion,1,164,/home/nochi/NOCHI/M2_PAR/Apprenyissage_Pointcloud/Pointclouds-classification-with-the-POINTNET-Neural-network/PointNetLab/data/ModelNet10_PLY/chair/test/chair_0904.ply,2,2,chair,chair,0.9994874596595764
plus_occlusion,1,165,/home/nochi/NOCHI/M2_PAR/Apprenyissage_Pointcloud/Pointclouds-classification-with-the-POINTNET-Neural-network/PointNetLab/data/ModelNet10_PLY/chair/test/chair_0905.ply,2,2,chair,chair,0.999252438545227
plus_occlusion,1,166,/home/nochi/NOCHI/M2_PAR/Apprenyissage_Pointcloud/Pointclouds-classification-with-the-POINTNET-Neural-network/PointNetLab/data/ModelNet10_PLY/chair/test/chair_0906.ply,2,2,chair,chair,0.8185848593711853
plus_occlusion,1,167,/home/nochi/NOCHI/M2_PAR/Apprenyissage_Pointcloud/Pointclouds-classification-with-the-POINTNET-Neural-network/PointNetLab/data/ModelNet10_PLY/chair/test/chair_0907.ply,2,2,chair,chair,0.9966551661491394
plus_occlusion,1,168,/home/nochi/NOCHI/M2_PAR/Apprenyissage_Pointcloud/Pointclouds-classification-with-the-POINTNET-Neural-network/PointNetLab/data/ModelNet10_PLY/chair/test/chair_0908.ply,2,2,chair,chair,0.9981293082237244
plus_occlusion,1,169,/home/nochi/NOCHI/M2_PAR/Apprenyissage_Pointcloud/Pointclouds-classification-with-the-POINTNET-Neural-network/PointNetLab/data/ModelNet10_PLY/chair/test/chair_0909.ply,2,2,chair,chair,0.9993947148323059
plus_occlusion,1,170,/home/nochi/NOCHI/M2_PAR/Apprenyissage_Pointcloud/Pointclouds-classification-with-the-POINTNET-Neural-network/PointNetLab/data/ModelNet10_PLY/chair/test/chair_0910.ply,2,2,chair,chair,0.9991754293441772
plus_occlusion,1,171,/home/nochi/NOCHI/M2_PAR/Apprenyissage_Pointcloud/Pointclouds-classification-with-the-POINTNET-Neural-network/PointNetLab/data/ModelNet10_PLY/chair/test/chair_0911.ply,2,2,chair,chair,0.9997979998588562
plus_occlusion,1,172,/home/nochi/NOCHI/M2_PAR/Apprenyissage_Pointcloud/Pointclouds-classification-with-the-POINTNET-Neural-network/PointNetLab/data/ModelNet10_PLY/chair/test/chair_0912.ply,2,2,chair,chair,0.9998134970664978
plus_occlusion,1,173,/home/nochi/NOCHI/M2_PAR/Apprenyissage_Pointcloud/Pointclouds-classification-with-the-POINTNET-Neural-network/PointNetLab/data/ModelNet10_PLY/chair/test/chair_0913.ply,2,2,chair,chair,0.9622485041618347
plus_occlusion,1,174,/home/nochi/NOCHI/M2_PAR/Apprenyissage_Pointcloud/Pointclouds-classification-with-the-POINTNET-Neural-network/PointNetLab/data/ModelNet10_PLY/chair/test/chair_0914.ply,2,2,chair,chair,0.9994339346885681
plus_occlusion,1,175,/home/nochi/NOCHI/M2_PAR/Apprenyissage_Pointcloud/Pointclouds-classification-with-the-POINTNET-Neural-network/PointNetLab/data/ModelNet10_PLY/chair/test/chair_0915.ply,2,2,chair,chair,0.89625483751297
plus_occlusion,1,176,/home/nochi/NOCHI/M2_PAR/Apprenyissage_Pointcloud/Pointclouds-classification-with-the-POINTNET-Neural-network/PointNetLab/data/ModelNet10_PLY/chair/test/chair_0916.ply,2,2,chair,chair,0.9992763996124268
plus_occlusion,1,177,/home/nochi/NOCHI/M2_PAR/Apprenyissage_Pointcloud/Pointclouds-classification-with-the-POINTNET-Neural-network/PointNetLab/data/ModelNet10_PLY/chair/test/chair_0917.ply,2,2,chair,chair,0.9998788833618164
plus_occlusion,1,178,/home/nochi/NOCHI/M2_PAR/Apprenyissage_Pointcloud/Pointclouds-classification-with-the-POINTNET-Neural-network/PointNetLab/data/ModelNet10_PLY/chair/test/chair_0918.ply,2,2,chair,chair,0.9996299147605896
plus_occlusion,1,179,/home/nochi/NOCHI/M2_PAR/Apprenyissage_Pointcloud/Pointclouds-classification-with-the-POINTNET-Neural-network/PointNetLab/data/ModelNet10_PLY/chair/test/chair_0919.ply,2,2,chair,chair,0.9939985275268555
plus_occlusion,1,180,/home/nochi/NOCHI/M2_PAR/Apprenyissage_Pointcloud/Pointclouds-classification-with-the-POINTNET-Neural-network/PointNetLab/data/ModelNet10_PLY/chair/test/chair_0920.ply,2,2,chair,chair,0.4858444631099701
plus_occlusion,1,181,/home/nochi/NOCHI/M2_PAR/Apprenyissage_Pointcloud/Pointclouds-classification-with-the-POINTNET-Neural-network/PointNetLab/data/ModelNet10_PLY/chair/test/chair_0921.ply,2,2,chair,chair,0.9997676014900208
plus_occlusion,1,182,/home/nochi/NOCHI/M2_PAR/Apprenyissage_Pointcloud/Pointclouds-classification-with-the-POINTNET-Neural-network/PointNetLab/data/ModelNet10_PLY/chair/test/chair_0922.ply,2,2,chair,chair,0.999778687953949
plus_occlusion,1,183,/home/nochi/NOCHI/M2_PAR/Apprenyissage_Pointcloud/Pointclouds-classification-with-the-POINTNET-Neural-network/PointNetLab/data/ModelNet10_PLY/chair/test/chair_0923.ply,2,2,chair,chair,0.9980677962303162
plus_occlusion,1,184,/home/nochi/NOCHI/M2_PAR/Apprenyissage_Pointcloud/Pointclouds-classification-with-the-POINTNET-Neural-network/PointNetLab/data/ModelNet10_PLY/chair/test/chair_0924.ply,2,2,chair,chair,0.9999558925628662
plus_occlusion,1,185,/home/nochi/NOCHI/M2_PAR/Apprenyissage_Pointcloud/Pointclouds-classification-with-the-POINTNET-Neural-network/PointNetLab/data/ModelNet10_PLY/chair/test/chair_0925.ply,2,2,chair,chair,0.9998441338539124
plus_occlusion,1,186,/home/nochi/NOCHI/M2_PAR/Apprenyissage_Pointcloud/Pointclouds-classification-with-the-POINTNET-Neural-network/PointNetLab/data/ModelNet10_PLY/chair/test/chair_0926.ply,2,2,chair,chair,0.994530975818634
plus_occlusion,1,187,/home/nochi/NOCHI/M2_PAR/Apprenyissage_Pointcloud/Pointclouds-classification-with-the-POINTNET-Neural-network/PointNetLab/data/ModelNet10_PLY/chair/test/chair_0927.ply,2,2,chair,chair,0.998400866985321
plus_occlusion,1,188,/home/nochi/NOCHI/M2_PAR/Apprenyissage_Pointcloud/Pointclouds-classification-with-the-POINTNET-Neural-network/PointNetLab/data/ModelNet10_PLY/chair/test/chair_0928.ply,2,2,chair,chair,0.999980092048645
plus_occlusion,1,189,/home/nochi/NOCHI/M2_PAR/Apprenyissage_Pointcloud/Pointclouds-classification-with-the-POINTNET-Neural-network/PointNetLab/data/ModelNet10_PLY/chair/test/chair_0929.ply,2,2,chair,chair,0.9985063076019287
plus_occlusion,1,190,/home/nochi/NOCHI/M2_PAR/Apprenyissage_Pointcloud/Pointclouds-classification-with-the-POINTNET-Neural-network/PointNetLab/data/ModelNet10_PLY/chair/test/chair_0930.ply,2,2,chair,chair,0.9997472167015076
plus_occlusion,1,191,/home/nochi/NOCHI/M2_PAR/Apprenyissage_Pointcloud/Pointclouds-classification-with-the-POINTNET-Neural-network/PointNetLab/data/ModelNet10_PLY/chair/test/chair_0931.ply,2,2,chair,chair,0.9998946189880371
plus_occlusion,1,192,/home/nochi/NOCHI/M2_PAR/Apprenyissage_Pointcloud/Pointclouds-classification-with-the-POINTNET-Neural-network/PointNetLab/data/ModelNet10_PLY/chair/test/chair_0932.ply,2,2,chair,chair,0.9952049851417542
plus_occlusion,1,193,/home/nochi/NOCHI/M2_PAR/Apprenyissage_Pointcloud/Pointclouds-classification-with-the-POINTNET-Neural-network/PointNetLab/data/ModelNet10_PLY/chair/test/chair_0933.ply,2,2,chair,chair,0.9997962117195129
plus_occlusion,1,194,/home/nochi/NOCHI/M2_PAR/Apprenyissage_Pointcloud/Pointclouds-classification-with-the-POINTNET-Neural-network/PointNetLab/data/ModelNet10_PLY/chair/test/chair_0934.ply,2,2,chair,chair,0.9995930790901184
plus_occlusion,1,195,/home/nochi/NOCHI/M2_PAR/Apprenyissage_Pointcloud/Pointclouds-classification-with-the-POINTNET-Neural-network/PointNetLab/data/ModelNet10_PLY/chair/test/chair_0935.ply,2,2,chair,chair,0.9978919625282288
plus_occlusion,1,196,/home/nochi/NOCHI/M2_PAR/Apprenyissage_Pointcloud/Pointclouds-classification-with-the-POINTNET-Neural-network/PointNetLab/data/ModelNet10_PLY/chair/test/chair_0936.ply,2,2,chair,chair,0.9365212917327881
plus_occlusion,1,197,/home/nochi/NOCHI/M2_PAR/Apprenyissage_Pointcloud/Pointclouds-classification-with-the-POINTNET-Neural-network/PointNetLab/data/ModelNet10_PLY/chair/test/chair_0937.ply,2,2,chair,chair,0.999687671661377
plus_occlusion,1,198,/home/nochi/NOCHI/M2_PAR/Apprenyissage_Pointcloud/Pointclouds-classification-with-the-POINTNET-Neural-network/PointNetLab/data/ModelNet10_PLY/chair/test/chair_0938.ply,2,2,chair,chair,0.9996631145477295
plus_occlusion,1,199,/home/nochi/NOCHI/M2_PAR/Apprenyissage_Pointcloud/Pointclouds-classification-with-the-POINTNET-Neural-network/PointNetLab/data/ModelNet10_PLY/chair/test/chair_0939.ply,2,2,chair,chair,0.9971346855163574
plus_occlusion,1,200,/home/nochi/NOCHI/M2_PAR/Apprenyissage_Pointcloud/Pointclouds-classification-with-the-POINTNET-Neural-network/PointNetLab/data/ModelNet10_PLY/chair/test/chair_0940.ply,2,2,chair,chair,0.9994311332702637
plus_occlusion,1,201,/home/nochi/NOCHI/M2_PAR/Apprenyissage_Pointcloud/Pointclouds-classification-with-the-POINTNET-Neural-network/PointNetLab/data/ModelNet10_PLY/chair/test/chair_0941.ply,2,2,chair,chair,0.9966819286346436
plus_occlusion,1,202,/home/nochi/NOCHI/M2_PAR/Apprenyissage_Pointcloud/Pointclouds-classification-with-the-POINTNET-Neural-network/PointNetLab/data/ModelNet10_PLY/chair/test/chair_0942.ply,2,2,chair,chair,0.9991543292999268
plus_occlusion,1,203,/home/nochi/NOCHI/M2_PAR/Apprenyissage_Pointcloud/Pointclouds-classification-with-the-POINTNET-Neural-network/PointNetLab/data/ModelNet10_PLY/chair/test/chair_0943.ply,2,2,chair,chair,0.9977208971977234
plus_occlusion,1,204,/home/nochi/NOCHI/M2_PAR/Apprenyissage_Pointcloud/Pointclouds-classification-with-the-POINTNET-Neural-network/PointNetLab/data/ModelNet10_PLY/chair/test/chair_0944.ply,2,2,chair,chair,0.9987401366233826
plus_occlusion,1,205,/home/nochi/NOCHI/M2_PAR/Apprenyissage_Pointcloud/Pointclouds-classification-with-the-POINTNET-Neural-network/PointNetLab/data/ModelNet10_PLY/chair/test/chair_0945.ply,2,2,chair,chair,0.9988113641738892
plus_occlusion,1,206,/home/nochi/NOCHI/M2_PAR/Apprenyissage_Pointcloud/Pointclouds-classification-with-the-POINTNET-Neural-network/PointNetLab/data/ModelNet10_PLY/chair/test/chair_0946.ply,2,2,chair,chair,0.9968221187591553
plus_occlusion,1,207,/home/nochi/NOCHI/M2_PAR/Apprenyissage_Pointcloud/Pointclouds-classification-with-the-POINTNET-Neural-network/PointNetLab/data/ModelNet10_PLY/chair/test/chair_0947.ply,2,2,chair,chair,0.9978371262550354
plus_occlusion,1,208,/home/nochi/NOCHI/M2_PAR/Apprenyissage_Pointcloud/Pointclouds-classification-with-the-POINTNET-Neural-network/PointNetLab/data/ModelNet10_PLY/chair/test/chair_0948.ply,2,2,chair,chair,0.9988132119178772
plus_occlusion,1,209,/home/nochi/NOCHI/M2_PAR/Apprenyissage_Pointcloud/Pointclouds-classification-with-the-POINTNET-Neural-network/PointNetLab/data/ModelNet10_PLY/chair/test/chair_0949.ply,2,2,chair,chair,0.9999411106109619
plus_occlusion,1,210,/home/nochi/NOCHI/M2_PAR/Apprenyissage_Pointcloud/Pointclouds-classification-with-the-POINTNET-Neural-network/PointNetLab/data/ModelNet10_PLY/chair/test/chair_0950.ply,2,2,chair,chair,0.9475641250610352
plus_occlusion,1,211,/home/nochi/NOCHI/M2_PAR/Apprenyissage_Pointcloud/Pointclouds-classification-with-the-POINTNET-Neural-network/PointNetLab/data/ModelNet10_PLY/chair/test/chair_0951.ply,2,2,chair,chair,0.9998610615730286
plus_occlusion,1,212,/home/nochi/NOCHI/M2_PAR/Apprenyissage_Pointcloud/Pointclouds-classification-with-the-POINTNET-Neural-network/PointNetLab/data/ModelNet10_PLY/chair/test/chair_0952.ply,2,2,chair,chair,0.9998499751091003
plus_occlusion,1,213,/home/nochi/NOCHI/M2_PAR/Apprenyissage_Pointcloud/Pointclouds-classification-with-the-POINTNET-Neural-network/PointNetLab/data/ModelNet10_PLY/chair/test/chair_0953.ply,2,2,chair,chair,0.968283474445343
plus_occlusion,1,214,/home/nochi/NOCHI/M2_PAR/Apprenyissage_Pointcloud/Pointclouds-classification-with-the-POINTNET-Neural-network/PointNetLab/data/ModelNet10_PLY/chair/test/chair_0954.ply,2,2,chair,chair,0.9996722340583801
plus_occlusion,1,215,/home/nochi/NOCHI/M2_PAR/Apprenyissage_Pointcloud/Pointclouds-classification-with-the-POINTNET-Neural-network/PointNetLab/data/ModelNet10_PLY/chair/test/chair_0955.ply,2,2,chair,chair,0.9839118123054504
plus_occlusion,1,216,/home/nochi/NOCHI/M2_PAR/Apprenyissage_Pointcloud/Pointclouds-classification-with-the-POINTNET-Neural-network/PointNetLab/data/ModelNet10_PLY/chair/test/chair_0956.ply,2,2,chair,chair,0.9996893405914307
plus_occlusion,1,217,/home/nochi/NOCHI/M2_PAR/Apprenyissage_Pointcloud/Pointclouds-classification-with-the-POINTNET-Neural-network/PointNetLab/data/ModelNet10_PLY/chair/test/chair_0957.ply,2,2,chair,chair,0.9996370077133179
plus_occlusion,1,218,/home/nochi/NOCHI/M2_PAR/Apprenyissage_Pointcloud/Pointclouds-classification-with-the-POINTNET-Neural-network/PointNetLab/data/ModelNet10_PLY/chair/test/chair_0958.ply,2,2,chair,chair,0.9984050989151001
plus_occlusion,1,219,/home/nochi/NOCHI/M2_PAR/Apprenyissage_Pointcloud/Pointclouds-classification-with-the-POINTNET-Neural-network/PointNetLab/data/ModelNet10_PLY/chair/test/chair_0959.ply,2,2,chair,chair,0.9989855289459229
plus_occlusion,1,220,/home/nochi/NOCHI/M2_PAR/Apprenyissage_Pointcloud/Pointclouds-classification-with-the-POINTNET-Neural-network/PointNetLab/data/ModelNet10_PLY/chair/test/chair_0960.ply,2,2,chair,chair,0.9997512698173523
plus_occlusion,1,221,/home/nochi/NOCHI/M2_PAR/Apprenyissage_Pointcloud/Pointclouds-classification-with-the-POINTNET-Neural-network/PointNetLab/data/ModelNet10_PLY/chair/test/chair_0961.ply,2,2,chair,chair,0.9998196959495544
plus_occlusion,1,222,/home/nochi/NOCHI/M2_PAR/Apprenyissage_Pointcloud/Pointclouds-classification-with-the-POINTNET-Neural-network/PointNetLab/data/ModelNet10_PLY/chair/test/chair_0962.ply,2,2,chair,chair,0.9999688267707825
plus_occlusion,1,223,/home/nochi/NOCHI/M2_PAR/Apprenyissage_Pointcloud/Pointclouds-classification-with-the-POINTNET-Neural-network/PointNetLab/data/ModelNet10_PLY/chair/test/chair_0963.ply,2,2,chair,chair,0.9997261762619019
plus_occlusion,1,224,/home/nochi/NOCHI/M2_PAR/Apprenyissage_Pointcloud/Pointclouds-classification-with-the-POINTNET-Neural-network/PointNetLab/data/ModelNet10_PLY/chair/test/chair_0964.ply,2,2,chair,chair,0.9998966455459595
plus_occlusion,1,225,/home/nochi/NOCHI/M2_PAR/Apprenyissage_Pointcloud/Pointclouds-classification-with-the-POINTNET-Neural-network/PointNetLab/data/ModelNet10_PLY/chair/test/chair_0965.ply,2,2,chair,chair,0.9999744892120361
plus_occlusion,1,226,/home/nochi/NOCHI/M2_PAR/Apprenyissage_Pointcloud/Pointclouds-classification-with-the-POINTNET-Neural-network/PointNetLab/data/ModelNet10_PLY/chair/test/chair_0966.ply,2,2,chair,chair,0.9996928572654724
plus_occlusion,1,227,/home/nochi/NOCHI/M2_PAR/Apprenyissage_Pointcloud/Pointclouds-classification-with-the-POINTNET-Neural-network/PointNetLab/data/ModelNet10_PLY/chair/test/chair_0967.ply,2,2,chair,chair,0.999811053276062
plus_occlusion,1,228,/home/nochi/NOCHI/M2_PAR/Apprenyissage_Pointcloud/Pointclouds-classification-with-the-POINTNET-Neural-network/PointNetLab/data/ModelNet10_PLY/chair/test/chair_0968.ply,2,2,chair,chair,0.9965599775314331
plus_occlusion,1,229,/home/nochi/NOCHI/M2_PAR/Apprenyissage_Pointcloud/Pointclouds-classification-with-the-POINTNET-Neural-network/PointNetLab/data/ModelNet10_PLY/chair/test/chair_0969.ply,2,2,chair,chair,0.9997435212135315
plus_occlusion,1,230,/home/nochi/NOCHI/M2_PAR/Apprenyissage_Pointcloud/Pointclouds-classification-with-the-POINTNET-Neural-network/PointNetLab/data/ModelNet10_PLY/chair/test/chair_0970.ply,2,2,chair,chair,0.999335527420044
plus_occlusion,1,231,/home/nochi/NOCHI/M2_PAR/Apprenyissage_Pointcloud/Pointclouds-classification-with-the-POINTNET-Neural-network/PointNetLab/data/ModelNet10_PLY/chair/test/chair_0971.ply,2,2,chair,chair,0.9995031356811523
plus_occlusion,1,232,/home/nochi/NOCHI/M2_PAR/Apprenyissage_Pointcloud/Pointclouds-classification-with-the-POINTNET-Neural-network/PointNetLab/data/ModelNet10_PLY/chair/test/chair_0972.ply,2,2,chair,chair,0.9993650913238525
plus_occlusion,1,233,/home/nochi/NOCHI/M2_PAR/Apprenyissage_Pointcloud/Pointclouds-classification-with-the-POINTNET-Neural-network/PointNetLab/data/ModelNet10_PLY/chair/test/chair_0973.ply,2,2,chair,chair,0.9997695088386536
plus_occlusion,1,234,/home/nochi/NOCHI/M2_PAR/Apprenyissage_Pointcloud/Pointclouds-classification-with-the-POINTNET-Neural-network/PointNetLab/data/ModelNet10_PLY/chair/test/chair_0974.ply,2,2,chair,chair,0.9974977374076843
plus_occlusion,1,235,/home/nochi/NOCHI/M2_PAR/Apprenyissage_Pointcloud/Pointclouds-classification-with-the-POINTNET-Neural-network/PointNetLab/data/ModelNet10_PLY/chair/test/chair_0975.ply,2,2,chair,chair,0.9983803033828735
plus_occlusion,1,236,/home/nochi/NOCHI/M2_PAR/Apprenyissage_Pointcloud/Pointclouds-classification-with-the-POINTNET-Neural-network/PointNetLab/data/ModelNet10_PLY/chair/test/chair_0976.ply,2,4,chair,dresser,0.7542896270751953
plus_occlusion,1,237,/home/nochi/NOCHI/M2_PAR/Apprenyissage_Pointcloud/Pointclouds-classification-with-the-POINTNET-Neural-network/PointNetLab/data/ModelNet10_PLY/chair/test/chair_0977.ply,2,2,chair,chair,0.9998847842216492
plus_occlusion,1,238,/home/nochi/NOCHI/M2_PAR/Apprenyissage_Pointcloud/Pointclouds-classification-with-the-POINTNET-Neural-network/PointNetLab/data/ModelNet10_PLY/chair/test/chair_0978.ply,2,2,chair,chair,0.9994418621063232
plus_occlusion,1,239,/home/nochi/NOCHI/M2_PAR/Apprenyissage_Pointcloud/Pointclouds-classification-with-the-POINTNET-Neural-network/PointNetLab/data/ModelNet10_PLY/chair/test/chair_0979.ply,2,2,chair,chair,0.9995562434196472
plus_occlusion,1,240,/home/nochi/NOCHI/M2_PAR/Apprenyissage_Pointcloud/Pointclouds-classification-with-the-POINTNET-Neural-network/PointNetLab/data/ModelNet10_PLY/chair/test/chair_0980.ply,2,2,chair,chair,0.9977818131446838
plus_occlusion,1,241,/home/nochi/NOCHI/M2_PAR/Apprenyissage_Pointcloud/Pointclouds-classification-with-the-POINTNET-Neural-network/PointNetLab/data/ModelNet10_PLY/chair/test/chair_0981.ply,2,2,chair,chair,0.9910169839859009
plus_occlusion,1,242,/home/nochi/NOCHI/M2_PAR/Apprenyissage_Pointcloud/Pointclouds-classification-with-the-POINTNET-Neural-network/PointNetLab/data/ModelNet10_PLY/chair/test/chair_0982.ply,2,2,chair,chair,0.9977127313613892
plus_occlusion,1,243,/home/nochi/NOCHI/M2_PAR/Apprenyissage_Pointcloud/Pointclouds-classification-with-the-POINTNET-Neural-network/PointNetLab/data/ModelNet10_PLY/chair/test/chair_0983.ply,2,2,chair,chair,0.999861478805542
plus_occlusion,1,244,/home/nochi/NOCHI/M2_PAR/Apprenyissage_Pointcloud/Pointclouds-classification-with-the-POINTNET-Neural-network/PointNetLab/data/ModelNet10_PLY/chair/test/chair_0984.ply,2,2,chair,chair,0.9609439373016357
plus_occlusion,1,245,/home/nochi/NOCHI/M2_PAR/Apprenyissage_Pointcloud/Pointclouds-classification-with-the-POINTNET-Neural-network/PointNetLab/data/ModelNet10_PLY/chair/test/chair_0985.ply,2,2,chair,chair,0.9956287741661072
plus_occlusion,1,246,/home/nochi/NOCHI/M2_PAR/Apprenyissage_Pointcloud/Pointclouds-classification-with-the-POINTNET-Neural-network/PointNetLab/data/ModelNet10_PLY/chair/test/chair_0986.ply,2,2,chair,chair,0.9989432096481323
plus_occlusion,1,247,/home/nochi/NOCHI/M2_PAR/Apprenyissage_Pointcloud/Pointclouds-classification-with-the-POINTNET-Neural-network/PointNetLab/data/ModelNet10_PLY/chair/test/chair_0987.ply,2,2,chair,chair,0.9998053908348083
plus_occlusion,1,248,/home/nochi/NOCHI/M2_PAR/Apprenyissage_Pointcloud/Pointclouds-classification-with-the-POINTNET-Neural-network/PointNetLab/data/ModelNet10_PLY/chair/test/chair_0988.ply,2,2,chair,chair,0.987425684928894
plus_occlusion,1,249,/home/nochi/NOCHI/M2_PAR/Apprenyissage_Pointcloud/Pointclouds-classification-with-the-POINTNET-Neural-network/PointNetLab/data/ModelNet10_PLY/chair/test/chair_0989.ply,2,2,chair,chair,0.9996497631072998
plus_occlusion,1,250,/home/nochi/NOCHI/M2_PAR/Apprenyissage_Pointcloud/Pointclouds-classification-with-the-POINTNET-Neural-network/PointNetLab/data/ModelNet10_PLY/desk/test/desk_0201.ply,3,3,desk,desk,0.9880063533782959
plus_occlusion,1,251,/home/nochi/NOCHI/M2_PAR/Apprenyissage_Pointcloud/Pointclouds-classification-with-the-POINTNET-Neural-network/PointNetLab/data/ModelNet10_PLY/desk/test/desk_0202.ply,3,8,desk,table,0.9886478781700134
plus_occlusion,1,252,/home/nochi/NOCHI/M2_PAR/Apprenyissage_Pointcloud/Pointclouds-classification-with-the-POINTNET-Neural-network/PointNetLab/data/ModelNet10_PLY/desk/test/desk_0203.ply,3,3,desk,desk,0.9171105623245239
plus_occlusion,1,253,/home/nochi/NOCHI/M2_PAR/Apprenyissage_Pointcloud/Pointclouds-classification-with-the-POINTNET-Neural-network/PointNetLab/data/ModelNet10_PLY/desk/test/desk_0204.ply,3,5,desk,monitor,0.427157461643219
plus_occlusion,1,254,/home/nochi/NOCHI/M2_PAR/Apprenyissage_Pointcloud/Pointclouds-classification-with-the-POINTNET-Neural-network/PointNetLab/data/ModelNet10_PLY/desk/test/desk_0205.ply,3,3,desk,desk,0.817179799079895
plus_occlusion,1,255,/home/nochi/NOCHI/M2_PAR/Apprenyissage_Pointcloud/Pointclouds-classification-with-the-POINTNET-Neural-network/PointNetLab/data/ModelNet10_PLY/desk/test/desk_0206.ply,3,3,desk,desk,0.9958995580673218
plus_occlusion,1,256,/home/nochi/NOCHI/M2_PAR/Apprenyissage_Pointcloud/Pointclouds-classification-with-the-POINTNET-Neural-network/PointNetLab/data/ModelNet10_PLY/desk/test/desk_0207.ply,3,3,desk,desk,0.5139234066009521
plus_occlusion,1,257,/home/nochi/NOCHI/M2_PAR/Apprenyissage_Pointcloud/Pointclouds-classification-with-the-POINTNET-Neural-network/PointNetLab/data/ModelNet10_PLY/desk/test/desk_0208.ply,3,3,desk,desk,0.9735878109931946
plus_occlusion,1,258,/home/nochi/NOCHI/M2_PAR/Apprenyissage_Pointcloud/Pointclouds-classification-with-the-POINTNET-Neural-network/PointNetLab/data/ModelNet10_PLY/desk/test/desk_0209.ply,3,3,desk,desk,0.9846736192703247
plus_occlusion,1,259,/home/nochi/NOCHI/M2_PAR/Apprenyissage_Pointcloud/Pointclouds-classification-with-the-POINTNET-Neural-network/PointNetLab/data/ModelNet10_PLY/desk/test/desk_0210.ply,3,7,desk,sofa,0.9930601119995117
plus_occlusion,1,260,/home/nochi/NOCHI/M2_PAR/Apprenyissage_Pointcloud/Pointclouds-classification-with-the-POINTNET-Neural-network/PointNetLab/data/ModelNet10_PLY/desk/test/desk_0211.ply,3,8,desk,table,0.9132652878761292
plus_occlusion,1,261,/home/nochi/NOCHI/M2_PAR/Apprenyissage_Pointcloud/Pointclouds-classification-with-the-POINTNET-Neural-network/PointNetLab/data/ModelNet10_PLY/desk/test/desk_0212.ply,3,3,desk,desk,0.9936978220939636
plus_occlusion,1,262,/home/nochi/NOCHI/M2_PAR/Apprenyissage_Pointcloud/Pointclouds-classification-with-the-POINTNET-Neural-network/PointNetLab/data/ModelNet10_PLY/desk/test/desk_0213.ply,3,3,desk,desk,0.9887688755989075
plus_occlusion,1,263,/home/nochi/NOCHI/M2_PAR/Apprenyissage_Pointcloud/Pointclouds-classification-with-the-POINTNET-Neural-network/PointNetLab/data/ModelNet10_PLY/desk/test/desk_0214.ply,3,3,desk,desk,0.8017749190330505
plus_occlusion,1,264,/home/nochi/NOCHI/M2_PAR/Apprenyissage_Pointcloud/Pointclouds-classification-with-the-POINTNET-Neural-network/PointNetLab/data/ModelNet10_PLY/desk/test/desk_0215.ply,3,3,desk,desk,0.9437722563743591
plus_occlusion,1,265,/home/nochi/NOCHI/M2_PAR/Apprenyissage_Pointcloud/Pointclouds-classification-with-the-POINTNET-Neural-network/PointNetLab/data/ModelNet10_PLY/desk/test/desk_0216.ply,3,3,desk,desk,0.9964713454246521
plus_occlusion,1,266,/home/nochi/NOCHI/M2_PAR/Apprenyissage_Pointcloud/Pointclouds-classification-with-the-POINTNET-Neural-network/PointNetLab/data/ModelNet10_PLY/desk/test/desk_0217.ply,3,3,desk,desk,0.9637690782546997
plus_occlusion,1,267,/home/nochi/NOCHI/M2_PAR/Apprenyissage_Pointcloud/Pointclouds-classification-with-the-POINTNET-Neural-network/PointNetLab/data/ModelNet10_PLY/desk/test/desk_0218.ply,3,8,desk,table,0.8355605006217957
plus_occlusion,1,268,/home/nochi/NOCHI/M2_PAR/Apprenyissage_Pointcloud/Pointclouds-classification-with-the-POINTNET-Neural-network/PointNetLab/data/ModelNet10_PLY/desk/test/desk_0219.ply,3,3,desk,desk,0.7177906036376953
plus_occlusion,1,269,/home/nochi/NOCHI/M2_PAR/Apprenyissage_Pointcloud/Pointclouds-classification-with-the-POINTNET-Neural-network/PointNetLab/data/ModelNet10_PLY/desk/test/desk_0220.ply,3,3,desk,desk,0.9605424404144287
plus_occlusion,1,270,/home/nochi/NOCHI/M2_PAR/Apprenyissage_Pointcloud/Pointclouds-classification-with-the-POINTNET-Neural-network/PointNetLab/data/ModelNet10_PLY/desk/test/desk_0221.ply,3,3,desk,desk,0.5710741281509399
plus_occlusion,1,271,/home/nochi/NOCHI/M2_PAR/Apprenyissage_Pointcloud/Pointclouds-classification-with-the-POINTNET-Neural-network/PointNetLab/data/ModelNet10_PLY/desk/test/desk_0222.ply,3,3,desk,desk,0.4997953772544861
plus_occlusion,1,272,/home/nochi/NOCHI/M2_PAR/Apprenyissage_Pointcloud/Pointclouds-classification-with-the-POINTNET-Neural-network/PointNetLab/data/ModelNet10_PLY/desk/test/desk_0223.ply,3,3,desk,desk,0.9787350296974182
plus_occlusion,1,273,/home/nochi/NOCHI/M2_PAR/Apprenyissage_Pointcloud/Pointclouds-classification-with-the-POINTNET-Neural-network/PointNetLab/data/ModelNet10_PLY/desk/test/desk_0224.ply,3,8,desk,table,0.8530636429786682
plus_occlusion,1,274,/home/nochi/NOCHI/M2_PAR/Apprenyissage_Pointcloud/Pointclouds-classification-with-the-POINTNET-Neural-network/PointNetLab/data/ModelNet10_PLY/desk/test/desk_0225.ply,3,3,desk,desk,0.9331219792366028
plus_occlusion,1,275,/home/nochi/NOCHI/M2_PAR/Apprenyissage_Pointcloud/Pointclouds-classification-with-the-POINTNET-Neural-network/PointNetLab/data/ModelNet10_PLY/desk/test/desk_0226.ply,3,3,desk,desk,0.9795895218849182
plus_occlusion,1,276,/home/nochi/NOCHI/M2_PAR/Apprenyissage_Pointcloud/Pointclouds-classification-with-the-POINTNET-Neural-network/PointNetLab/data/ModelNet10_PLY/desk/test/desk_0227.ply,3,3,desk,desk,0.9247636795043945
plus_occlusion,1,277,/home/nochi/NOCHI/M2_PAR/Apprenyissage_Pointcloud/Pointclouds-classification-with-the-POINTNET-Neural-network/PointNetLab/data/ModelNet10_PLY/desk/test/desk_0228.ply,3,3,desk,desk,0.940654993057251
plus_occlusion,1,278,/home/nochi/NOCHI/M2_PAR/Apprenyissage_Pointcloud/Pointclouds-classification-with-the-POINTNET-Neural-network/PointNetLab/data/ModelNet10_PLY/desk/test/desk_0229.ply,3,3,desk,desk,0.9762148261070251
plus_occlusion,1,279,/home/nochi/NOCHI/M2_PAR/Apprenyissage_Pointcloud/Pointclouds-classification-with-the-POINTNET-Neural-network/PointNetLab/data/ModelNet10_PLY/desk/test/desk_0230.ply,3,3,desk,desk,0.8152319192886353
plus_occlusion,1,280,/home/nochi/NOCHI/M2_PAR/Apprenyissage_Pointcloud/Pointclouds-classification-with-the-POINTNET-Neural-network/PointNetLab/data/ModelNet10_PLY/desk/test/desk_0231.ply,3,3,desk,desk,0.8571188449859619
plus_occlusion,1,281,/home/nochi/NOCHI/M2_PAR/Apprenyissage_Pointcloud/Pointclouds-classification-with-the-POINTNET-Neural-network/PointNetLab/data/ModelNet10_PLY/desk/test/desk_0232.ply,3,8,desk,table,0.6782286167144775
plus_occlusion,1,282,/home/nochi/NOCHI/M2_PAR/Apprenyissage_Pointcloud/Pointclouds-classification-with-the-POINTNET-Neural-network/PointNetLab/data/ModelNet10_PLY/desk/test/desk_0233.ply,3,3,desk,desk,0.49683260917663574
plus_occlusion,1,283,/home/nochi/NOCHI/M2_PAR/Apprenyissage_Pointcloud/Pointclouds-classification-with-the-POINTNET-Neural-network/PointNetLab/data/ModelNet10_PLY/desk/test/desk_0234.ply,3,8,desk,table,0.9482312202453613
plus_occlusion,1,284,/home/nochi/NOCHI/M2_PAR/Apprenyissage_Pointcloud/Pointclouds-classification-with-the-POINTNET-Neural-network/PointNetLab/data/ModelNet10_PLY/desk/test/desk_0235.ply,3,3,desk,desk,0.989398181438446
plus_occlusion,1,285,/home/nochi/NOCHI/M2_PAR/Apprenyissage_Pointcloud/Pointclouds-classification-with-the-POINTNET-Neural-network/PointNetLab/data/ModelNet10_PLY/desk/test/desk_0236.ply,3,3,desk,desk,0.9063264727592468
plus_occlusion,1,286,/home/nochi/NOCHI/M2_PAR/Apprenyissage_Pointcloud/Pointclouds-classification-with-the-POINTNET-Neural-network/PointNetLab/data/ModelNet10_PLY/desk/test/desk_0237.ply,3,3,desk,desk,0.9591639041900635
plus_occlusion,1,287,/home/nochi/NOCHI/M2_PAR/Apprenyissage_Pointcloud/Pointclouds-classification-with-the-POINTNET-Neural-network/PointNetLab/data/ModelNet10_PLY/desk/test/desk_0238.ply,3,3,desk,desk,0.9014206528663635
plus_occlusion,1,288,/home/nochi/NOCHI/M2_PAR/Apprenyissage_Pointcloud/Pointclouds-classification-with-the-POINTNET-Neural-network/PointNetLab/data/ModelNet10_PLY/desk/test/desk_0239.ply,3,3,desk,desk,0.9113165736198425
plus_occlusion,1,289,/home/nochi/NOCHI/M2_PAR/Apprenyissage_Pointcloud/Pointclouds-classification-with-the-POINTNET-Neural-network/PointNetLab/data/ModelNet10_PLY/desk/test/desk_0240.ply,3,3,desk,desk,0.9845423102378845
plus_occlusion,1,290,/home/nochi/NOCHI/M2_PAR/Apprenyissage_Pointcloud/Pointclouds-classification-with-the-POINTNET-Neural-network/PointNetLab/data/ModelNet10_PLY/desk/test/desk_0241.ply,3,3,desk,desk,0.98842853307724
plus_occlusion,1,291,/home/nochi/NOCHI/M2_PAR/Apprenyissage_Pointcloud/Pointclouds-classification-with-the-POINTNET-Neural-network/PointNetLab/data/ModelNet10_PLY/desk/test/desk_0242.ply,3,8,desk,table,0.9563202857971191
plus_occlusion,1,292,/home/nochi/NOCHI/M2_PAR/Apprenyissage_Pointcloud/Pointclouds-classification-with-the-POINTNET-Neural-network/PointNetLab/data/ModelNet10_PLY/desk/test/desk_0243.ply,3,7,desk,sofa,0.8833099603652954
plus_occlusion,1,293,/home/nochi/NOCHI/M2_PAR/Apprenyissage_Pointcloud/Pointclouds-classification-with-the-POINTNET-Neural-network/PointNetLab/data/ModelNet10_PLY/desk/test/desk_0244.ply,3,3,desk,desk,0.9528142213821411
plus_occlusion,1,294,/home/nochi/NOCHI/M2_PAR/Apprenyissage_Pointcloud/Pointclouds-classification-with-the-POINTNET-Neural-network/PointNetLab/data/ModelNet10_PLY/desk/test/desk_0245.ply,3,3,desk,desk,0.6998269557952881
plus_occlusion,1,295,/home/nochi/NOCHI/M2_PAR/Apprenyissage_Pointcloud/Pointclouds-classification-with-the-POINTNET-Neural-network/PointNetLab/data/ModelNet10_PLY/desk/test/desk_0246.ply,3,3,desk,desk,0.7432705760002136
plus_occlusion,1,296,/home/nochi/NOCHI/M2_PAR/Apprenyissage_Pointcloud/Pointclouds-classification-with-the-POINTNET-Neural-network/PointNetLab/data/ModelNet10_PLY/desk/test/desk_0247.ply,3,7,desk,sofa,0.8968585133552551
plus_occlusion,1,297,/home/nochi/NOCHI/M2_PAR/Apprenyissage_Pointcloud/Pointclouds-classification-with-the-POINTNET-Neural-network/PointNetLab/data/ModelNet10_PLY/desk/test/desk_0248.ply,3,3,desk,desk,0.9095865488052368
plus_occlusion,1,298,/home/nochi/NOCHI/M2_PAR/Apprenyissage_Pointcloud/Pointclouds-classification-with-the-POINTNET-Neural-network/PointNetLab/data/ModelNet10_PLY/desk/test/desk_0249.ply,3,8,desk,table,0.7322920560836792
plus_occlusion,1,299,/home/nochi/NOCHI/M2_PAR/Apprenyissage_Pointcloud/Pointclouds-classification-with-the-POINTNET-Neural-network/PointNetLab/data/ModelNet10_PLY/desk/test/desk_0250.ply,3,3,desk,desk,0.8625596165657043
plus_occlusion,1,300,/home/nochi/NOCHI/M2_PAR/Apprenyissage_Pointcloud/Pointclouds-classification-with-the-POINTNET-Neural-network/PointNetLab/data/ModelNet10_PLY/desk/test/desk_0251.ply,3,8,desk,table,0.9310067892074585
plus_occlusion,1,301,/home/nochi/NOCHI/M2_PAR/Apprenyissage_Pointcloud/Pointclouds-classification-with-the-POINTNET-Neural-network/PointNetLab/data/ModelNet10_PLY/desk/test/desk_0252.ply,3,3,desk,desk,0.6291986107826233
plus_occlusion,1,302,/home/nochi/NOCHI/M2_PAR/Apprenyissage_Pointcloud/Pointclouds-classification-with-the-POINTNET-Neural-network/PointNetLab/data/ModelNet10_PLY/desk/test/desk_0253.ply,3,7,desk,sofa,0.7721239328384399
plus_occlusion,1,303,/home/nochi/NOCHI/M2_PAR/Apprenyissage_Pointcloud/Pointclouds-classification-with-the-POINTNET-Neural-network/PointNetLab/data/ModelNet10_PLY/desk/test/desk_0254.ply,3,8,desk,table,0.5310695767402649
plus_occlusion,1,304,/home/nochi/NOCHI/M2_PAR/Apprenyissage_Pointcloud/Pointclouds-classification-with-the-POINTNET-Neural-network/PointNetLab/data/ModelNet10_PLY/desk/test/desk_0255.ply,3,8,desk,table,0.6192262172698975
plus_occlusion,1,305,/home/nochi/NOCHI/M2_PAR/Apprenyissage_Pointcloud/Pointclouds-classification-with-the-POINTNET-Neural-network/PointNetLab/data/ModelNet10_PLY/desk/test/desk_0256.ply,3,3,desk,desk,0.9362873435020447
plus_occlusion,1,306,/home/nochi/NOCHI/M2_PAR/Apprenyissage_Pointcloud/Pointclouds-classification-with-the-POINTNET-Neural-network/PointNetLab/data/ModelNet10_PLY/desk/test/desk_0257.ply,3,3,desk,desk,0.9792532920837402
plus_occlusion,1,307,/home/nochi/NOCHI/M2_PAR/Apprenyissage_Pointcloud/Pointclouds-classification-with-the-POINTNET-Neural-network/PointNetLab/data/ModelNet10_PLY/desk/test/desk_0258.ply,3,3,desk,desk,0.5510077476501465
plus_occlusion,1,308,/home/nochi/NOCHI/M2_PAR/Apprenyissage_Pointcloud/Pointclouds-classification-with-the-POINTNET-Neural-network/PointNetLab/data/ModelNet10_PLY/desk/test/desk_0259.ply,3,3,desk,desk,0.7341976761817932
plus_occlusion,1,309,/home/nochi/NOCHI/M2_PAR/Apprenyissage_Pointcloud/Pointclouds-classification-with-the-POINTNET-Neural-network/PointNetLab/data/ModelNet10_PLY/desk/test/desk_0260.ply,3,3,desk,desk,0.9863193035125732
plus_occlusion,1,310,/home/nochi/NOCHI/M2_PAR/Apprenyissage_Pointcloud/Pointclouds-classification-with-the-POINTNET-Neural-network/PointNetLab/data/ModelNet10_PLY/desk/test/desk_0261.ply,3,3,desk,desk,0.9697670340538025
plus_occlusion,1,311,/home/nochi/NOCHI/M2_PAR/Apprenyissage_Pointcloud/Pointclouds-classification-with-the-POINTNET-Neural-network/PointNetLab/data/ModelNet10_PLY/desk/test/desk_0262.ply,3,3,desk,desk,0.9401888251304626
plus_occlusion,1,312,/home/nochi/NOCHI/M2_PAR/Apprenyissage_Pointcloud/Pointclouds-classification-with-the-POINTNET-Neural-network/PointNetLab/data/ModelNet10_PLY/desk/test/desk_0263.ply,3,3,desk,desk,0.8548702001571655
plus_occlusion,1,313,/home/nochi/NOCHI/M2_PAR/Apprenyissage_Pointcloud/Pointclouds-classification-with-the-POINTNET-Neural-network/PointNetLab/data/ModelNet10_PLY/desk/test/desk_0264.ply,3,3,desk,desk,0.9614835977554321
plus_occlusion,1,314,/home/nochi/NOCHI/M2_PAR/Apprenyissage_Pointcloud/Pointclouds-classification-with-the-POINTNET-Neural-network/PointNetLab/data/ModelNet10_PLY/desk/test/desk_0265.ply,3,8,desk,table,0.8498380780220032
plus_occlusion,1,315,/home/nochi/NOCHI/M2_PAR/Apprenyissage_Pointcloud/Pointclouds-classification-with-the-POINTNET-Neural-network/PointNetLab/data/ModelNet10_PLY/desk/test/desk_0266.ply,3,9,desk,toilet,0.5282202959060669
plus_occlusion,1,316,/home/nochi/NOCHI/M2_PAR/Apprenyissage_Pointcloud/Pointclouds-classification-with-the-POINTNET-Neural-network/PointNetLab/data/ModelNet10_PLY/desk/test/desk_0267.ply,3,8,desk,table,0.6171570420265198
plus_occlusion,1,317,/home/nochi/NOCHI/M2_PAR/Apprenyissage_Pointcloud/Pointclouds-classification-with-the-POINTNET-Neural-network/PointNetLab/data/ModelNet10_PLY/desk/test/desk_0268.ply,3,8,desk,table,0.6115198731422424
plus_occlusion,1,318,/home/nochi/NOCHI/M2_PAR/Apprenyissage_Pointcloud/Pointclouds-classification-with-the-POINTNET-Neural-network/PointNetLab/data/ModelNet10_PLY/desk/test/desk_0269.ply,3,3,desk,desk,0.981640636920929
plus_occlusion,1,319,/home/nochi/NOCHI/M2_PAR/Apprenyissage_Pointcloud/Pointclouds-classification-with-the-POINTNET-Neural-network/PointNetLab/data/ModelNet10_PLY/desk/test/desk_0270.ply,3,8,desk,table,0.5679028630256653
plus_occlusion,1,320,/home/nochi/NOCHI/M2_PAR/Apprenyissage_Pointcloud/Pointclouds-classification-with-the-POINTNET-Neural-network/PointNetLab/data/ModelNet10_PLY/desk/test/desk_0271.ply,3,3,desk,desk,0.9940180778503418
plus_occlusion,1,321,/home/nochi/NOCHI/M2_PAR/Apprenyissage_Pointcloud/Pointclouds-classification-with-the-POINTNET-Neural-network/PointNetLab/data/ModelNet10_PLY/desk/test/desk_0272.ply,3,3,desk,desk,0.890339732170105
plus_occlusion,1,322,/home/nochi/NOCHI/M2_PAR/Apprenyissage_Pointcloud/Pointclouds-classification-with-the-POINTNET-Neural-network/PointNetLab/data/ModelNet10_PLY/desk/test/desk_0273.ply,3,3,desk,desk,0.6039865612983704
plus_occlusion,1,323,/home/nochi/NOCHI/M2_PAR/Apprenyissage_Pointcloud/Pointclouds-classification-with-the-POINTNET-Neural-network/PointNetLab/data/ModelNet10_PLY/desk/test/desk_0274.ply,3,7,desk,sofa,0.5490708947181702
plus_occlusion,1,324,/home/nochi/NOCHI/M2_PAR/Apprenyissage_Pointcloud/Pointclouds-classification-with-the-POINTNET-Neural-network/PointNetLab/data/ModelNet10_PLY/desk/test/desk_0275.ply,3,3,desk,desk,0.9915055632591248
plus_occlusion,1,325,/home/nochi/NOCHI/M2_PAR/Apprenyissage_Pointcloud/Pointclouds-classification-with-the-POINTNET-Neural-network/PointNetLab/data/ModelNet10_PLY/desk/test/desk_0276.ply,3,3,desk,desk,0.5474942922592163
plus_occlusion,1,326,/home/nochi/NOCHI/M2_PAR/Apprenyissage_Pointcloud/Pointclouds-classification-with-the-POINTNET-Neural-network/PointNetLab/data/ModelNet10_PLY/desk/test/desk_0277.ply,3,3,desk,desk,0.9900484085083008
plus_occlusion,1,327,/home/nochi/NOCHI/M2_PAR/Apprenyissage_Pointcloud/Pointclouds-classification-with-the-POINTNET-Neural-network/PointNetLab/data/ModelNet10_PLY/desk/test/desk_0278.ply,3,3,desk,desk,0.8104623556137085
plus_occlusion,1,328,/home/nochi/NOCHI/M2_PAR/Apprenyissage_Pointcloud/Pointclouds-classification-with-the-POINTNET-Neural-network/PointNetLab/data/ModelNet10_PLY/desk/test/desk_0279.ply,3,3,desk,desk,0.8847886919975281
plus_occlusion,1,329,/home/nochi/NOCHI/M2_PAR/Apprenyissage_Pointcloud/Pointclouds-classification-with-the-POINTNET-Neural-network/PointNetLab/data/ModelNet10_PLY/desk/test/desk_0280.ply,3,8,desk,table,0.6195717453956604
plus_occlusion,1,330,/home/nochi/NOCHI/M2_PAR/Apprenyissage_Pointcloud/Pointclouds-classification-with-the-POINTNET-Neural-network/PointNetLab/data/ModelNet10_PLY/desk/test/desk_0281.ply,3,3,desk,desk,0.9600915312767029
plus_occlusion,1,331,/home/nochi/NOCHI/M2_PAR/Apprenyissage_Pointcloud/Pointclouds-classification-with-the-POINTNET-Neural-network/PointNetLab/data/ModelNet10_PLY/desk/test/desk_0282.ply,3,8,desk,table,0.8988468647003174
plus_occlusion,1,332,/home/nochi/NOCHI/M2_PAR/Apprenyissage_Pointcloud/Pointclouds-classification-with-the-POINTNET-Neural-network/PointNetLab/data/ModelNet10_PLY/desk/test/desk_0283.ply,3,8,desk,table,0.9863294959068298
plus_occlusion,1,333,/home/nochi/NOCHI/M2_PAR/Apprenyissage_Pointcloud/Pointclouds-classification-with-the-POINTNET-Neural-network/PointNetLab/data/ModelNet10_PLY/desk/test/desk_0284.ply,3,3,desk,desk,0.8425717353820801
plus_occlusion,1,334,/home/nochi/NOCHI/M2_PAR/Apprenyissage_Pointcloud/Pointclouds-classification-with-the-POINTNET-Neural-network/PointNetLab/data/ModelNet10_PLY/desk/test/desk_0285.ply,3,3,desk,desk,0.9897169470787048
plus_occlusion,1,335,/home/nochi/NOCHI/M2_PAR/Apprenyissage_Pointcloud/Pointclouds-classification-with-the-POINTNET-Neural-network/PointNetLab/data/ModelNet10_PLY/desk/test/desk_0286.ply,3,3,desk,desk,0.9846345782279968
plus_occlusion,1,336,/home/nochi/NOCHI/M2_PAR/Apprenyissage_Pointcloud/Pointclouds-classification-with-the-POINTNET-Neural-network/PointNetLab/data/ModelNet10_PLY/dresser/test/dresser_0201.ply,4,4,dresser,dresser,0.6116473078727722
plus_occlusion,1,337,/home/nochi/NOCHI/M2_PAR/Apprenyissage_Pointcloud/Pointclouds-classification-with-the-POINTNET-Neural-network/PointNetLab/data/ModelNet10_PLY/dresser/test/dresser_0202.ply,4,4,dresser,dresser,0.6295959949493408
plus_occlusion,1,338,/home/nochi/NOCHI/M2_PAR/Apprenyissage_Pointcloud/Pointclouds-classification-with-the-POINTNET-Neural-network/PointNetLab/data/ModelNet10_PLY/dresser/test/dresser_0203.ply,4,4,dresser,dresser,0.7990765571594238
plus_occlusion,1,339,/home/nochi/NOCHI/M2_PAR/Apprenyissage_Pointcloud/Pointclouds-classification-with-the-POINTNET-Neural-network/PointNetLab/data/ModelNet10_PLY/dresser/test/dresser_0204.ply,4,4,dresser,dresser,0.9106412529945374
plus_occlusion,1,340,/home/nochi/NOCHI/M2_PAR/Apprenyissage_Pointcloud/Pointclouds-classification-with-the-POINTNET-Neural-network/PointNetLab/data/ModelNet10_PLY/dresser/test/dresser_0205.ply,4,4,dresser,dresser,0.9202052354812622
plus_occlusion,1,341,/home/nochi/NOCHI/M2_PAR/Apprenyissage_Pointcloud/Pointclouds-classification-with-the-POINTNET-Neural-network/PointNetLab/data/ModelNet10_PLY/dresser/test/dresser_0206.ply,4,4,dresser,dresser,0.5975754857063293
plus_occlusion,1,342,/home/nochi/NOCHI/M2_PAR/Apprenyissage_Pointcloud/Pointclouds-classification-with-the-POINTNET-Neural-network/PointNetLab/data/ModelNet10_PLY/dresser/test/dresser_0207.ply,4,4,dresser,dresser,0.9302337765693665
plus_occlusion,1,343,/home/nochi/NOCHI/M2_PAR/Apprenyissage_Pointcloud/Pointclouds-classification-with-the-POINTNET-Neural-network/PointNetLab/data/ModelNet10_PLY/dresser/test/dresser_0208.ply,4,6,dresser,night_stand,0.7606526017189026
plus_occlusion,1,344,/home/nochi/NOCHI/M2_PAR/Apprenyissage_Pointcloud/Pointclouds-classification-with-the-POINTNET-Neural-network/PointNetLab/data/ModelNet10_PLY/dresser/test/dresser_0209.ply,4,4,dresser,dresser,0.9062392115592957
plus_occlusion,1,345,/home/nochi/NOCHI/M2_PAR/Apprenyissage_Pointcloud/Pointclouds-classification-with-the-POINTNET-Neural-network/PointNetLab/data/ModelNet10_PLY/dresser/test/dresser_0210.ply,4,4,dresser,dresser,0.5023167729377747
plus_occlusion,1,346,/home/nochi/NOCHI/M2_PAR/Apprenyissage_Pointcloud/Pointclouds-classification-with-the-POINTNET-Neural-network/PointNetLab/data/ModelNet10_PLY/dresser/test/dresser_0211.ply,4,4,dresser,dresser,0.7072378993034363
plus_occlusion,1,347,/home/nochi/NOCHI/M2_PAR/Apprenyissage_Pointcloud/Pointclouds-classification-with-the-POINTNET-Neural-network/PointNetLab/data/ModelNet10_PLY/dresser/test/dresser_0212.ply,4,8,dresser,table,0.9911775588989258
plus_occlusion,1,348,/home/nochi/NOCHI/M2_PAR/Apprenyissage_Pointcloud/Pointclouds-classification-with-the-POINTNET-Neural-network/PointNetLab/data/ModelNet10_PLY/dresser/test/dresser_0213.ply,4,4,dresser,dresser,0.9395585656166077
plus_occlusion,1,349,/home/nochi/NOCHI/M2_PAR/Apprenyissage_Pointcloud/Pointclouds-classification-with-the-POINTNET-Neural-network/PointNetLab/data/ModelNet10_PLY/dresser/test/dresser_0214.ply,4,4,dresser,dresser,0.8049911856651306
plus_occlusion,1,350,/home/nochi/NOCHI/M2_PAR/Apprenyissage_Pointcloud/Pointclouds-classification-with-the-POINTNET-Neural-network/PointNetLab/data/ModelNet10_PLY/dresser/test/dresser_0215.ply,4,4,dresser,dresser,0.8181930184364319
plus_occlusion,1,351,/home/nochi/NOCHI/M2_PAR/Apprenyissage_Pointcloud/Pointclouds-classification-with-the-POINTNET-Neural-network/PointNetLab/data/ModelNet10_PLY/dresser/test/dresser_0216.ply,4,4,dresser,dresser,0.3599238693714142
plus_occlusion,1,352,/home/nochi/NOCHI/M2_PAR/Apprenyissage_Pointcloud/Pointclouds-classification-with-the-POINTNET-Neural-network/PointNetLab/data/ModelNet10_PLY/dresser/test/dresser_0217.ply,4,6,dresser,night_stand,0.5431817770004272
plus_occlusion,1,353,/home/nochi/NOCHI/M2_PAR/Apprenyissage_Pointcloud/Pointclouds-classification-with-the-POINTNET-Neural-network/PointNetLab/data/ModelNet10_PLY/dresser/test/dresser_0218.ply,4,5,dresser,monitor,0.9260260462760925
plus_occlusion,1,354,/home/nochi/NOCHI/M2_PAR/Apprenyissage_Pointcloud/Pointclouds-classification-with-the-POINTNET-Neural-network/PointNetLab/data/ModelNet10_PLY/dresser/test/dresser_0219.ply,4,6,dresser,night_stand,0.7466581463813782
plus_occlusion,1,355,/home/nochi/NOCHI/M2_PAR/Apprenyissage_Pointcloud/Pointclouds-classification-with-the-POINTNET-Neural-network/PointNetLab/data/ModelNet10_PLY/dresser/test/dresser_0220.ply,4,4,dresser,dresser,0.806237518787384
plus_occlusion,1,356,/home/nochi/NOCHI/M2_PAR/Apprenyissage_Pointcloud/Pointclouds-classification-with-the-POINTNET-Neural-network/PointNetLab/data/ModelNet10_PLY/dresser/test/dresser_0221.ply,4,4,dresser,dresser,0.7315149903297424
plus_occlusion,1,357,/home/nochi/NOCHI/M2_PAR/Apprenyissage_Pointcloud/Pointclouds-classification-with-the-POINTNET-Neural-network/PointNetLab/data/ModelNet10_PLY/dresser/test/dresser_0222.ply,4,4,dresser,dresser,0.9426056146621704
plus_occlusion,1,358,/home/nochi/NOCHI/M2_PAR/Apprenyissage_Pointcloud/Pointclouds-classification-with-the-POINTNET-Neural-network/PointNetLab/data/ModelNet10_PLY/dresser/test/dresser_0223.ply,4,6,dresser,night_stand,0.6270056962966919
plus_occlusion,1,359,/home/nochi/NOCHI/M2_PAR/Apprenyissage_Pointcloud/Pointclouds-classification-with-the-POINTNET-Neural-network/PointNetLab/data/ModelNet10_PLY/dresser/test/dresser_0224.ply,4,6,dresser,night_stand,0.4337732493877411
plus_occlusion,1,360,/home/nochi/NOCHI/M2_PAR/Apprenyissage_Pointcloud/Pointclouds-classification-with-the-POINTNET-Neural-network/PointNetLab/data/ModelNet10_PLY/dresser/test/dresser_0225.ply,4,4,dresser,dresser,0.6518106460571289
plus_occlusion,1,361,/home/nochi/NOCHI/M2_PAR/Apprenyissage_Pointcloud/Pointclouds-classification-with-the-POINTNET-Neural-network/PointNetLab/data/ModelNet10_PLY/dresser/test/dresser_0226.ply,4,4,dresser,dresser,0.9335372447967529
plus_occlusion,1,362,/home/nochi/NOCHI/M2_PAR/Apprenyissage_Pointcloud/Pointclouds-classification-with-the-POINTNET-Neural-network/PointNetLab/data/ModelNet10_PLY/dresser/test/dresser_0227.ply,4,6,dresser,night_stand,0.681011438369751
plus_occlusion,1,363,/home/nochi/NOCHI/M2_PAR/Apprenyissage_Pointcloud/Pointclouds-classification-with-the-POINTNET-Neural-network/PointNetLab/data/ModelNet10_PLY/dresser/test/dresser_0228.ply,4,4,dresser,dresser,0.7403886914253235
plus_occlusion,1,364,/home/nochi/NOCHI/M2_PAR/Apprenyissage_Pointcloud/Pointclouds-classification-with-the-POINTNET-Neural-network/PointNetLab/data/ModelNet10_PLY/dresser/test/dresser_0229.ply,4,3,dresser,desk,0.8520849943161011
plus_occlusion,1,365,/home/nochi/NOCHI/M2_PAR/Apprenyissage_Pointcloud/Pointclouds-classification-with-the-POINTNET-Neural-network/PointNetLab/data/ModelNet10_PLY/dresser/test/dresser_0230.ply,4,4,dresser,dresser,0.9006505608558655
plus_occlusion,1,366,/home/nochi/NOCHI/M2_PAR/Apprenyissage_Pointcloud/Pointclouds-classification-with-the-POINTNET-Neural-network/PointNetLab/data/ModelNet10_PLY/dresser/test/dresser_0231.ply,4,4,dresser,dresser,0.9059974551200867
plus_occlusion,1,367,/home/nochi/NOCHI/M2_PAR/Apprenyissage_Pointcloud/Pointclouds-classification-with-the-POINTNET-Neural-network/PointNetLab/data/ModelNet10_PLY/dresser/test/dresser_0232.ply,4,4,dresser,dresser,0.842276394367218
plus_occlusion,1,368,/home/nochi/NOCHI/M2_PAR/Apprenyissage_Pointcloud/Pointclouds-classification-with-the-POINTNET-Neural-network/PointNetLab/data/ModelNet10_PLY/dresser/test/dresser_0233.ply,4,9,dresser,toilet,0.825724720954895
plus_occlusion,1,369,/home/nochi/NOCHI/M2_PAR/Apprenyissage_Pointcloud/Pointclouds-classification-with-the-POINTNET-Neural-network/PointNetLab/data/ModelNet10_PLY/dresser/test/dresser_0234.ply,4,4,dresser,dresser,0.6940835118293762
plus_occlusion,1,370,/home/nochi/NOCHI/M2_PAR/Apprenyissage_Pointcloud/Pointclouds-classification-with-the-POINTNET-Neural-network/PointNetLab/data/ModelNet10_PLY/dresser/test/dresser_0235.ply,4,6,dresser,night_stand,0.5530895590782166
plus_occlusion,1,371,/home/nochi/NOCHI/M2_PAR/Apprenyissage_Pointcloud/Pointclouds-classification-with-the-POINTNET-Neural-network/PointNetLab/data/ModelNet10_PLY/dresser/test/dresser_0236.ply,4,6,dresser,night_stand,0.6531898975372314
plus_occlusion,1,372,/home/nochi/NOCHI/M2_PAR/Apprenyissage_Pointcloud/Pointclouds-classification-with-the-POINTNET-Neural-network/PointNetLab/data/ModelNet10_PLY/dresser/test/dresser_0237.ply,4,4,dresser,dresser,0.6202810406684875
plus_occlusion,1,373,/home/nochi/NOCHI/M2_PAR/Apprenyissage_Pointcloud/Pointclouds-classification-with-the-POINTNET-Neural-network/PointNetLab/data/ModelNet10_PLY/dresser/test/dresser_0238.ply,4,4,dresser,dresser,0.5234094858169556
plus_occlusion,1,374,/home/nochi/NOCHI/M2_PAR/Apprenyissage_Pointcloud/Pointclouds-classification-with-the-POINTNET-Neural-network/PointNetLab/data/ModelNet10_PLY/dresser/test/dresser_0239.ply,4,4,dresser,dresser,0.9400699734687805
plus_occlusion,1,375,/home/nochi/NOCHI/M2_PAR/Apprenyissage_Pointcloud/Pointclouds-classification-with-the-POINTNET-Neural-network/PointNetLab/data/ModelNet10_PLY/dresser/test/dresser_0240.ply,4,4,dresser,dresser,0.6247881054878235
plus_occlusion,1,376,/home/nochi/NOCHI/M2_PAR/Apprenyissage_Pointcloud/Pointclouds-classification-with-the-POINTNET-Neural-network/PointNetLab/data/ModelNet10_PLY/dresser/test/dresser_0241.ply,4,5,dresser,monitor,0.4533708691596985
plus_occlusion,1,377,/home/nochi/NOCHI/M2_PAR/Apprenyissage_Pointcloud/Pointclouds-classification-with-the-POINTNET-Neural-network/PointNetLab/data/ModelNet10_PLY/dresser/test/dresser_0242.ply,4,4,dresser,dresser,0.6004939079284668
plus_occlusion,1,378,/home/nochi/NOCHI/M2_PAR/Apprenyissage_Pointcloud/Pointclouds-classification-with-the-POINTNET-Neural-network/PointNetLab/data/ModelNet10_PLY/dresser/test/dresser_0243.ply,4,4,dresser,dresser,0.8946737051010132
plus_occlusion,1,379,/home/nochi/NOCHI/M2_PAR/Apprenyissage_Pointcloud/Pointclouds-classification-with-the-POINTNET-Neural-network/PointNetLab/data/ModelNet10_PLY/dresser/test/dresser_0244.ply,4,4,dresser,dresser,0.8182287216186523
plus_occlusion,1,380,/home/nochi/NOCHI/M2_PAR/Apprenyissage_Pointcloud/Pointclouds-classification-with-the-POINTNET-Neural-network/PointNetLab/data/ModelNet10_PLY/dresser/test/dresser_0245.ply,4,4,dresser,dresser,0.6763694286346436
plus_occlusion,1,381,/home/nochi/NOCHI/M2_PAR/Apprenyissage_Pointcloud/Pointclouds-classification-with-the-POINTNET-Neural-network/PointNetLab/data/ModelNet10_PLY/dresser/test/dresser_0246.ply,4,4,dresser,dresser,0.4597163498401642
plus_occlusion,1,382,/home/nochi/NOCHI/M2_PAR/Apprenyissage_Pointcloud/Pointclouds-classification-with-the-POINTNET-Neural-network/PointNetLab/data/ModelNet10_PLY/dresser/test/dresser_0247.ply,4,4,dresser,dresser,0.9397233724594116
plus_occlusion,1,383,/home/nochi/NOCHI/M2_PAR/Apprenyissage_Pointcloud/Pointclouds-classification-with-the-POINTNET-Neural-network/PointNetLab/data/ModelNet10_PLY/dresser/test/dresser_0248.ply,4,4,dresser,dresser,0.7027657628059387
plus_occlusion,1,384,/home/nochi/NOCHI/M2_PAR/Apprenyissage_Pointcloud/Pointclouds-classification-with-the-POINTNET-Neural-network/PointNetLab/data/ModelNet10_PLY/dresser/test/dresser_0249.ply,4,4,dresser,dresser,0.9390912055969238
plus_occlusion,1,385,/home/nochi/NOCHI/M2_PAR/Apprenyissage_Pointcloud/Pointclouds-classification-with-the-POINTNET-Neural-network/PointNetLab/data/ModelNet10_PLY/dresser/test/dresser_0250.ply,4,6,dresser,night_stand,0.790814220905304
plus_occlusion,1,386,/home/nochi/NOCHI/M2_PAR/Apprenyissage_Pointcloud/Pointclouds-classification-with-the-POINTNET-Neural-network/PointNetLab/data/ModelNet10_PLY/dresser/test/dresser_0251.ply,4,4,dresser,dresser,0.7486932873725891
plus_occlusion,1,387,/home/nochi/NOCHI/M2_PAR/Apprenyissage_Pointcloud/Pointclouds-classification-with-the-POINTNET-Neural-network/PointNetLab/data/ModelNet10_PLY/dresser/test/dresser_0252.ply,4,4,dresser,dresser,0.906974196434021
plus_occlusion,1,388,/home/nochi/NOCHI/M2_PAR/Apprenyissage_Pointcloud/Pointclouds-classification-with-the-POINTNET-Neural-network/PointNetLab/data/ModelNet10_PLY/dresser/test/dresser_0253.ply,4,4,dresser,dresser,0.5010298490524292
plus_occlusion,1,389,/home/nochi/NOCHI/M2_PAR/Apprenyissage_Pointcloud/Pointclouds-classification-with-the-POINTNET-Neural-network/PointNetLab/data/ModelNet10_PLY/dresser/test/dresser_0254.ply,4,4,dresser,dresser,0.8042500019073486
plus_occlusion,1,390,/home/nochi/NOCHI/M2_PAR/Apprenyissage_Pointcloud/Pointclouds-classification-with-the-POINTNET-Neural-network/PointNetLab/data/ModelNet10_PLY/dresser/test/dresser_0255.ply,4,4,dresser,dresser,0.9371328353881836
plus_occlusion,1,391,/home/nochi/NOCHI/M2_PAR/Apprenyissage_Pointcloud/Pointclouds-classification-with-the-POINTNET-Neural-network/PointNetLab/data/ModelNet10_PLY/dresser/test/dresser_0256.ply,4,4,dresser,dresser,0.518218994140625
plus_occlusion,1,392,/home/nochi/NOCHI/M2_PAR/Apprenyissage_Pointcloud/Pointclouds-classification-with-the-POINTNET-Neural-network/PointNetLab/data/ModelNet10_PLY/dresser/test/dresser_0257.ply,4,4,dresser,dresser,0.5602728128433228
plus_occlusion,1,393,/home/nochi/NOCHI/M2_PAR/Apprenyissage_Pointcloud/Pointclouds-classification-with-the-POINTNET-Neural-network/PointNetLab/data/ModelNet10_PLY/dresser/test/dresser_0258.ply,4,4,dresser,dresser,0.7043966054916382
plus_occlusion,1,394,/home/nochi/NOCHI/M2_PAR/Apprenyissage_Pointcloud/Pointclouds-classification-with-the-POINTNET-Neural-network/PointNetLab/data/ModelNet10_PLY/dresser/test/dresser_0259.ply,4,5,dresser,monitor,0.4372100830078125
plus_occlusion,1,395,/home/nochi/NOCHI/M2_PAR/Apprenyissage_Pointcloud/Pointclouds-classification-with-the-POINTNET-Neural-network/PointNetLab/data/ModelNet10_PLY/dresser/test/dresser_0260.ply,4,5,dresser,monitor,0.557523250579834
plus_occlusion,1,396,/home/nochi/NOCHI/M2_PAR/Apprenyissage_Pointcloud/Pointclouds-classification-with-the-POINTNET-Neural-network/PointNetLab/data/ModelNet10_PLY/dresser/test/dresser_0261.ply,4,4,dresser,dresser,0.9206332564353943
plus_occlusion,1,397,/home/nochi/NOCHI/M2_PAR/Apprenyissage_Pointcloud/Pointclouds-classification-with-the-POINTNET-Neural-network/PointNetLab/data/ModelNet10_PLY/dresser/test/dresser_0262.ply,4,4,dresser,dresser,0.880284309387207
plus_occlusion,1,398,/home/nochi/NOCHI/M2_PAR/Apprenyissage_Pointcloud/Pointclouds-classification-with-the-POINTNET-Neural-network/PointNetLab/data/ModelNet10_PLY/dresser/test/dresser_0263.ply,4,4,dresser,dresser,0.8907376527786255
plus_occlusion,1,399,/home/nochi/NOCHI/M2_PAR/Apprenyissage_Pointcloud/Pointclouds-classification-with-the-POINTNET-Neural-network/PointNetLab/data/ModelNet10_PLY/dresser/test/dresser_0264.ply,4,4,dresser,dresser,0.6609534025192261
plus_occlusion,1,400,/home/nochi/NOCHI/M2_PAR/Apprenyissage_Pointcloud/Pointclouds-classification-with-the-POINTNET-Neural-network/PointNetLab/data/ModelNet10_PLY/dresser/test/dresser_0265.ply,4,4,dresser,dresser,0.9645397663116455
plus_occlusion,1,401,/home/nochi/NOCHI/M2_PAR/Apprenyissage_Pointcloud/Pointclouds-classification-with-the-POINTNET-Neural-network/PointNetLab/data/ModelNet10_PLY/dresser/test/dresser_0266.ply,4,4,dresser,dresser,0.9344512820243835
plus_occlusion,1,402,/home/nochi/NOCHI/M2_PAR/Apprenyissage_Pointcloud/Pointclouds-classification-with-the-POINTNET-Neural-network/PointNetLab/data/ModelNet10_PLY/dresser/test/dresser_0267.ply,4,4,dresser,dresser,0.7127249240875244
plus_occlusion,1,403,/home/nochi/NOCHI/M2_PAR/Apprenyissage_Pointcloud/Pointclouds-classification-with-the-POINTNET-Neural-network/PointNetLab/data/ModelNet10_PLY/dresser/test/dresser_0268.ply,4,4,dresser,dresser,0.6454362273216248
plus_occlusion,1,404,/home/nochi/NOCHI/M2_PAR/Apprenyissage_Pointcloud/Pointclouds-classification-with-the-POINTNET-Neural-network/PointNetLab/data/ModelNet10_PLY/dresser/test/dresser_0269.ply,4,4,dresser,dresser,0.8010283708572388
plus_occlusion,1,405,/home/nochi/NOCHI/M2_PAR/Apprenyissage_Pointcloud/Pointclouds-classification-with-the-POINTNET-Neural-network/PointNetLab/data/ModelNet10_PLY/dresser/test/dresser_0270.ply,4,4,dresser,dresser,0.5226759910583496
plus_occlusion,1,406,/home/nochi/NOCHI/M2_PAR/Apprenyissage_Pointcloud/Pointclouds-classification-with-the-POINTNET-Neural-network/PointNetLab/data/ModelNet10_PLY/dresser/test/dresser_0271.ply,4,4,dresser,dresser,0.8706958889961243
plus_occlusion,1,407,/home/nochi/NOCHI/M2_PAR/Apprenyissage_Pointcloud/Pointclouds-classification-with-the-POINTNET-Neural-network/PointNetLab/data/ModelNet10_PLY/dresser/test/dresser_0272.ply,4,6,dresser,night_stand,0.8581965565681458
plus_occlusion,1,408,/home/nochi/NOCHI/M2_PAR/Apprenyissage_Pointcloud/Pointclouds-classification-with-the-POINTNET-Neural-network/PointNetLab/data/ModelNet10_PLY/dresser/test/dresser_0273.ply,4,6,dresser,night_stand,0.4427064061164856
plus_occlusion,1,409,/home/nochi/NOCHI/M2_PAR/Apprenyissage_Pointcloud/Pointclouds-classification-with-the-POINTNET-Neural-network/PointNetLab/data/ModelNet10_PLY/dresser/test/dresser_0274.ply,4,6,dresser,night_stand,0.6202567219734192
plus_occlusion,1,410,/home/nochi/NOCHI/M2_PAR/Apprenyissage_Pointcloud/Pointclouds-classification-with-the-POINTNET-Neural-network/PointNetLab/data/ModelNet10_PLY/dresser/test/dresser_0275.ply,4,4,dresser,dresser,0.9056591391563416
plus_occlusion,1,411,/home/nochi/NOCHI/M2_PAR/Apprenyissage_Pointcloud/Pointclouds-classification-with-the-POINTNET-Neural-network/PointNetLab/data/ModelNet10_PLY/dresser/test/dresser_0276.ply,4,4,dresser,dresser,0.6343425512313843
plus_occlusion,1,412,/home/nochi/NOCHI/M2_PAR/Apprenyissage_Pointcloud/Pointclouds-classification-with-the-POINTNET-Neural-network/PointNetLab/data/ModelNet10_PLY/dresser/test/dresser_0277.ply,4,6,dresser,night_stand,0.8525873422622681
plus_occlusion,1,413,/home/nochi/NOCHI/M2_PAR/Apprenyissage_Pointcloud/Pointclouds-classification-with-the-POINTNET-Neural-network/PointNetLab/data/ModelNet10_PLY/dresser/test/dresser_0278.ply,4,4,dresser,dresser,0.5931978821754456
plus_occlusion,1,414,/home/nochi/NOCHI/M2_PAR/Apprenyissage_Pointcloud/Pointclouds-classification-with-the-POINTNET-Neural-network/PointNetLab/data/ModelNet10_PLY/dresser/test/dresser_0279.ply,4,4,dresser,dresser,0.8284505605697632
plus_occlusion,1,415,/home/nochi/NOCHI/M2_PAR/Apprenyissage_Pointcloud/Pointclouds-classification-with-the-POINTNET-Neural-network/PointNetLab/data/ModelNet10_PLY/dresser/test/dresser_0280.ply,4,5,dresser,monitor,0.5358884334564209
plus_occlusion,1,416,/home/nochi/NOCHI/M2_PAR/Apprenyissage_Pointcloud/Pointclouds-classification-with-the-POINTNET-Neural-network/PointNetLab/data/ModelNet10_PLY/dresser/test/dresser_0281.ply,4,4,dresser,dresser,0.5787716507911682
plus_occlusion,1,417,/home/nochi/NOCHI/M2_PAR/Apprenyissage_Pointcloud/Pointclouds-classification-with-the-POINTNET-Neural-network/PointNetLab/data/ModelNet10_PLY/dresser/test/dresser_0282.ply,4,4,dresser,dresser,0.5132842659950256
plus_occlusion,1,418,/home/nochi/NOCHI/M2_PAR/Apprenyissage_Pointcloud/Pointclouds-classification-with-the-POINTNET-Neural-network/PointNetLab/data/ModelNet10_PLY/dresser/test/dresser_0283.ply,4,4,dresser,dresser,0.8589853048324585
plus_occlusion,1,419,/home/nochi/NOCHI/M2_PAR/Apprenyissage_Pointcloud/Pointclouds-classification-with-the-POINTNET-Neural-network/PointNetLab/data/ModelNet10_PLY/dresser/test/dresser_0284.ply,4,4,dresser,dresser,0.6761136651039124
plus_occlusion,1,420,/home/nochi/NOCHI/M2_PAR/Apprenyissage_Pointcloud/Pointclouds-classification-with-the-POINTNET-Neural-network/PointNetLab/data/ModelNet10_PLY/dresser/test/dresser_0285.ply,4,6,dresser,night_stand,0.553986132144928
plus_occlusion,1,421,/home/nochi/NOCHI/M2_PAR/Apprenyissage_Pointcloud/Pointclouds-classification-with-the-POINTNET-Neural-network/PointNetLab/data/ModelNet10_PLY/dresser/test/dresser_0286.ply,4,5,dresser,monitor,0.8777982592582703
plus_occlusion,1,422,/home/nochi/NOCHI/M2_PAR/Apprenyissage_Pointcloud/Pointclouds-classification-with-the-POINTNET-Neural-network/PointNetLab/data/ModelNet10_PLY/monitor/test/monitor_0466.ply,5,3,monitor,desk,0.4190933108329773
plus_occlusion,1,423,/home/nochi/NOCHI/M2_PAR/Apprenyissage_Pointcloud/Pointclouds-classification-with-the-POINTNET-Neural-network/PointNetLab/data/ModelNet10_PLY/monitor/test/monitor_0467.ply,5,5,monitor,monitor,0.9980922937393188
plus_occlusion,1,424,/home/nochi/NOCHI/M2_PAR/Apprenyissage_Pointcloud/Pointclouds-classification-with-the-POINTNET-Neural-network/PointNetLab/data/ModelNet10_PLY/monitor/test/monitor_0468.ply,5,5,monitor,monitor,0.9935003519058228
plus_occlusion,1,425,/home/nochi/NOCHI/M2_PAR/Apprenyissage_Pointcloud/Pointclouds-classification-with-the-POINTNET-Neural-network/PointNetLab/data/ModelNet10_PLY/monitor/test/monitor_0469.ply,5,5,monitor,monitor,0.9974416494369507
plus_occlusion,1,426,/home/nochi/NOCHI/M2_PAR/Apprenyissage_Pointcloud/Pointclouds-classification-with-the-POINTNET-Neural-network/PointNetLab/data/ModelNet10_PLY/monitor/test/monitor_0470.ply,5,5,monitor,monitor,0.9915550947189331
plus_occlusion,1,427,/home/nochi/NOCHI/M2_PAR/Apprenyissage_Pointcloud/Pointclouds-classification-with-the-POINTNET-Neural-network/PointNetLab/data/ModelNet10_PLY/monitor/test/monitor_0471.ply,5,5,monitor,monitor,0.9988005757331848
plus_occlusion,1,428,/home/nochi/NOCHI/M2_PAR/Apprenyissage_Pointcloud/Pointclouds-classification-with-the-POINTNET-Neural-network/PointNetLab/data/ModelNet10_PLY/monitor/test/monitor_0472.ply,5,9,monitor,toilet,0.5887359976768494
plus_occlusion,1,429,/home/nochi/NOCHI/M2_PAR/Apprenyissage_Pointcloud/Pointclouds-classification-with-the-POINTNET-Neural-network/PointNetLab/data/ModelNet10_PLY/monitor/test/monitor_0473.ply,5,5,monitor,monitor,0.9956147074699402
plus_occlusion,1,430,/home/nochi/NOCHI/M2_PAR/Apprenyissage_Pointcloud/Pointclouds-classification-with-the-POINTNET-Neural-network/PointNetLab/data/ModelNet10_PLY/monitor/test/monitor_0474.ply,5,5,monitor,monitor,0.9952409267425537
plus_occlusion,1,431,/home/nochi/NOCHI/M2_PAR/Apprenyissage_Pointcloud/Pointclouds-classification-with-the-POINTNET-Neural-network/PointNetLab/data/ModelNet10_PLY/monitor/test/monitor_0475.ply,5,5,monitor,monitor,0.9984146356582642
plus_occlusion,1,432,/home/nochi/NOCHI/M2_PAR/Apprenyissage_Pointcloud/Pointclouds-classification-with-the-POINTNET-Neural-network/PointNetLab/data/ModelNet10_PLY/monitor/test/monitor_0476.ply,5,5,monitor,monitor,0.9952388405799866
plus_occlusion,1,433,/home/nochi/NOCHI/M2_PAR/Apprenyissage_Pointcloud/Pointclouds-classification-with-the-POINTNET-Neural-network/PointNetLab/data/ModelNet10_PLY/monitor/test/monitor_0477.ply,5,5,monitor,monitor,0.9979379177093506
plus_occlusion,1,434,/home/nochi/NOCHI/M2_PAR/Apprenyissage_Pointcloud/Pointclouds-classification-with-the-POINTNET-Neural-network/PointNetLab/data/ModelNet10_PLY/monitor/test/monitor_0478.ply,5,5,monitor,monitor,0.9989200830459595
plus_occlusion,1,435,/home/nochi/NOCHI/M2_PAR/Apprenyissage_Pointcloud/Pointclouds-classification-with-the-POINTNET-Neural-network/PointNetLab/data/ModelNet10_PLY/monitor/test/monitor_0479.ply,5,5,monitor,monitor,0.9993605017662048
plus_occlusion,1,436,/home/nochi/NOCHI/M2_PAR/Apprenyissage_Pointcloud/Pointclouds-classification-with-the-POINTNET-Neural-network/PointNetLab/data/ModelNet10_PLY/monitor/test/monitor_0480.ply,5,5,monitor,monitor,0.9983141422271729
plus_occlusion,1,437,/home/nochi/NOCHI/M2_PAR/Apprenyissage_Pointcloud/Pointclouds-classification-with-the-POINTNET-Neural-network/PointNetLab/data/ModelNet10_PLY/monitor/test/monitor_0481.ply,5,5,monitor,monitor,0.98967045545578
plus_occlusion,1,438,/home/nochi/NOCHI/M2_PAR/Apprenyissage_Pointcloud/Pointclouds-classification-with-the-POINTNET-Neural-network/PointNetLab/data/ModelNet10_PLY/monitor/test/monitor_0482.ply,5,5,monitor,monitor,0.9896118640899658
plus_occlusion,1,439,/home/nochi/NOCHI/M2_PAR/Apprenyissage_Pointcloud/Pointclouds-classification-with-the-POINTNET-Neural-network/PointNetLab/data/ModelNet10_PLY/monitor/test/monitor_0483.ply,5,5,monitor,monitor,0.9928851127624512
plus_occlusion,1,440,/home/nochi/NOCHI/M2_PAR/Apprenyissage_Pointcloud/Pointclouds-classification-with-the-POINTNET-Neural-network/PointNetLab/data/ModelNet10_PLY/monitor/test/monitor_0484.ply,5,5,monitor,monitor,0.9916508793830872
plus_occlusion,1,441,/home/nochi/NOCHI/M2_PAR/Apprenyissage_Pointcloud/Pointclouds-classification-with-the-POINTNET-Neural-network/PointNetLab/data/ModelNet10_PLY/monitor/test/monitor_0485.ply,5,5,monitor,monitor,0.9973161220550537
plus_occlusion,1,442,/home/nochi/NOCHI/M2_PAR/Apprenyissage_Pointcloud/Pointclouds-classification-with-the-POINTNET-Neural-network/PointNetLab/data/ModelNet10_PLY/monitor/test/monitor_0486.ply,5,5,monitor,monitor,0.994306743144989
plus_occlusion,1,443,/home/nochi/NOCHI/M2_PAR/Apprenyissage_Pointcloud/Pointclouds-classification-with-the-POINTNET-Neural-network/PointNetLab/data/ModelNet10_PLY/monitor/test/monitor_0487.ply,5,5,monitor,monitor,0.9919624924659729
plus_occlusion,1,444,/home/nochi/NOCHI/M2_PAR/Apprenyissage_Pointcloud/Pointclouds-classification-with-the-POINTNET-Neural-network/PointNetLab/data/ModelNet10_PLY/monitor/test/monitor_0488.ply,5,5,monitor,monitor,0.8483352661132812
plus_occlusion,1,445,/home/nochi/NOCHI/M2_PAR/Apprenyissage_Pointcloud/Pointclouds-classification-with-the-POINTNET-Neural-network/PointNetLab/data/ModelNet10_PLY/monitor/test/monitor_0489.ply,5,5,monitor,monitor,0.9946689009666443
plus_occlusion,1,446,/home/nochi/NOCHI/M2_PAR/Apprenyissage_Pointcloud/Pointclouds-classification-with-the-POINTNET-Neural-network/PointNetLab/data/ModelNet10_PLY/monitor/test/monitor_0490.ply,5,5,monitor,monitor,0.9783618450164795
plus_occlusion,1,447,/home/nochi/NOCHI/M2_PAR/Apprenyissage_Pointcloud/Pointclouds-classification-with-the-POINTNET-Neural-network/PointNetLab/data/ModelNet10_PLY/monitor/test/monitor_0491.ply,5,9,monitor,toilet,0.8390383124351501
plus_occlusion,1,448,/home/nochi/NOCHI/M2_PAR/Apprenyissage_Pointcloud/Pointclouds-classification-with-the-POINTNET-Neural-network/PointNetLab/data/ModelNet10_PLY/monitor/test/monitor_0492.ply,5,5,monitor,monitor,0.9979243874549866
plus_occlusion,1,449,/home/nochi/NOCHI/M2_PAR/Apprenyissage_Pointcloud/Pointclouds-classification-with-the-POINTNET-Neural-network/PointNetLab/data/ModelNet10_PLY/monitor/test/monitor_0493.ply,5,5,monitor,monitor,0.9984483122825623
plus_occlusion,1,450,/home/nochi/NOCHI/M2_PAR/Apprenyissage_Pointcloud/Pointclouds-classification-with-the-POINTNET-Neural-network/PointNetLab/data/ModelNet10_PLY/monitor/test/monitor_0494.ply,5,5,monitor,monitor,0.9945936799049377
plus_occlusion,1,451,/home/nochi/NOCHI/M2_PAR/Apprenyissage_Pointcloud/Pointclouds-classification-with-the-POINTNET-Neural-network/PointNetLab/data/ModelNet10_PLY/monitor/test/monitor_0495.ply,5,5,monitor,monitor,0.9994986057281494
plus_occlusion,1,452,/home/nochi/NOCHI/M2_PAR/Apprenyissage_Pointcloud/Pointclouds-classification-with-the-POINTNET-Neural-network/PointNetLab/data/ModelNet10_PLY/monitor/test/monitor_0496.ply,5,9,monitor,toilet,0.3637043833732605
plus_occlusion,1,453,/home/nochi/NOCHI/M2_PAR/Apprenyissage_Pointcloud/Pointclouds-classification-with-the-POINTNET-Neural-network/PointNetLab/data/ModelNet10_PLY/monitor/test/monitor_0497.ply,5,5,monitor,monitor,0.7484251260757446
plus_occlusion,1,454,/home/nochi/NOCHI/M2_PAR/Apprenyissage_Pointcloud/Pointclouds-classification-with-the-POINTNET-Neural-network/PointNetLab/data/ModelNet10_PLY/monitor/test/monitor_0498.ply,5,5,monitor,monitor,0.985431969165802
plus_occlusion,1,455,/home/nochi/NOCHI/M2_PAR/Apprenyissage_Pointcloud/Pointclouds-classification-with-the-POINTNET-Neural-network/PointNetLab/data/ModelNet10_PLY/monitor/test/monitor_0499.ply,5,5,monitor,monitor,0.9979268312454224
plus_occlusion,1,456,/home/nochi/NOCHI/M2_PAR/Apprenyissage_Pointcloud/Pointclouds-classification-with-the-POINTNET-Neural-network/PointNetLab/data/ModelNet10_PLY/monitor/test/monitor_0500.ply,5,5,monitor,monitor,0.8702166676521301
plus_occlusion,1,457,/home/nochi/NOCHI/M2_PAR/Apprenyissage_Pointcloud/Pointclouds-classification-with-the-POINTNET-Neural-network/PointNetLab/data/ModelNet10_PLY/monitor/test/monitor_0501.ply,5,5,monitor,monitor,0.9941388368606567
plus_occlusion,1,458,/home/nochi/NOCHI/M2_PAR/Apprenyissage_Pointcloud/Pointclouds-classification-with-the-POINTNET-Neural-network/PointNetLab/data/ModelNet10_PLY/monitor/test/monitor_0502.ply,5,5,monitor,monitor,0.9994626045227051
plus_occlusion,1,459,/home/nochi/NOCHI/M2_PAR/Apprenyissage_Pointcloud/Pointclouds-classification-with-the-POINTNET-Neural-network/PointNetLab/data/ModelNet10_PLY/monitor/test/monitor_0503.ply,5,5,monitor,monitor,0.9976238012313843
plus_occlusion,1,460,/home/nochi/NOCHI/M2_PAR/Apprenyissage_Pointcloud/Pointclouds-classification-with-the-POINTNET-Neural-network/PointNetLab/data/ModelNet10_PLY/monitor/test/monitor_0504.ply,5,5,monitor,monitor,0.9991456866264343
plus_occlusion,1,461,/home/nochi/NOCHI/M2_PAR/Apprenyissage_Pointcloud/Pointclouds-classification-with-the-POINTNET-Neural-network/PointNetLab/data/ModelNet10_PLY/monitor/test/monitor_0505.ply,5,5,monitor,monitor,0.9985578060150146
plus_occlusion,1,462,/home/nochi/NOCHI/M2_PAR/Apprenyissage_Pointcloud/Pointclouds-classification-with-the-POINTNET-Neural-network/PointNetLab/data/ModelNet10_PLY/monitor/test/monitor_0506.ply,5,5,monitor,monitor,0.5404344201087952
plus_occlusion,1,463,/home/nochi/NOCHI/M2_PAR/Apprenyissage_Pointcloud/Pointclouds-classification-with-the-POINTNET-Neural-network/PointNetLab/data/ModelNet10_PLY/monitor/test/monitor_0507.ply,5,2,monitor,chair,0.45789772272109985
plus_occlusion,1,464,/home/nochi/NOCHI/M2_PAR/Apprenyissage_Pointcloud/Pointclouds-classification-with-the-POINTNET-Neural-network/PointNetLab/data/ModelNet10_PLY/monitor/test/monitor_0508.ply,5,5,monitor,monitor,0.9986520409584045
plus_occlusion,1,465,/home/nochi/NOCHI/M2_PAR/Apprenyissage_Pointcloud/Pointclouds-classification-with-the-POINTNET-Neural-network/PointNetLab/data/ModelNet10_PLY/monitor/test/monitor_0509.ply,5,5,monitor,monitor,0.9990023970603943
plus_occlusion,1,466,/home/nochi/NOCHI/M2_PAR/Apprenyissage_Pointcloud/Pointclouds-classification-with-the-POINTNET-Neural-network/PointNetLab/data/ModelNet10_PLY/monitor/test/monitor_0510.ply,5,5,monitor,monitor,0.9987300038337708
plus_occlusion,1,467,/home/nochi/NOCHI/M2_PAR/Apprenyissage_Pointcloud/Pointclouds-classification-with-the-POINTNET-Neural-network/PointNetLab/data/ModelNet10_PLY/monitor/test/monitor_0511.ply,5,5,monitor,monitor,0.9989953637123108
plus_occlusion,1,468,/home/nochi/NOCHI/M2_PAR/Apprenyissage_Pointcloud/Pointclouds-classification-with-the-POINTNET-Neural-network/PointNetLab/data/ModelNet10_PLY/monitor/test/monitor_0512.ply,5,5,monitor,monitor,0.9990274906158447
plus_occlusion,1,469,/home/nochi/NOCHI/M2_PAR/Apprenyissage_Pointcloud/Pointclouds-classification-with-the-POINTNET-Neural-network/PointNetLab/data/ModelNet10_PLY/monitor/test/monitor_0513.ply,5,5,monitor,monitor,0.9959288239479065
plus_occlusion,1,470,/home/nochi/NOCHI/M2_PAR/Apprenyissage_Pointcloud/Pointclouds-classification-with-the-POINTNET-Neural-network/PointNetLab/data/ModelNet10_PLY/monitor/test/monitor_0514.ply,5,5,monitor,monitor,0.9984771013259888
plus_occlusion,1,471,/home/nochi/NOCHI/M2_PAR/Apprenyissage_Pointcloud/Pointclouds-classification-with-the-POINTNET-Neural-network/PointNetLab/data/ModelNet10_PLY/monitor/test/monitor_0515.ply,5,5,monitor,monitor,0.9985445737838745
plus_occlusion,1,472,/home/nochi/NOCHI/M2_PAR/Apprenyissage_Pointcloud/Pointclouds-classification-with-the-POINTNET-Neural-network/PointNetLab/data/ModelNet10_PLY/monitor/test/monitor_0516.ply,5,5,monitor,monitor,0.9947331547737122
plus_occlusion,1,473,/home/nochi/NOCHI/M2_PAR/Apprenyissage_Pointcloud/Pointclouds-classification-with-the-POINTNET-Neural-network/PointNetLab/data/ModelNet10_PLY/monitor/test/monitor_0517.ply,5,5,monitor,monitor,0.9901009798049927
plus_occlusion,1,474,/home/nochi/NOCHI/M2_PAR/Apprenyissage_Pointcloud/Pointclouds-classification-with-the-POINTNET-Neural-network/PointNetLab/data/ModelNet10_PLY/monitor/test/monitor_0518.ply,5,5,monitor,monitor,0.9989411234855652
plus_occlusion,1,475,/home/nochi/NOCHI/M2_PAR/Apprenyissage_Pointcloud/Pointclouds-classification-with-the-POINTNET-Neural-network/PointNetLab/data/ModelNet10_PLY/monitor/test/monitor_0519.ply,5,5,monitor,monitor,0.6019451022148132
plus_occlusion,1,476,/home/nochi/NOCHI/M2_PAR/Apprenyissage_Pointcloud/Pointclouds-classification-with-the-POINTNET-Neural-network/PointNetLab/data/ModelNet10_PLY/monitor/test/monitor_0520.ply,5,5,monitor,monitor,0.9993244409561157
plus_occlusion,1,477,/home/nochi/NOCHI/M2_PAR/Apprenyissage_Pointcloud/Pointclouds-classification-with-the-POINTNET-Neural-network/PointNetLab/data/ModelNet10_PLY/monitor/test/monitor_0521.ply,5,5,monitor,monitor,0.9932502508163452
plus_occlusion,1,478,/home/nochi/NOCHI/M2_PAR/Apprenyissage_Pointcloud/Pointclouds-classification-with-the-POINTNET-Neural-network/PointNetLab/data/ModelNet10_PLY/monitor/test/monitor_0522.ply,5,5,monitor,monitor,0.9988476037979126
plus_occlusion,1,479,/home/nochi/NOCHI/M2_PAR/Apprenyissage_Pointcloud/Pointclouds-classification-with-the-POINTNET-Neural-network/PointNetLab/data/ModelNet10_PLY/monitor/test/monitor_0523.ply,5,5,monitor,monitor,0.9982934594154358
plus_occlusion,1,480,/home/nochi/NOCHI/M2_PAR/Apprenyissage_Pointcloud/Pointclouds-classification-with-the-POINTNET-Neural-network/PointNetLab/data/ModelNet10_PLY/monitor/test/monitor_0524.ply,5,5,monitor,monitor,0.9929989576339722
plus_occlusion,1,481,/home/nochi/NOCHI/M2_PAR/Apprenyissage_Pointcloud/Pointclouds-classification-with-the-POINTNET-Neural-network/PointNetLab/data/ModelNet10_PLY/monitor/test/monitor_0525.ply,5,5,monitor,monitor,0.9993398785591125
plus_occlusion,1,482,/home/nochi/NOCHI/M2_PAR/Apprenyissage_Pointcloud/Pointclouds-classification-with-the-POINTNET-Neural-network/PointNetLab/data/ModelNet10_PLY/monitor/test/monitor_0526.ply,5,5,monitor,monitor,0.9996087551116943
plus_occlusion,1,483,/home/nochi/NOCHI/M2_PAR/Apprenyissage_Pointcloud/Pointclouds-classification-with-the-POINTNET-Neural-network/PointNetLab/data/ModelNet10_PLY/monitor/test/monitor_0527.ply,5,5,monitor,monitor,0.9965124726295471
plus_occlusion,1,484,/home/nochi/NOCHI/M2_PAR/Apprenyissage_Pointcloud/Pointclouds-classification-with-the-POINTNET-Neural-network/PointNetLab/data/ModelNet10_PLY/monitor/test/monitor_0528.ply,5,5,monitor,monitor,0.9989117383956909
plus_occlusion,1,485,/home/nochi/NOCHI/M2_PAR/Apprenyissage_Pointcloud/Pointclouds-classification-with-the-POINTNET-Neural-network/PointNetLab/data/ModelNet10_PLY/monitor/test/monitor_0529.ply,5,5,monitor,monitor,0.9988555312156677
plus_occlusion,1,486,/home/nochi/NOCHI/M2_PAR/Apprenyissage_Pointcloud/Pointclouds-classification-with-the-POINTNET-Neural-network/PointNetLab/data/ModelNet10_PLY/monitor/test/monitor_0530.ply,5,5,monitor,monitor,0.9995964169502258
plus_occlusion,1,487,/home/nochi/NOCHI/M2_PAR/Apprenyissage_Pointcloud/Pointclouds-classification-with-the-POINTNET-Neural-network/PointNetLab/data/ModelNet10_PLY/monitor/test/monitor_0531.ply,5,5,monitor,monitor,0.8310242891311646
plus_occlusion,1,488,/home/nochi/NOCHI/M2_PAR/Apprenyissage_Pointcloud/Pointclouds-classification-with-the-POINTNET-Neural-network/PointNetLab/data/ModelNet10_PLY/monitor/test/monitor_0532.ply,5,5,monitor,monitor,0.9983541965484619
plus_occlusion,1,489,/home/nochi/NOCHI/M2_PAR/Apprenyissage_Pointcloud/Pointclouds-classification-with-the-POINTNET-Neural-network/PointNetLab/data/ModelNet10_PLY/monitor/test/monitor_0533.ply,5,5,monitor,monitor,0.9974778294563293
plus_occlusion,1,490,/home/nochi/NOCHI/M2_PAR/Apprenyissage_Pointcloud/Pointclouds-classification-with-the-POINTNET-Neural-network/PointNetLab/data/ModelNet10_PLY/monitor/test/monitor_0534.ply,5,5,monitor,monitor,0.9949856400489807
plus_occlusion,1,491,/home/nochi/NOCHI/M2_PAR/Apprenyissage_Pointcloud/Pointclouds-classification-with-the-POINTNET-Neural-network/PointNetLab/data/ModelNet10_PLY/monitor/test/monitor_0535.ply,5,5,monitor,monitor,0.997636079788208
plus_occlusion,1,492,/home/nochi/NOCHI/M2_PAR/Apprenyissage_Pointcloud/Pointclouds-classification-with-the-POINTNET-Neural-network/PointNetLab/data/ModelNet10_PLY/monitor/test/monitor_0536.ply,5,5,monitor,monitor,0.9951246380805969
plus_occlusion,1,493,/home/nochi/NOCHI/M2_PAR/Apprenyissage_Pointcloud/Pointclouds-classification-with-the-POINTNET-Neural-network/PointNetLab/data/ModelNet10_PLY/monitor/test/monitor_0537.ply,5,5,monitor,monitor,0.9975239634513855
plus_occlusion,1,494,/home/nochi/NOCHI/M2_PAR/Apprenyissage_Pointcloud/Pointclouds-classification-with-the-POINTNET-Neural-network/PointNetLab/data/ModelNet10_PLY/monitor/test/monitor_0538.ply,5,5,monitor,monitor,0.9992614388465881
plus_occlusion,1,495,/home/nochi/NOCHI/M2_PAR/Apprenyissage_Pointcloud/Pointclouds-classification-with-the-POINTNET-Neural-network/PointNetLab/data/ModelNet10_PLY/monitor/test/monitor_0539.ply,5,5,monitor,monitor,0.9953569769859314
plus_occlusion,1,496,/home/nochi/NOCHI/M2_PAR/Apprenyissage_Pointcloud/Pointclouds-classification-with-the-POINTNET-Neural-network/PointNetLab/data/ModelNet10_PLY/monitor/test/monitor_0540.ply,5,5,monitor,monitor,0.9973405003547668
plus_occlusion,1,497,/home/nochi/NOCHI/M2_PAR/Apprenyissage_Pointcloud/Pointclouds-classification-with-the-POINTNET-Neural-network/PointNetLab/data/ModelNet10_PLY/monitor/test/monitor_0541.ply,5,5,monitor,monitor,0.998067319393158
plus_occlusion,1,498,/home/nochi/NOCHI/M2_PAR/Apprenyissage_Pointcloud/Pointclouds-classification-with-the-POINTNET-Neural-network/PointNetLab/data/ModelNet10_PLY/monitor/test/monitor_0542.ply,5,5,monitor,monitor,0.9984837174415588
plus_occlusion,1,499,/home/nochi/NOCHI/M2_PAR/Apprenyissage_Pointcloud/Pointclouds-classification-with-the-POINTNET-Neural-network/PointNetLab/data/ModelNet10_PLY/monitor/test/monitor_0543.ply,5,5,monitor,monitor,0.9992006421089172
plus_occlusion,1,500,/home/nochi/NOCHI/M2_PAR/Apprenyissage_Pointcloud/Pointclouds-classification-with-the-POINTNET-Neural-network/PointNetLab/data/ModelNet10_PLY/monitor/test/monitor_0544.ply,5,5,monitor,monitor,0.9989535212516785
plus_occlusion,1,501,/home/nochi/NOCHI/M2_PAR/Apprenyissage_Pointcloud/Pointclouds-classification-with-the-POINTNET-Neural-network/PointNetLab/data/ModelNet10_PLY/monitor/test/monitor_0545.ply,5,5,monitor,monitor,0.9982436895370483
plus_occlusion,1,502,/home/nochi/NOCHI/M2_PAR/Apprenyissage_Pointcloud/Pointclouds-classification-with-the-POINTNET-Neural-network/PointNetLab/data/ModelNet10_PLY/monitor/test/monitor_0546.ply,5,5,monitor,monitor,0.9994692206382751
plus_occlusion,1,503,/home/nochi/NOCHI/M2_PAR/Apprenyissage_Pointcloud/Pointclouds-classification-with-the-POINTNET-Neural-network/PointNetLab/data/ModelNet10_PLY/monitor/test/monitor_0547.ply,5,5,monitor,monitor,0.9973940849304199
plus_occlusion,1,504,/home/nochi/NOCHI/M2_PAR/Apprenyissage_Pointcloud/Pointclouds-classification-with-the-POINTNET-Neural-network/PointNetLab/data/ModelNet10_PLY/monitor/test/monitor_0548.ply,5,5,monitor,monitor,0.9965334534645081
plus_occlusion,1,505,/home/nochi/NOCHI/M2_PAR/Apprenyissage_Pointcloud/Pointclouds-classification-with-the-POINTNET-Neural-network/PointNetLab/data/ModelNet10_PLY/monitor/test/monitor_0549.ply,5,5,monitor,monitor,0.9981857538223267
plus_occlusion,1,506,/home/nochi/NOCHI/M2_PAR/Apprenyissage_Pointcloud/Pointclouds-classification-with-the-POINTNET-Neural-network/PointNetLab/data/ModelNet10_PLY/monitor/test/monitor_0550.ply,5,5,monitor,monitor,0.9988079071044922
plus_occlusion,1,507,/home/nochi/NOCHI/M2_PAR/Apprenyissage_Pointcloud/Pointclouds-classification-with-the-POINTNET-Neural-network/PointNetLab/data/ModelNet10_PLY/monitor/test/monitor_0551.ply,5,5,monitor,monitor,0.9976546764373779
plus_occlusion,1,508,/home/nochi/NOCHI/M2_PAR/Apprenyissage_Pointcloud/Pointclouds-classification-with-the-POINTNET-Neural-network/PointNetLab/data/ModelNet10_PLY/monitor/test/monitor_0552.ply,5,5,monitor,monitor,0.9971388578414917
plus_occlusion,1,509,/home/nochi/NOCHI/M2_PAR/Apprenyissage_Pointcloud/Pointclouds-classification-with-the-POINTNET-Neural-network/PointNetLab/data/ModelNet10_PLY/monitor/test/monitor_0553.ply,5,5,monitor,monitor,0.9969316124916077
plus_occlusion,1,510,/home/nochi/NOCHI/M2_PAR/Apprenyissage_Pointcloud/Pointclouds-classification-with-the-POINTNET-Neural-network/PointNetLab/data/ModelNet10_PLY/monitor/test/monitor_0554.ply,5,5,monitor,monitor,0.9985335469245911
plus_occlusion,1,511,/home/nochi/NOCHI/M2_PAR/Apprenyissage_Pointcloud/Pointclouds-classification-with-the-POINTNET-Neural-network/PointNetLab/data/ModelNet10_PLY/monitor/test/monitor_0555.ply,5,5,monitor,monitor,0.9954135417938232
plus_occlusion,1,512,/home/nochi/NOCHI/M2_PAR/Apprenyissage_Pointcloud/Pointclouds-classification-with-the-POINTNET-Neural-network/PointNetLab/data/ModelNet10_PLY/monitor/test/monitor_0556.ply,5,5,monitor,monitor,0.9991276860237122
plus_occlusion,1,513,/home/nochi/NOCHI/M2_PAR/Apprenyissage_Pointcloud/Pointclouds-classification-with-the-POINTNET-Neural-network/PointNetLab/data/ModelNet10_PLY/monitor/test/monitor_0557.ply,5,5,monitor,monitor,0.991817831993103
plus_occlusion,1,514,/home/nochi/NOCHI/M2_PAR/Apprenyissage_Pointcloud/Pointclouds-classification-with-the-POINTNET-Neural-network/PointNetLab/data/ModelNet10_PLY/monitor/test/monitor_0558.ply,5,5,monitor,monitor,0.9988839030265808
plus_occlusion,1,515,/home/nochi/NOCHI/M2_PAR/Apprenyissage_Pointcloud/Pointclouds-classification-with-the-POINTNET-Neural-network/PointNetLab/data/ModelNet10_PLY/monitor/test/monitor_0559.ply,5,5,monitor,monitor,0.9975764155387878
plus_occlusion,1,516,/home/nochi/NOCHI/M2_PAR/Apprenyissage_Pointcloud/Pointclouds-classification-with-the-POINTNET-Neural-network/PointNetLab/data/ModelNet10_PLY/monitor/test/monitor_0560.ply,5,5,monitor,monitor,0.9957813024520874
plus_occlusion,1,517,/home/nochi/NOCHI/M2_PAR/Apprenyissage_Pointcloud/Pointclouds-classification-with-the-POINTNET-Neural-network/PointNetLab/data/ModelNet10_PLY/monitor/test/monitor_0561.ply,5,5,monitor,monitor,0.9979408979415894
plus_occlusion,1,518,/home/nochi/NOCHI/M2_PAR/Apprenyissage_Pointcloud/Pointclouds-classification-with-the-POINTNET-Neural-network/PointNetLab/data/ModelNet10_PLY/monitor/test/monitor_0562.ply,5,5,monitor,monitor,0.7817694544792175
plus_occlusion,1,519,/home/nochi/NOCHI/M2_PAR/Apprenyissage_Pointcloud/Pointclouds-classification-with-the-POINTNET-Neural-network/PointNetLab/data/ModelNet10_PLY/monitor/test/monitor_0563.ply,5,5,monitor,monitor,0.9952078461647034
plus_occlusion,1,520,/home/nochi/NOCHI/M2_PAR/Apprenyissage_Pointcloud/Pointclouds-classification-with-the-POINTNET-Neural-network/PointNetLab/data/ModelNet10_PLY/monitor/test/monitor_0564.ply,5,5,monitor,monitor,0.9992815852165222
plus_occlusion,1,521,/home/nochi/NOCHI/M2_PAR/Apprenyissage_Pointcloud/Pointclouds-classification-with-the-POINTNET-Neural-network/PointNetLab/data/ModelNet10_PLY/monitor/test/monitor_0565.ply,5,5,monitor,monitor,0.9991559982299805
plus_occlusion,1,522,/home/nochi/NOCHI/M2_PAR/Apprenyissage_Pointcloud/Pointclouds-classification-with-the-POINTNET-Neural-network/PointNetLab/data/ModelNet10_PLY/night_stand/test/night_stand_0201.ply,6,8,night_stand,table,0.6738497018814087
plus_occlusion,1,523,/home/nochi/NOCHI/M2_PAR/Apprenyissage_Pointcloud/Pointclouds-classification-with-the-POINTNET-Neural-network/PointNetLab/data/ModelNet10_PLY/night_stand/test/night_stand_0202.ply,6,6,night_stand,night_stand,0.7225616574287415
plus_occlusion,1,524,/home/nochi/NOCHI/M2_PAR/Apprenyissage_Pointcloud/Pointclouds-classification-with-the-POINTNET-Neural-network/PointNetLab/data/ModelNet10_PLY/night_stand/test/night_stand_0203.ply,6,8,night_stand,table,0.8172725439071655
plus_occlusion,1,525,/home/nochi/NOCHI/M2_PAR/Apprenyissage_Pointcloud/Pointclouds-classification-with-the-POINTNET-Neural-network/PointNetLab/data/ModelNet10_PLY/night_stand/test/night_stand_0204.ply,6,6,night_stand,night_stand,0.7576362490653992
plus_occlusion,1,526,/home/nochi/NOCHI/M2_PAR/Apprenyissage_Pointcloud/Pointclouds-classification-with-the-POINTNET-Neural-network/PointNetLab/data/ModelNet10_PLY/night_stand/test/night_stand_0205.ply,6,6,night_stand,night_stand,0.5770368576049805
plus_occlusion,1,527,/home/nochi/NOCHI/M2_PAR/Apprenyissage_Pointcloud/Pointclouds-classification-with-the-POINTNET-Neural-network/PointNetLab/data/ModelNet10_PLY/night_stand/test/night_stand_0206.ply,6,8,night_stand,table,0.6122356057167053
plus_occlusion,1,528,/home/nochi/NOCHI/M2_PAR/Apprenyissage_Pointcloud/Pointclouds-classification-with-the-POINTNET-Neural-network/PointNetLab/data/ModelNet10_PLY/night_stand/test/night_stand_0207.ply,6,6,night_stand,night_stand,0.6217565536499023
plus_occlusion,1,529,/home/nochi/NOCHI/M2_PAR/Apprenyissage_Pointcloud/Pointclouds-classification-with-the-POINTNET-Neural-network/PointNetLab/data/ModelNet10_PLY/night_stand/test/night_stand_0208.ply,6,6,night_stand,night_stand,0.8066055774688721
plus_occlusion,1,530,/home/nochi/NOCHI/M2_PAR/Apprenyissage_Pointcloud/Pointclouds-classification-with-the-POINTNET-Neural-network/PointNetLab/data/ModelNet10_PLY/night_stand/test/night_stand_0209.ply,6,6,night_stand,night_stand,0.9128538370132446
plus_occlusion,1,531,/home/nochi/NOCHI/M2_PAR/Apprenyissage_Pointcloud/Pointclouds-classification-with-the-POINTNET-Neural-network/PointNetLab/data/ModelNet10_PLY/night_stand/test/night_stand_0210.ply,6,6,night_stand,night_stand,0.7715860605239868
plus_occlusion,1,532,/home/nochi/NOCHI/M2_PAR/Apprenyissage_Pointcloud/Pointclouds-classification-with-the-POINTNET-Neural-network/PointNetLab/data/ModelNet10_PLY/night_stand/test/night_stand_0211.ply,6,5,night_stand,monitor,0.6720041036605835
plus_occlusion,1,533,/home/nochi/NOCHI/M2_PAR/Apprenyissage_Pointcloud/Pointclouds-classification-with-the-POINTNET-Neural-network/PointNetLab/data/ModelNet10_PLY/night_stand/test/night_stand_0212.ply,6,8,night_stand,table,0.8192927241325378
plus_occlusion,1,534,/home/nochi/NOCHI/M2_PAR/Apprenyissage_Pointcloud/Pointclouds-classification-with-the-POINTNET-Neural-network/PointNetLab/data/ModelNet10_PLY/night_stand/test/night_stand_0213.ply,6,6,night_stand,night_stand,0.8410637378692627
plus_occlusion,1,535,/home/nochi/NOCHI/M2_PAR/Apprenyissage_Pointcloud/Pointclouds-classification-with-the-POINTNET-Neural-network/PointNetLab/data/ModelNet10_PLY/night_stand/test/night_stand_0214.ply,6,6,night_stand,night_stand,0.632347822189331
plus_occlusion,1,536,/home/nochi/NOCHI/M2_PAR/Apprenyissage_Pointcloud/Pointclouds-classification-with-the-POINTNET-Neural-network/PointNetLab/data/ModelNet10_PLY/night_stand/test/night_stand_0215.ply,6,4,night_stand,dresser,0.5306088328361511
plus_occlusion,1,537,/home/nochi/NOCHI/M2_PAR/Apprenyissage_Pointcloud/Pointclouds-classification-with-the-POINTNET-Neural-network/PointNetLab/data/ModelNet10_PLY/night_stand/test/night_stand_0216.ply,6,8,night_stand,table,0.9930292367935181
plus_occlusion,1,538,/home/nochi/NOCHI/M2_PAR/Apprenyissage_Pointcloud/Pointclouds-classification-with-the-POINTNET-Neural-network/PointNetLab/data/ModelNet10_PLY/night_stand/test/night_stand_0217.ply,6,6,night_stand,night_stand,0.9360635280609131
plus_occlusion,1,539,/home/nochi/NOCHI/M2_PAR/Apprenyissage_Pointcloud/Pointclouds-classification-with-the-POINTNET-Neural-network/PointNetLab/data/ModelNet10_PLY/night_stand/test/night_stand_0218.ply,6,6,night_stand,night_stand,0.9122279286384583
plus_occlusion,1,540,/home/nochi/NOCHI/M2_PAR/Apprenyissage_Pointcloud/Pointclouds-classification-with-the-POINTNET-Neural-network/PointNetLab/data/ModelNet10_PLY/night_stand/test/night_stand_0219.ply,6,6,night_stand,night_stand,0.9690807461738586
plus_occlusion,1,541,/home/nochi/NOCHI/M2_PAR/Apprenyissage_Pointcloud/Pointclouds-classification-with-the-POINTNET-Neural-network/PointNetLab/data/ModelNet10_PLY/night_stand/test/night_stand_0220.ply,6,6,night_stand,night_stand,0.5977206230163574
plus_occlusion,1,542,/home/nochi/NOCHI/M2_PAR/Apprenyissage_Pointcloud/Pointclouds-classification-with-the-POINTNET-Neural-network/PointNetLab/data/ModelNet10_PLY/night_stand/test/night_stand_0221.ply,6,2,night_stand,chair,0.47454559803009033
plus_occlusion,1,543,/home/nochi/NOCHI/M2_PAR/Apprenyissage_Pointcloud/Pointclouds-classification-with-the-POINTNET-Neural-network/PointNetLab/data/ModelNet10_PLY/night_stand/test/night_stand_0222.ply,6,6,night_stand,night_stand,0.38028112053871155
plus_occlusion,1,544,/home/nochi/NOCHI/M2_PAR/Apprenyissage_Pointcloud/Pointclouds-classification-with-the-POINTNET-Neural-network/PointNetLab/data/ModelNet10_PLY/night_stand/test/night_stand_0223.ply,6,6,night_stand,night_stand,0.5088769197463989
plus_occlusion,1,545,/home/nochi/NOCHI/M2_PAR/Apprenyissage_Pointcloud/Pointclouds-classification-with-the-POINTNET-Neural-network/PointNetLab/data/ModelNet10_PLY/night_stand/test/night_stand_0224.ply,6,5,night_stand,monitor,0.9123233556747437
plus_occlusion,1,546,/home/nochi/NOCHI/M2_PAR/Apprenyissage_Pointcloud/Pointclouds-classification-with-the-POINTNET-Neural-network/PointNetLab/data/ModelNet10_PLY/night_stand/test/night_stand_0225.ply,6,6,night_stand,night_stand,0.5031113028526306
plus_occlusion,1,547,/home/nochi/NOCHI/M2_PAR/Apprenyissage_Pointcloud/Pointclouds-classification-with-the-POINTNET-Neural-network/PointNetLab/data/ModelNet10_PLY/night_stand/test/night_stand_0226.ply,6,6,night_stand,night_stand,0.7650728225708008
plus_occlusion,1,548,/home/nochi/NOCHI/M2_PAR/Apprenyissage_Pointcloud/Pointclouds-classification-with-the-POINTNET-Neural-network/PointNetLab/data/ModelNet10_PLY/night_stand/test/night_stand_0227.ply,6,6,night_stand,night_stand,0.5543065667152405
plus_occlusion,1,549,/home/nochi/NOCHI/M2_PAR/Apprenyissage_Pointcloud/Pointclouds-classification-with-the-POINTNET-Neural-network/PointNetLab/data/ModelNet10_PLY/night_stand/test/night_stand_0228.ply,6,6,night_stand,night_stand,0.435471773147583
plus_occlusion,1,550,/home/nochi/NOCHI/M2_PAR/Apprenyissage_Pointcloud/Pointclouds-classification-with-the-POINTNET-Neural-network/PointNetLab/data/ModelNet10_PLY/night_stand/test/night_stand_0229.ply,6,8,night_stand,table,0.8577613830566406
plus_occlusion,1,551,/home/nochi/NOCHI/M2_PAR/Apprenyissage_Pointcloud/Pointclouds-classification-with-the-POINTNET-Neural-network/PointNetLab/data/ModelNet10_PLY/night_stand/test/night_stand_0230.ply,6,6,night_stand,night_stand,0.8386687636375427
plus_occlusion,1,552,/home/nochi/NOCHI/M2_PAR/Apprenyissage_Pointcloud/Pointclouds-classification-with-the-POINTNET-Neural-network/PointNetLab/data/ModelNet10_PLY/night_stand/test/night_stand_0231.ply,6,5,night_stand,monitor,0.637446403503418
plus_occlusion,1,553,/home/nochi/NOCHI/M2_PAR/Apprenyissage_Pointcloud/Pointclouds-classification-with-the-POINTNET-Neural-network/PointNetLab/data/ModelNet10_PLY/night_stand/test/night_stand_0232.ply,6,6,night_stand,night_stand,0.9202638268470764
plus_occlusion,1,554,/home/nochi/NOCHI/M2_PAR/Apprenyissage_Pointcloud/Pointclouds-classification-with-the-POINTNET-Neural-network/PointNetLab/data/ModelNet10_PLY/night_stand/test/night_stand_0233.ply,6,6,night_stand,night_stand,0.6329210996627808
plus_occlusion,1,555,/home/nochi/NOCHI/M2_PAR/Apprenyissage_Pointcloud/Pointclouds-classification-with-the-POINTNET-Neural-network/PointNetLab/data/ModelNet10_PLY/night_stand/test/night_stand_0234.ply,6,5,night_stand,monitor,0.6448284387588501
plus_occlusion,1,556,/home/nochi/NOCHI/M2_PAR/Apprenyissage_Pointcloud/Pointclouds-classification-with-the-POINTNET-Neural-network/PointNetLab/data/ModelNet10_PLY/night_stand/test/night_stand_0235.ply,6,6,night_stand,night_stand,0.9200706481933594
plus_occlusion,1,557,/home/nochi/NOCHI/M2_PAR/Apprenyissage_Pointcloud/Pointclouds-classification-with-the-POINTNET-Neural-network/PointNetLab/data/ModelNet10_PLY/night_stand/test/night_stand_0236.ply,6,6,night_stand,night_stand,0.7882817387580872
plus_occlusion,1,558,/home/nochi/NOCHI/M2_PAR/Apprenyissage_Pointcloud/Pointclouds-classification-with-the-POINTNET-Neural-network/PointNetLab/data/ModelNet10_PLY/night_stand/test/night_stand_0237.ply,6,6,night_stand,night_stand,0.7244840860366821
plus_occlusion,1,559,/home/nochi/NOCHI/M2_PAR/Apprenyissage_Pointcloud/Pointclouds-classification-with-the-POINTNET-Neural-network/PointNetLab/data/ModelNet10_PLY/night_stand/test/night_stand_0238.ply,6,8,night_stand,table,0.6448684930801392
plus_occlusion,1,560,/home/nochi/NOCHI/M2_PAR/Apprenyissage_Pointcloud/Pointclouds-classification-with-the-POINTNET-Neural-network/PointNetLab/data/ModelNet10_PLY/night_stand/test/night_stand_0239.ply,6,6,night_stand,night_stand,0.9006389379501343
plus_occlusion,1,561,/home/nochi/NOCHI/M2_PAR/Apprenyissage_Pointcloud/Pointclouds-classification-with-the-POINTNET-Neural-network/PointNetLab/data/ModelNet10_PLY/night_stand/test/night_stand_0240.ply,6,6,night_stand,night_stand,0.7031451463699341
plus_occlusion,1,562,/home/nochi/NOCHI/M2_PAR/Apprenyissage_Pointcloud/Pointclouds-classification-with-the-POINTNET-Neural-network/PointNetLab/data/ModelNet10_PLY/night_stand/test/night_stand_0241.ply,6,6,night_stand,night_stand,0.8556638956069946
plus_occlusion,1,563,/home/nochi/NOCHI/M2_PAR/Apprenyissage_Pointcloud/Pointclouds-classification-with-the-POINTNET-Neural-network/PointNetLab/data/ModelNet10_PLY/night_stand/test/night_stand_0242.ply,6,8,night_stand,table,0.9614391922950745
plus_occlusion,1,564,/home/nochi/NOCHI/M2_PAR/Apprenyissage_Pointcloud/Pointclouds-classification-with-the-POINTNET-Neural-network/PointNetLab/data/ModelNet10_PLY/night_stand/test/night_stand_0243.ply,6,6,night_stand,night_stand,0.7635512948036194
plus_occlusion,1,565,/home/nochi/NOCHI/M2_PAR/Apprenyissage_Pointcloud/Pointclouds-classification-with-the-POINTNET-Neural-network/PointNetLab/data/ModelNet10_PLY/night_stand/test/night_stand_0244.ply,6,6,night_stand,night_stand,0.5154235363006592
plus_occlusion,1,566,/home/nochi/NOCHI/M2_PAR/Apprenyissage_Pointcloud/Pointclouds-classification-with-the-POINTNET-Neural-network/PointNetLab/data/ModelNet10_PLY/night_stand/test/night_stand_0245.ply,6,6,night_stand,night_stand,0.9267821311950684
plus_occlusion,1,567,/home/nochi/NOCHI/M2_PAR/Apprenyissage_Pointcloud/Pointclouds-classification-with-the-POINTNET-Neural-network/PointNetLab/data/ModelNet10_PLY/night_stand/test/night_stand_0246.ply,6,6,night_stand,night_stand,0.6377397179603577
plus_occlusion,1,568,/home/nochi/NOCHI/M2_PAR/Apprenyissage_Pointcloud/Pointclouds-classification-with-the-POINTNET-Neural-network/PointNetLab/data/ModelNet10_PLY/night_stand/test/night_stand_0247.ply,6,6,night_stand,night_stand,0.519345223903656
plus_occlusion,1,569,/home/nochi/NOCHI/M2_PAR/Apprenyissage_Pointcloud/Pointclouds-classification-with-the-POINTNET-Neural-network/PointNetLab/data/ModelNet10_PLY/night_stand/test/night_stand_0248.ply,6,6,night_stand,night_stand,0.7486915588378906
plus_occlusion,1,570,/home/nochi/NOCHI/M2_PAR/Apprenyissage_Pointcloud/Pointclouds-classification-with-the-POINTNET-Neural-network/PointNetLab/data/ModelNet10_PLY/night_stand/test/night_stand_0249.ply,6,6,night_stand,night_stand,0.9489402174949646
plus_occlusion,1,571,/home/nochi/NOCHI/M2_PAR/Apprenyissage_Pointcloud/Pointclouds-classification-with-the-POINTNET-Neural-network/PointNetLab/data/ModelNet10_PLY/night_stand/test/night_stand_0250.ply,6,8,night_stand,table,0.969616711139679
plus_occlusion,1,572,/home/nochi/NOCHI/M2_PAR/Apprenyissage_Pointcloud/Pointclouds-classification-with-the-POINTNET-Neural-network/PointNetLab/data/ModelNet10_PLY/night_stand/test/night_stand_0251.ply,6,6,night_stand,night_stand,0.6922019124031067
plus_occlusion,1,573,/home/nochi/NOCHI/M2_PAR/Apprenyissage_Pointcloud/Pointclouds-classification-with-the-POINTNET-Neural-network/PointNetLab/data/ModelNet10_PLY/night_stand/test/night_stand_0252.ply,6,4,night_stand,dresser,0.8359468579292297
plus_occlusion,1,574,/home/nochi/NOCHI/M2_PAR/Apprenyissage_Pointcloud/Pointclouds-classification-with-the-POINTNET-Neural-network/PointNetLab/data/ModelNet10_PLY/night_stand/test/night_stand_0253.ply,6,6,night_stand,night_stand,0.9408077001571655
plus_occlusion,1,575,/home/nochi/NOCHI/M2_PAR/Apprenyissage_Pointcloud/Pointclouds-classification-with-the-POINTNET-Neural-network/PointNetLab/data/ModelNet10_PLY/night_stand/test/night_stand_0254.ply,6,4,night_stand,dresser,0.5959653258323669
plus_occlusion,1,576,/home/nochi/NOCHI/M2_PAR/Apprenyissage_Pointcloud/Pointclouds-classification-with-the-POINTNET-Neural-network/PointNetLab/data/ModelNet10_PLY/night_stand/test/night_stand_0255.ply,6,5,night_stand,monitor,0.4369107484817505
plus_occlusion,1,577,/home/nochi/NOCHI/M2_PAR/Apprenyissage_Pointcloud/Pointclouds-classification-with-the-POINTNET-Neural-network/PointNetLab/data/ModelNet10_PLY/night_stand/test/night_stand_0256.ply,6,4,night_stand,dresser,0.5464093089103699
plus_occlusion,1,578,/home/nochi/NOCHI/M2_PAR/Apprenyissage_Pointcloud/Pointclouds-classification-with-the-POINTNET-Neural-network/PointNetLab/data/ModelNet10_PLY/night_stand/test/night_stand_0257.ply,6,6,night_stand,night_stand,0.7004398703575134
plus_occlusion,1,579,/home/nochi/NOCHI/M2_PAR/Apprenyissage_Pointcloud/Pointclouds-classification-with-the-POINTNET-Neural-network/PointNetLab/data/ModelNet10_PLY/night_stand/test/night_stand_0258.ply,6,6,night_stand,night_stand,0.9148072600364685
plus_occlusion,1,580,/home/nochi/NOCHI/M2_PAR/Apprenyissage_Pointcloud/Pointclouds-classification-with-the-POINTNET-Neural-network/PointNetLab/data/ModelNet10_PLY/night_stand/test/night_stand_0259.ply,6,8,night_stand,table,0.7102043032646179
plus_occlusion,1,581,/home/nochi/NOCHI/M2_PAR/Apprenyissage_Pointcloud/Pointclouds-classification-with-the-POINTNET-Neural-network/PointNetLab/data/ModelNet10_PLY/night_stand/test/night_stand_0260.ply,6,6,night_stand,night_stand,0.9034956693649292
plus_occlusion,1,582,/home/nochi/NOCHI/M2_PAR/Apprenyissage_Pointcloud/Pointclouds-classification-with-the-POINTNET-Neural-network/PointNetLab/data/ModelNet10_PLY/night_stand/test/night_stand_0261.ply,6,6,night_stand,night_stand,0.914214551448822
plus_occlusion,1,583,/home/nochi/NOCHI/M2_PAR/Apprenyissage_Pointcloud/Pointclouds-classification-with-the-POINTNET-Neural-network/PointNetLab/data/ModelNet10_PLY/night_stand/test/night_stand_0262.ply,6,4,night_stand,dresser,0.3799589276313782
plus_occlusion,1,584,/home/nochi/NOCHI/M2_PAR/Apprenyissage_Pointcloud/Pointclouds-classification-with-the-POINTNET-Neural-network/PointNetLab/data/ModelNet10_PLY/night_stand/test/night_stand_0263.ply,6,6,night_stand,night_stand,0.7342956066131592
plus_occlusion,1,585,/home/nochi/NOCHI/M2_PAR/Apprenyissage_Pointcloud/Pointclouds-classification-with-the-POINTNET-Neural-network/PointNetLab/data/ModelNet10_PLY/night_stand/test/night_stand_0264.ply,6,6,night_stand,night_stand,0.7609185576438904
plus_occlusion,1,586,/home/nochi/NOCHI/M2_PAR/Apprenyissage_Pointcloud/Pointclouds-classification-with-the-POINTNET-Neural-network/PointNetLab/data/ModelNet10_PLY/night_stand/test/night_stand_0265.ply,6,6,night_stand,night_stand,0.8907247185707092
plus_occlusion,1,587,/home/nochi/NOCHI/M2_PAR/Apprenyissage_Pointcloud/Pointclouds-classification-with-the-POINTNET-Neural-network/PointNetLab/data/ModelNet10_PLY/night_stand/test/night_stand_0266.ply,6,6,night_stand,night_stand,0.5413190126419067
plus_occlusion,1,588,/home/nochi/NOCHI/M2_PAR/Apprenyissage_Pointcloud/Pointclouds-classification-with-the-POINTNET-Neural-network/PointNetLab/data/ModelNet10_PLY/night_stand/test/night_stand_0267.ply,6,6,night_stand,night_stand,0.9342111349105835
plus_occlusion,1,589,/home/nochi/NOCHI/M2_PAR/Apprenyissage_Pointcloud/Pointclouds-classification-with-the-POINTNET-Neural-network/PointNetLab/data/ModelNet10_PLY/night_stand/test/night_stand_0268.ply,6,8,night_stand,table,0.5323347449302673
plus_occlusion,1,590,/home/nochi/NOCHI/M2_PAR/Apprenyissage_Pointcloud/Pointclouds-classification-with-the-POINTNET-Neural-network/PointNetLab/data/ModelNet10_PLY/night_stand/test/night_stand_0269.ply,6,6,night_stand,night_stand,0.8857564330101013
plus_occlusion,1,591,/home/nochi/NOCHI/M2_PAR/Apprenyissage_Pointcloud/Pointclouds-classification-with-the-POINTNET-Neural-network/PointNetLab/data/ModelNet10_PLY/night_stand/test/night_stand_0270.ply,6,6,night_stand,night_stand,0.8934010863304138
plus_occlusion,1,592,/home/nochi/NOCHI/M2_PAR/Apprenyissage_Pointcloud/Pointclouds-classification-with-the-POINTNET-Neural-network/PointNetLab/data/ModelNet10_PLY/night_stand/test/night_stand_0271.ply,6,6,night_stand,night_stand,0.9004393815994263
plus_occlusion,1,593,/home/nochi/NOCHI/M2_PAR/Apprenyissage_Pointcloud/Pointclouds-classification-with-the-POINTNET-Neural-network/PointNetLab/data/ModelNet10_PLY/night_stand/test/night_stand_0272.ply,6,4,night_stand,dresser,0.8015807271003723
plus_occlusion,1,594,/home/nochi/NOCHI/M2_PAR/Apprenyissage_Pointcloud/Pointclouds-classification-with-the-POINTNET-Neural-network/PointNetLab/data/ModelNet10_PLY/night_stand/test/night_stand_0273.ply,6,6,night_stand,night_stand,0.8809321522712708
plus_occlusion,1,595,/home/nochi/NOCHI/M2_PAR/Apprenyissage_Pointcloud/Pointclouds-classification-with-the-POINTNET-Neural-network/PointNetLab/data/ModelNet10_PLY/night_stand/test/night_stand_0274.ply,6,4,night_stand,dresser,0.581321656703949
plus_occlusion,1,596,/home/nochi/NOCHI/M2_PAR/Apprenyissage_Pointcloud/Pointclouds-classification-with-the-POINTNET-Neural-network/PointNetLab/data/ModelNet10_PLY/night_stand/test/night_stand_0275.ply,6,6,night_stand,night_stand,0.8275015354156494
plus_occlusion,1,597,/home/nochi/NOCHI/M2_PAR/Apprenyissage_Pointcloud/Pointclouds-classification-with-the-POINTNET-Neural-network/PointNetLab/data/ModelNet10_PLY/night_stand/test/night_stand_0276.ply,6,6,night_stand,night_stand,0.5244354605674744
plus_occlusion,1,598,/home/nochi/NOCHI/M2_PAR/Apprenyissage_Pointcloud/Pointclouds-classification-with-the-POINTNET-Neural-network/PointNetLab/data/ModelNet10_PLY/night_stand/test/night_stand_0277.ply,6,4,night_stand,dresser,0.7264795899391174
plus_occlusion,1,599,/home/nochi/NOCHI/M2_PAR/Apprenyissage_Pointcloud/Pointclouds-classification-with-the-POINTNET-Neural-network/PointNetLab/data/ModelNet10_PLY/night_stand/test/night_stand_0278.ply,6,8,night_stand,table,0.46469825506210327
plus_occlusion,1,600,/home/nochi/NOCHI/M2_PAR/Apprenyissage_Pointcloud/Pointclouds-classification-with-the-POINTNET-Neural-network/PointNetLab/data/ModelNet10_PLY/night_stand/test/night_stand_0279.ply,6,6,night_stand,night_stand,0.8261081576347351
plus_occlusion,1,601,/home/nochi/NOCHI/M2_PAR/Apprenyissage_Pointcloud/Pointclouds-classification-with-the-POINTNET-Neural-network/PointNetLab/data/ModelNet10_PLY/night_stand/test/night_stand_0280.ply,6,6,night_stand,night_stand,0.8801398277282715
plus_occlusion,1,602,/home/nochi/NOCHI/M2_PAR/Apprenyissage_Pointcloud/Pointclouds-classification-with-the-POINTNET-Neural-network/PointNetLab/data/ModelNet10_PLY/night_stand/test/night_stand_0281.ply,6,4,night_stand,dresser,0.5424772500991821
plus_occlusion,1,603,/home/nochi/NOCHI/M2_PAR/Apprenyissage_Pointcloud/Pointclouds-classification-with-the-POINTNET-Neural-network/PointNetLab/data/ModelNet10_PLY/night_stand/test/night_stand_0282.ply,6,8,night_stand,table,0.8517845273017883
plus_occlusion,1,604,/home/nochi/NOCHI/M2_PAR/Apprenyissage_Pointcloud/Pointclouds-classification-with-the-POINTNET-Neural-network/PointNetLab/data/ModelNet10_PLY/night_stand/test/night_stand_0283.ply,6,8,night_stand,table,0.9490246772766113
plus_occlusion,1,605,/home/nochi/NOCHI/M2_PAR/Apprenyissage_Pointcloud/Pointclouds-classification-with-the-POINTNET-Neural-network/PointNetLab/data/ModelNet10_PLY/night_stand/test/night_stand_0284.ply,6,6,night_stand,night_stand,0.6067888736724854
plus_occlusion,1,606,/home/nochi/NOCHI/M2_PAR/Apprenyissage_Pointcloud/Pointclouds-classification-with-the-POINTNET-Neural-network/PointNetLab/data/ModelNet10_PLY/night_stand/test/night_stand_0285.ply,6,8,night_stand,table,0.57331782579422
plus_occlusion,1,607,/home/nochi/NOCHI/M2_PAR/Apprenyissage_Pointcloud/Pointclouds-classification-with-the-POINTNET-Neural-network/PointNetLab/data/ModelNet10_PLY/night_stand/test/night_stand_0286.ply,6,6,night_stand,night_stand,0.4577696919441223
plus_occlusion,1,608,/home/nochi/NOCHI/M2_PAR/Apprenyissage_Pointcloud/Pointclouds-classification-with-the-POINTNET-Neural-network/PointNetLab/data/ModelNet10_PLY/sofa/test/sofa_0681.ply,7,6,sofa,night_stand,0.519793689250946
plus_occlusion,1,609,/home/nochi/NOCHI/M2_PAR/Apprenyissage_Pointcloud/Pointclouds-classification-with-the-POINTNET-Neural-network/PointNetLab/data/ModelNet10_PLY/sofa/test/sofa_0682.ply,7,2,sofa,chair,0.9145687818527222
plus_occlusion,1,610,/home/nochi/NOCHI/M2_PAR/Apprenyissage_Pointcloud/Pointclouds-classification-with-the-POINTNET-Neural-network/PointNetLab/data/ModelNet10_PLY/sofa/test/sofa_0683.ply,7,3,sofa,desk,0.891774594783783
plus_occlusion,1,611,/home/nochi/NOCHI/M2_PAR/Apprenyissage_Pointcloud/Pointclouds-classification-with-the-POINTNET-Neural-network/PointNetLab/data/ModelNet10_PLY/sofa/test/sofa_0684.ply,7,7,sofa,sofa,0.9995050430297852
plus_occlusion,1,612,/home/nochi/NOCHI/M2_PAR/Apprenyissage_Pointcloud/Pointclouds-classification-with-the-POINTNET-Neural-network/PointNetLab/data/ModelNet10_PLY/sofa/test/sofa_0685.ply,7,7,sofa,sofa,0.9997736811637878
plus_occlusion,1,613,/home/nochi/NOCHI/M2_PAR/Apprenyissage_Pointcloud/Pointclouds-classification-with-the-POINTNET-Neural-network/PointNetLab/data/ModelNet10_PLY/sofa/test/sofa_0686.ply,7,7,sofa,sofa,0.894789457321167
plus_occlusion,1,614,/home/nochi/NOCHI/M2_PAR/Apprenyissage_Pointcloud/Pointclouds-classification-with-the-POINTNET-Neural-network/PointNetLab/data/ModelNet10_PLY/sofa/test/sofa_0687.ply,7,7,sofa,sofa,0.9976179599761963
plus_occlusion,1,615,/home/nochi/NOCHI/M2_PAR/Apprenyissage_Pointcloud/Pointclouds-classification-with-the-POINTNET-Neural-network/PointNetLab/data/ModelNet10_PLY/sofa/test/sofa_0688.ply,7,7,sofa,sofa,0.9977507591247559
plus_occlusion,1,616,/home/nochi/NOCHI/M2_PAR/Apprenyissage_Pointcloud/Pointclouds-classification-with-the-POINTNET-Neural-network/PointNetLab/data/ModelNet10_PLY/sofa/test/sofa_0689.ply,7,7,sofa,sofa,0.9972519278526306
plus_occlusion,1,617,/home/nochi/NOCHI/M2_PAR/Apprenyissage_Pointcloud/Pointclouds-classification-with-the-POINTNET-Neural-network/PointNetLab/data/ModelNet10_PLY/sofa/test/sofa_0690.ply,7,7,sofa,sofa,0.9981390237808228
plus_occlusion,1,618,/home/nochi/NOCHI/M2_PAR/Apprenyissage_Pointcloud/Pointclouds-classification-with-the-POINTNET-Neural-network/PointNetLab/data/ModelNet10_PLY/sofa/test/sofa_0691.ply,7,7,sofa,sofa,0.9993176460266113
plus_occlusion,1,619,/home/nochi/NOCHI/M2_PAR/Apprenyissage_Pointcloud/Pointclouds-classification-with-the-POINTNET-Neural-network/PointNetLab/data/ModelNet10_PLY/sofa/test/sofa_0692.ply,7,7,sofa,sofa,0.8892316222190857
plus_occlusion,1,620,/home/nochi/NOCHI/M2_PAR/Apprenyissage_Pointcloud/Pointclouds-classification-with-the-POINTNET-Neural-network/PointNetLab/data/ModelNet10_PLY/sofa/test/sofa_0693.ply,7,7,sofa,sofa,0.9972221851348877
plus_occlusion,1,621,/home/nochi/NOCHI/M2_PAR/Apprenyissage_Pointcloud/Pointclouds-classification-with-the-POINTNET-Neural-network/PointNetLab/data/ModelNet10_PLY/sofa/test/sofa_0694.ply,7,7,sofa,sofa,0.9958896040916443
plus_occlusion,1,622,/home/nochi/NOCHI/M2_PAR/Apprenyissage_Pointcloud/Pointclouds-classification-with-the-POINTNET-Neural-network/PointNetLab/data/ModelNet10_PLY/sofa/test/sofa_0695.ply,7,7,sofa,sofa,0.9962304830551147
plus_occlusion,1,623,/home/nochi/NOCHI/M2_PAR/Apprenyissage_Pointcloud/Pointclouds-classification-with-the-POINTNET-Neural-network/PointNetLab/data/ModelNet10_PLY/sofa/test/sofa_0696.ply,7,7,sofa,sofa,0.9992335438728333
plus_occlusion,1,624,/home/nochi/NOCHI/M2_PAR/Apprenyissage_Pointcloud/Pointclouds-classification-with-the-POINTNET-Neural-network/PointNetLab/data/ModelNet10_PLY/sofa/test/sofa_0697.ply,7,7,sofa,sofa,0.9926616549491882
plus_occlusion,1,625,/home/nochi/NOCHI/M2_PAR/Apprenyissage_Pointcloud/Pointclouds-classification-with-the-POINTNET-Neural-network/PointNetLab/data/ModelNet10_PLY/sofa/test/sofa_0698.ply,7,7,sofa,sofa,0.9973080158233643
plus_occlusion,1,626,/home/nochi/NOCHI/M2_PAR/Apprenyissage_Pointcloud/Pointclouds-classification-with-the-POINTNET-Neural-network/PointNetLab/data/ModelNet10_PLY/sofa/test/sofa_0699.ply,7,7,sofa,sofa,0.9975674152374268
plus_occlusion,1,627,/home/nochi/NOCHI/M2_PAR/Apprenyissage_Pointcloud/Pointclouds-classification-with-the-POINTNET-Neural-network/PointNetLab/data/ModelNet10_PLY/sofa/test/sofa_0700.ply,7,7,sofa,sofa,0.9955838322639465
plus_occlusion,1,628,/home/nochi/NOCHI/M2_PAR/Apprenyissage_Pointcloud/Pointclouds-classification-with-the-POINTNET-Neural-network/PointNetLab/data/ModelNet10_PLY/sofa/test/sofa_0701.ply,7,7,sofa,sofa,0.9950006604194641
plus_occlusion,1,629,/home/nochi/NOCHI/M2_PAR/Apprenyissage_Pointcloud/Pointclouds-classification-with-the-POINTNET-Neural-network/PointNetLab/data/ModelNet10_PLY/sofa/test/sofa_0702.ply,7,7,sofa,sofa,0.998914361000061
plus_occlusion,1,630,/home/nochi/NOCHI/M2_PAR/Apprenyissage_Pointcloud/Pointclouds-classification-with-the-POINTNET-Neural-network/PointNetLab/data/ModelNet10_PLY/sofa/test/sofa_0703.ply,7,7,sofa,sofa,0.9935006499290466
plus_occlusion,1,631,/home/nochi/NOCHI/M2_PAR/Apprenyissage_Pointcloud/Pointclouds-classification-with-the-POINTNET-Neural-network/PointNetLab/data/ModelNet10_PLY/sofa/test/sofa_0704.ply,7,7,sofa,sofa,0.9987668991088867
plus_occlusion,1,632,/home/nochi/NOCHI/M2_PAR/Apprenyissage_Pointcloud/Pointclouds-classification-with-the-POINTNET-Neural-network/PointNetLab/data/ModelNet10_PLY/sofa/test/sofa_0705.ply,7,7,sofa,sofa,0.9991042613983154
plus_occlusion,1,633,/home/nochi/NOCHI/M2_PAR/Apprenyissage_Pointcloud/Pointclouds-classification-with-the-POINTNET-Neural-network/PointNetLab/data/ModelNet10_PLY/sofa/test/sofa_0706.ply,7,7,sofa,sofa,0.9899054169654846
plus_occlusion,1,634,/home/nochi/NOCHI/M2_PAR/Apprenyissage_Pointcloud/Pointclouds-classification-with-the-POINTNET-Neural-network/PointNetLab/data/ModelNet10_PLY/sofa/test/sofa_0707.ply,7,7,sofa,sofa,0.9773663282394409
plus_occlusion,1,635,/home/nochi/NOCHI/M2_PAR/Apprenyissage_Pointcloud/Pointclouds-classification-with-the-POINTNET-Neural-network/PointNetLab/data/ModelNet10_PLY/sofa/test/sofa_0708.ply,7,7,sofa,sofa,0.9991899132728577
plus_occlusion,1,636,/home/nochi/NOCHI/M2_PAR/Apprenyissage_Pointcloud/Pointclouds-classification-with-the-POINTNET-Neural-network/PointNetLab/data/ModelNet10_PLY/sofa/test/sofa_0709.ply,7,7,sofa,sofa,0.9993406534194946
plus_occlusion,1,637,/home/nochi/NOCHI/M2_PAR/Apprenyissage_Pointcloud/Pointclouds-classification-with-the-POINTNET-Neural-network/PointNetLab/data/ModelNet10_PLY/sofa/test/sofa_0710.ply,7,7,sofa,sofa,0.9993276596069336
plus_occlusion,1,638,/home/nochi/NOCHI/M2_PAR/Apprenyissage_Pointcloud/Pointclouds-classification-with-the-POINTNET-Neural-network/PointNetLab/data/ModelNet10_PLY/sofa/test/sofa_0711.ply,7,7,sofa,sofa,0.9998053908348083
plus_occlusion,1,639,/home/nochi/NOCHI/M2_PAR/Apprenyissage_Pointcloud/Pointclouds-classification-with-the-POINTNET-Neural-network/PointNetLab/data/ModelNet10_PLY/sofa/test/sofa_0712.ply,7,7,sofa,sofa,0.9976287484169006
plus_occlusion,1,640,/home/nochi/NOCHI/M2_PAR/Apprenyissage_Pointcloud/Pointclouds-classification-with-the-POINTNET-Neural-network/PointNetLab/data/ModelNet10_PLY/sofa/test/sofa_0713.ply,7,7,sofa,sofa,0.9996758699417114
plus_occlusion,1,641,/home/nochi/NOCHI/M2_PAR/Apprenyissage_Pointcloud/Pointclouds-classification-with-the-POINTNET-Neural-network/PointNetLab/data/ModelNet10_PLY/sofa/test/sofa_0714.ply,7,7,sofa,sofa,0.9995384812355042
plus_occlusion,1,642,/home/nochi/NOCHI/M2_PAR/Apprenyissage_Pointcloud/Pointclouds-classification-with-the-POINTNET-Neural-network/PointNetLab/data/ModelNet10_PLY/sofa/test/sofa_0715.ply,7,7,sofa,sofa,0.9705151319503784
plus_occlusion,1,643,/home/nochi/NOCHI/M2_PAR/Apprenyissage_Pointcloud/Pointclouds-classification-with-the-POINTNET-Neural-network/PointNetLab/data/ModelNet10_PLY/sofa/test/sofa_0716.ply,7,7,sofa,sofa,0.9944867491722107
plus_occlusion,1,644,/home/nochi/NOCHI/M2_PAR/Apprenyissage_Pointcloud/Pointclouds-classification-with-the-POINTNET-Neural-network/PointNetLab/data/ModelNet10_PLY/sofa/test/sofa_0717.ply,7,7,sofa,sofa,0.997967004776001
plus_occlusion,1,645,/home/nochi/NOCHI/M2_PAR/Apprenyissage_Pointcloud/Pointclouds-classification-with-the-POINTNET-Neural-network/PointNetLab/data/ModelNet10_PLY/sofa/test/sofa_0718.ply,7,7,sofa,sofa,0.9993893504142761
plus_occlusion,1,646,/home/nochi/NOCHI/M2_PAR/Apprenyissage_Pointcloud/Pointclouds-classification-with-the-POINTNET-Neural-network/PointNetLab/data/ModelNet10_PLY/sofa/test/sofa_0719.ply,7,7,sofa,sofa,0.9994798302650452
plus_occlusion,1,647,/home/nochi/NOCHI/M2_PAR/Apprenyissage_Pointcloud/Pointclouds-classification-with-the-POINTNET-Neural-network/PointNetLab/data/ModelNet10_PLY/sofa/test/sofa_0720.ply,7,7,sofa,sofa,0.9949813485145569
plus_occlusion,1,648,/home/nochi/NOCHI/M2_PAR/Apprenyissage_Pointcloud/Pointclouds-classification-with-the-POINTNET-Neural-network/PointNetLab/data/ModelNet10_PLY/sofa/test/sofa_0721.ply,7,7,sofa,sofa,0.9988475441932678
plus_occlusion,1,649,/home/nochi/NOCHI/M2_PAR/Apprenyissage_Pointcloud/Pointclouds-classification-with-the-POINTNET-Neural-network/PointNetLab/data/ModelNet10_PLY/sofa/test/sofa_0722.ply,7,7,sofa,sofa,0.9993020296096802
plus_occlusion,1,650,/home/nochi/NOCHI/M2_PAR/Apprenyissage_Pointcloud/Pointclouds-classification-with-the-POINTNET-Neural-network/PointNetLab/data/ModelNet10_PLY/sofa/test/sofa_0723.ply,7,7,sofa,sofa,0.9976886510848999
plus_occlusion,1,651,/home/nochi/NOCHI/M2_PAR/Apprenyissage_Pointcloud/Pointclouds-classification-with-the-POINTNET-Neural-network/PointNetLab/data/ModelNet10_PLY/sofa/test/sofa_0724.ply,7,7,sofa,sofa,0.9967885613441467
plus_occlusion,1,652,/home/nochi/NOCHI/M2_PAR/Apprenyissage_Pointcloud/Pointclouds-classification-with-the-POINTNET-Neural-network/PointNetLab/data/ModelNet10_PLY/sofa/test/sofa_0725.ply,7,7,sofa,sofa,0.999182939529419
plus_occlusion,1,653,/home/nochi/NOCHI/M2_PAR/Apprenyissage_Pointcloud/Pointclouds-classification-with-the-POINTNET-Neural-network/PointNetLab/data/ModelNet10_PLY/sofa/test/sofa_0726.ply,7,7,sofa,sofa,0.998823344707489
plus_occlusion,1,654,/home/nochi/NOCHI/M2_PAR/Apprenyissage_Pointcloud/Pointclouds-classification-with-the-POINTNET-Neural-network/PointNetLab/data/ModelNet10_PLY/sofa/test/sofa_0727.ply,7,7,sofa,sofa,0.9979174733161926
plus_occlusion,1,655,/home/nochi/NOCHI/M2_PAR/Apprenyissage_Pointcloud/Pointclouds-classification-with-the-POINTNET-Neural-network/PointNetLab/data/ModelNet10_PLY/sofa/test/sofa_0728.ply,7,7,sofa,sofa,0.9997186660766602
plus_occlusion,1,656,/home/nochi/NOCHI/M2_PAR/Apprenyissage_Pointcloud/Pointclouds-classification-with-the-POINTNET-Neural-network/PointNetLab/data/ModelNet10_PLY/sofa/test/sofa_0729.ply,7,7,sofa,sofa,0.9992807507514954
plus_occlusion,1,657,/home/nochi/NOCHI/M2_PAR/Apprenyissage_Pointcloud/Pointclouds-classification-with-the-POINTNET-Neural-network/PointNetLab/data/ModelNet10_PLY/sofa/test/sofa_0730.ply,7,7,sofa,sofa,0.9970483183860779
plus_occlusion,1,658,/home/nochi/NOCHI/M2_PAR/Apprenyissage_Pointcloud/Pointclouds-classification-with-the-POINTNET-Neural-network/PointNetLab/data/ModelNet10_PLY/sofa/test/sofa_0731.ply,7,7,sofa,sofa,0.9997228384017944
plus_occlusion,1,659,/home/nochi/NOCHI/M2_PAR/Apprenyissage_Pointcloud/Pointclouds-classification-with-the-POINTNET-Neural-network/PointNetLab/data/ModelNet10_PLY/sofa/test/sofa_0732.ply,7,7,sofa,sofa,0.9818887114524841
plus_occlusion,1,660,/home/nochi/NOCHI/M2_PAR/Apprenyissage_Pointcloud/Pointclouds-classification-with-the-POINTNET-Neural-network/PointNetLab/data/ModelNet10_PLY/sofa/test/sofa_0733.ply,7,7,sofa,sofa,0.9958506226539612
plus_occlusion,1,661,/home/nochi/NOCHI/M2_PAR/Apprenyissage_Pointcloud/Pointclouds-classification-with-the-POINTNET-Neural-network/PointNetLab/data/ModelNet10_PLY/sofa/test/sofa_0734.ply,7,7,sofa,sofa,0.9936985969543457
plus_occlusion,1,662,/home/nochi/NOCHI/M2_PAR/Apprenyissage_Pointcloud/Pointclouds-classification-with-the-POINTNET-Neural-network/PointNetLab/data/ModelNet10_PLY/sofa/test/sofa_0735.ply,7,7,sofa,sofa,0.997579038143158
plus_occlusion,1,663,/home/nochi/NOCHI/M2_PAR/Apprenyissage_Pointcloud/Pointclouds-classification-with-the-POINTNET-Neural-network/PointNetLab/data/ModelNet10_PLY/sofa/test/sofa_0736.ply,7,7,sofa,sofa,0.7318119406700134
plus_occlusion,1,664,/home/nochi/NOCHI/M2_PAR/Apprenyissage_Pointcloud/Pointclouds-classification-with-the-POINTNET-Neural-network/PointNetLab/data/ModelNet10_PLY/sofa/test/sofa_0737.ply,7,7,sofa,sofa,0.9992406368255615
plus_occlusion,1,665,/home/nochi/NOCHI/M2_PAR/Apprenyissage_Pointcloud/Pointclouds-classification-with-the-POINTNET-Neural-network/PointNetLab/data/ModelNet10_PLY/sofa/test/sofa_0738.ply,7,7,sofa,sofa,0.9985834360122681
plus_occlusion,1,666,/home/nochi/NOCHI/M2_PAR/Apprenyissage_Pointcloud/Pointclouds-classification-with-the-POINTNET-Neural-network/PointNetLab/data/ModelNet10_PLY/sofa/test/sofa_0739.ply,7,7,sofa,sofa,0.9985703229904175
plus_occlusion,1,667,/home/nochi/NOCHI/M2_PAR/Apprenyissage_Pointcloud/Pointclouds-classification-with-the-POINTNET-Neural-network/PointNetLab/data/ModelNet10_PLY/sofa/test/sofa_0740.ply,7,7,sofa,sofa,0.9986942410469055
plus_occlusion,1,668,/home/nochi/NOCHI/M2_PAR/Apprenyissage_Pointcloud/Pointclouds-classification-with-the-POINTNET-Neural-network/PointNetLab/data/ModelNet10_PLY/sofa/test/sofa_0741.ply,7,7,sofa,sofa,0.9864898920059204
plus_occlusion,1,669,/home/nochi/NOCHI/M2_PAR/Apprenyissage_Pointcloud/Pointclouds-classification-with-the-POINTNET-Neural-network/PointNetLab/data/ModelNet10_PLY/sofa/test/sofa_0742.ply,7,7,sofa,sofa,0.9954671859741211
plus_occlusion,1,670,/home/nochi/NOCHI/M2_PAR/Apprenyissage_Pointcloud/Pointclouds-classification-with-the-POINTNET-Neural-network/PointNetLab/data/ModelNet10_PLY/sofa/test/sofa_0743.ply,7,7,sofa,sofa,0.9991767406463623
plus_occlusion,1,671,/home/nochi/NOCHI/M2_PAR/Apprenyissage_Pointcloud/Pointclouds-classification-with-the-POINTNET-Neural-network/PointNetLab/data/ModelNet10_PLY/sofa/test/sofa_0744.ply,7,7,sofa,sofa,0.9996952414512634
plus_occlusion,1,672,/home/nochi/NOCHI/M2_PAR/Apprenyissage_Pointcloud/Pointclouds-classification-with-the-POINTNET-Neural-network/PointNetLab/data/ModelNet10_PLY/sofa/test/sofa_0745.ply,7,7,sofa,sofa,0.9987552762031555
plus_occlusion,1,673,/home/nochi/NOCHI/M2_PAR/Apprenyissage_Pointcloud/Pointclouds-classification-with-the-POINTNET-Neural-network/PointNetLab/data/ModelNet10_PLY/sofa/test/sofa_0746.ply,7,7,sofa,sofa,0.9967533349990845
plus_occlusion,1,674,/home/nochi/NOCHI/M2_PAR/Apprenyissage_Pointcloud/Pointclouds-classification-with-the-POINTNET-Neural-network/PointNetLab/data/ModelNet10_PLY/sofa/test/sofa_0747.ply,7,7,sofa,sofa,0.9989203214645386
plus_occlusion,1,675,/home/nochi/NOCHI/M2_PAR/Apprenyissage_Pointcloud/Pointclouds-classification-with-the-POINTNET-Neural-network/PointNetLab/data/ModelNet10_PLY/sofa/test/sofa_0748.ply,7,7,sofa,sofa,0.9962608814239502
plus_occlusion,1,676,/home/nochi/NOCHI/M2_PAR/Apprenyissage_Pointcloud/Pointclouds-classification-with-the-POINTNET-Neural-network/PointNetLab/data/ModelNet10_PLY/sofa/test/sofa_0749.ply,7,7,sofa,sofa,0.9884214997291565
plus_occlusion,1,677,/home/nochi/NOCHI/M2_PAR/Apprenyissage_Pointcloud/Pointclouds-classification-with-the-POINTNET-Neural-network/PointNetLab/data/ModelNet10_PLY/sofa/test/sofa_0750.ply,7,7,sofa,sofa,0.9959261417388916
plus_occlusion,1,678,/home/nochi/NOCHI/M2_PAR/Apprenyissage_Pointcloud/Pointclouds-classification-with-the-POINTNET-Neural-network/PointNetLab/data/ModelNet10_PLY/sofa/test/sofa_0751.ply,7,7,sofa,sofa,0.9975947737693787
plus_occlusion,1,679,/home/nochi/NOCHI/M2_PAR/Apprenyissage_Pointcloud/Pointclouds-classification-with-the-POINTNET-Neural-network/PointNetLab/data/ModelNet10_PLY/sofa/test/sofa_0752.ply,7,7,sofa,sofa,0.9973883628845215
plus_occlusion,1,680,/home/nochi/NOCHI/M2_PAR/Apprenyissage_Pointcloud/Pointclouds-classification-with-the-POINTNET-Neural-network/PointNetLab/data/ModelNet10_PLY/sofa/test/sofa_0753.ply,7,7,sofa,sofa,0.9124931693077087
plus_occlusion,1,681,/home/nochi/NOCHI/M2_PAR/Apprenyissage_Pointcloud/Pointclouds-classification-with-the-POINTNET-Neural-network/PointNetLab/data/ModelNet10_PLY/sofa/test/sofa_0754.ply,7,7,sofa,sofa,0.9981522560119629
plus_occlusion,1,682,/home/nochi/NOCHI/M2_PAR/Apprenyissage_Pointcloud/Pointclouds-classification-with-the-POINTNET-Neural-network/PointNetLab/data/ModelNet10_PLY/sofa/test/sofa_0755.ply,7,7,sofa,sofa,0.9689892530441284
plus_occlusion,1,683,/home/nochi/NOCHI/M2_PAR/Apprenyissage_Pointcloud/Pointclouds-classification-with-the-POINTNET-Neural-network/PointNetLab/data/ModelNet10_PLY/sofa/test/sofa_0756.ply,7,7,sofa,sofa,0.9995861649513245
plus_occlusion,1,684,/home/nochi/NOCHI/M2_PAR/Apprenyissage_Pointcloud/Pointclouds-classification-with-the-POINTNET-Neural-network/PointNetLab/data/ModelNet10_PLY/sofa/test/sofa_0757.ply,7,7,sofa,sofa,0.9993727207183838
plus_occlusion,1,685,/home/nochi/NOCHI/M2_PAR/Apprenyissage_Pointcloud/Pointclouds-classification-with-the-POINTNET-Neural-network/PointNetLab/data/ModelNet10_PLY/sofa/test/sofa_0758.ply,7,7,sofa,sofa,0.9973740577697754
plus_occlusion,1,686,/home/nochi/NOCHI/M2_PAR/Apprenyissage_Pointcloud/Pointclouds-classification-with-the-POINTNET-Neural-network/PointNetLab/data/ModelNet10_PLY/sofa/test/sofa_0759.ply,7,7,sofa,sofa,0.9959748387336731
plus_occlusion,1,687,/home/nochi/NOCHI/M2_PAR/Apprenyissage_Pointcloud/Pointclouds-classification-with-the-POINTNET-Neural-network/PointNetLab/data/ModelNet10_PLY/sofa/test/sofa_0760.ply,7,7,sofa,sofa,0.9809147119522095
plus_occlusion,1,688,/home/nochi/NOCHI/M2_PAR/Apprenyissage_Pointcloud/Pointclouds-classification-with-the-POINTNET-Neural-network/PointNetLab/data/ModelNet10_PLY/sofa/test/sofa_0761.ply,7,7,sofa,sofa,0.998293399810791
plus_occlusion,1,689,/home/nochi/NOCHI/M2_PAR/Apprenyissage_Pointcloud/Pointclouds-classification-with-the-POINTNET-Neural-network/PointNetLab/data/ModelNet10_PLY/sofa/test/sofa_0762.ply,7,7,sofa,sofa,0.9996085166931152
plus_occlusion,1,690,/home/nochi/NOCHI/M2_PAR/Apprenyissage_Pointcloud/Pointclouds-classification-with-the-POINTNET-Neural-network/PointNetLab/data/ModelNet10_PLY/sofa/test/sofa_0763.ply,7,7,sofa,sofa,0.9982869625091553
plus_occlusion,1,691,/home/nochi/NOCHI/M2_PAR/Apprenyissage_Pointcloud/Pointclouds-classification-with-the-POINTNET-Neural-network/PointNetLab/data/ModelNet10_PLY/sofa/test/sofa_0764.ply,7,7,sofa,sofa,0.9994010925292969
plus_occlusion,1,692,/home/nochi/NOCHI/M2_PAR/Apprenyissage_Pointcloud/Pointclouds-classification-with-the-POINTNET-Neural-network/PointNetLab/data/ModelNet10_PLY/sofa/test/sofa_0765.ply,7,7,sofa,sofa,0.996288537979126
plus_occlusion,1,693,/home/nochi/NOCHI/M2_PAR/Apprenyissage_Pointcloud/Pointclouds-classification-with-the-POINTNET-Neural-network/PointNetLab/data/ModelNet10_PLY/sofa/test/sofa_0766.ply,7,7,sofa,sofa,0.999495804309845
plus_occlusion,1,694,/home/nochi/NOCHI/M2_PAR/Apprenyissage_Pointcloud/Pointclouds-classification-with-the-POINTNET-Neural-network/PointNetLab/data/ModelNet10_PLY/sofa/test/sofa_0767.ply,7,7,sofa,sofa,0.9996196627616882
plus_occlusion,1,695,/home/nochi/NOCHI/M2_PAR/Apprenyissage_Pointcloud/Pointclouds-classification-with-the-POINTNET-Neural-network/PointNetLab/data/ModelNet10_PLY/sofa/test/sofa_0768.ply,7,7,sofa,sofa,0.9992076754570007
plus_occlusion,1,696,/home/nochi/NOCHI/M2_PAR/Apprenyissage_Pointcloud/Pointclouds-classification-with-the-POINTNET-Neural-network/PointNetLab/data/ModelNet10_PLY/sofa/test/sofa_0769.ply,7,7,sofa,sofa,0.9972967505455017
plus_occlusion,1,697,/home/nochi/NOCHI/M2_PAR/Apprenyissage_Pointcloud/Pointclouds-classification-with-the-POINTNET-Neural-network/PointNetLab/data/ModelNet10_PLY/sofa/test/sofa_0770.ply,7,7,sofa,sofa,0.9990507960319519
plus_occlusion,1,698,/home/nochi/NOCHI/M2_PAR/Apprenyissage_Pointcloud/Pointclouds-classification-with-the-POINTNET-Neural-network/PointNetLab/data/ModelNet10_PLY/sofa/test/sofa_0771.ply,7,7,sofa,sofa,0.9956020712852478
plus_occlusion,1,699,/home/nochi/NOCHI/M2_PAR/Apprenyissage_Pointcloud/Pointclouds-classification-with-the-POINTNET-Neural-network/PointNetLab/data/ModelNet10_PLY/sofa/test/sofa_0772.ply,7,7,sofa,sofa,0.9932180643081665
plus_occlusion,1,700,/home/nochi/NOCHI/M2_PAR/Apprenyissage_Pointcloud/Pointclouds-classification-with-the-POINTNET-Neural-network/PointNetLab/data/ModelNet10_PLY/sofa/test/sofa_0773.ply,7,7,sofa,sofa,0.9982369542121887
plus_occlusion,1,701,/home/nochi/NOCHI/M2_PAR/Apprenyissage_Pointcloud/Pointclouds-classification-with-the-POINTNET-Neural-network/PointNetLab/data/ModelNet10_PLY/sofa/test/sofa_0774.ply,7,7,sofa,sofa,0.9594017863273621
plus_occlusion,1,702,/home/nochi/NOCHI/M2_PAR/Apprenyissage_Pointcloud/Pointclouds-classification-with-the-POINTNET-Neural-network/PointNetLab/data/ModelNet10_PLY/sofa/test/sofa_0775.ply,7,7,sofa,sofa,0.9989274144172668
plus_occlusion,1,703,/home/nochi/NOCHI/M2_PAR/Apprenyissage_Pointcloud/Pointclouds-classification-with-the-POINTNET-Neural-network/PointNetLab/data/ModelNet10_PLY/sofa/test/sofa_0776.ply,7,7,sofa,sofa,0.9964829683303833
plus_occlusion,1,704,/home/nochi/NOCHI/M2_PAR/Apprenyissage_Pointcloud/Pointclouds-classification-with-the-POINTNET-Neural-network/PointNetLab/data/ModelNet10_PLY/sofa/test/sofa_0777.ply,7,7,sofa,sofa,0.9977745413780212
plus_occlusion,1,705,/home/nochi/NOCHI/M2_PAR/Apprenyissage_Pointcloud/Pointclouds-classification-with-the-POINTNET-Neural-network/PointNetLab/data/ModelNet10_PLY/sofa/test/sofa_0778.ply,7,7,sofa,sofa,0.998421311378479
plus_occlusion,1,706,/home/nochi/NOCHI/M2_PAR/Apprenyissage_Pointcloud/Pointclouds-classification-with-the-POINTNET-Neural-network/PointNetLab/data/ModelNet10_PLY/sofa/test/sofa_0779.ply,7,7,sofa,sofa,0.9989432096481323
plus_occlusion,1,707,/home/nochi/NOCHI/M2_PAR/Apprenyissage_Pointcloud/Pointclouds-classification-with-the-POINTNET-Neural-network/PointNetLab/data/ModelNet10_PLY/sofa/test/sofa_0780.ply,7,7,sofa,sofa,0.949767529964447
plus_occlusion,1,708,/home/nochi/NOCHI/M2_PAR/Apprenyissage_Pointcloud/Pointclouds-classification-with-the-POINTNET-Neural-network/PointNetLab/data/ModelNet10_PLY/table/test/table_0393.ply,8,8,table,table,0.783900260925293
plus_occlusion,1,709,/home/nochi/NOCHI/M2_PAR/Apprenyissage_Pointcloud/Pointclouds-classification-with-the-POINTNET-Neural-network/PointNetLab/data/ModelNet10_PLY/table/test/table_0394.ply,8,8,table,table,0.967932939529419
plus_occlusion,1,710,/home/nochi/NOCHI/M2_PAR/Apprenyissage_Pointcloud/Pointclouds-classification-with-the-POINTNET-Neural-network/PointNetLab/data/ModelNet10_PLY/table/test/table_0395.ply,8,8,table,table,0.9733341336250305
plus_occlusion,1,711,/home/nochi/NOCHI/M2_PAR/Apprenyissage_Pointcloud/Pointclouds-classification-with-the-POINTNET-Neural-network/PointNetLab/data/ModelNet10_PLY/table/test/table_0396.ply,8,8,table,table,0.9993131160736084
plus_occlusion,1,712,/home/nochi/NOCHI/M2_PAR/Apprenyissage_Pointcloud/Pointclouds-classification-with-the-POINTNET-Neural-network/PointNetLab/data/ModelNet10_PLY/table/test/table_0397.ply,8,8,table,table,0.9797295331954956
plus_occlusion,1,713,/home/nochi/NOCHI/M2_PAR/Apprenyissage_Pointcloud/Pointclouds-classification-with-the-POINTNET-Neural-network/PointNetLab/data/ModelNet10_PLY/table/test/table_0398.ply,8,8,table,table,0.9741257429122925
plus_occlusion,1,714,/home/nochi/NOCHI/M2_PAR/Apprenyissage_Pointcloud/Pointclouds-classification-with-the-POINTNET-Neural-network/PointNetLab/data/ModelNet10_PLY/table/test/table_0399.ply,8,8,table,table,0.9952431321144104
plus_occlusion,1,715,/home/nochi/NOCHI/M2_PAR/Apprenyissage_Pointcloud/Pointclouds-classification-with-the-POINTNET-Neural-network/PointNetLab/data/ModelNet10_PLY/table/test/table_0400.ply,8,8,table,table,0.9955161213874817
plus_occlusion,1,716,/home/nochi/NOCHI/M2_PAR/Apprenyissage_Pointcloud/Pointclouds-classification-with-the-POINTNET-Neural-network/PointNetLab/data/ModelNet10_PLY/table/test/table_0401.ply,8,8,table,table,0.9626100063323975
plus_occlusion,1,717,/home/nochi/NOCHI/M2_PAR/Apprenyissage_Pointcloud/Pointclouds-classification-with-the-POINTNET-Neural-network/PointNetLab/data/ModelNet10_PLY/table/test/table_0402.ply,8,8,table,table,0.9967177510261536
plus_occlusion,1,718,/home/nochi/NOCHI/M2_PAR/Apprenyissage_Pointcloud/Pointclouds-classification-with-the-POINTNET-Neural-network/PointNetLab/data/ModelNet10_PLY/table/test/table_0403.ply,8,8,table,table,0.9903804659843445
plus_occlusion,1,719,/home/nochi/NOCHI/M2_PAR/Apprenyissage_Pointcloud/Pointclouds-classification-with-the-POINTNET-Neural-network/PointNetLab/data/ModelNet10_PLY/table/test/table_0404.ply,8,8,table,table,0.9969754219055176
plus_occlusion,1,720,/home/nochi/NOCHI/M2_PAR/Apprenyissage_Pointcloud/Pointclouds-classification-with-the-POINTNET-Neural-network/PointNetLab/data/ModelNet10_PLY/table/test/table_0405.ply,8,8,table,table,0.9922401905059814
plus_occlusion,1,721,/home/nochi/NOCHI/M2_PAR/Apprenyissage_Pointcloud/Pointclouds-classification-with-the-POINTNET-Neural-network/PointNetLab/data/ModelNet10_PLY/table/test/table_0406.ply,8,8,table,table,0.9987571239471436
plus_occlusion,1,722,/home/nochi/NOCHI/M2_PAR/Apprenyissage_Pointcloud/Pointclouds-classification-with-the-POINTNET-Neural-network/PointNetLab/data/ModelNet10_PLY/table/test/table_0407.ply,8,8,table,table,0.9599587321281433
plus_occlusion,1,723,/home/nochi/NOCHI/M2_PAR/Apprenyissage_Pointcloud/Pointclouds-classification-with-the-POINTNET-Neural-network/PointNetLab/data/ModelNet10_PLY/table/test/table_0408.ply,8,8,table,table,0.9923133254051208
plus_occlusion,1,724,/home/nochi/NOCHI/M2_PAR/Apprenyissage_Pointcloud/Pointclouds-classification-with-the-POINTNET-Neural-network/PointNetLab/data/ModelNet10_PLY/table/test/table_0409.ply,8,3,table,desk,0.7365821599960327
plus_occlusion,1,725,/home/nochi/NOCHI/M2_PAR/Apprenyissage_Pointcloud/Pointclouds-classification-with-the-POINTNET-Neural-network/PointNetLab/data/ModelNet10_PLY/table/test/table_0410.ply,8,8,table,table,0.8310248851776123
plus_occlusion,1,726,/home/nochi/NOCHI/M2_PAR/Apprenyissage_Pointcloud/Pointclouds-classification-with-the-POINTNET-Neural-network/PointNetLab/data/ModelNet10_PLY/table/test/table_0411.ply,8,8,table,table,0.9216248393058777
plus_occlusion,1,727,/home/nochi/NOCHI/M2_PAR/Apprenyissage_Pointcloud/Pointclouds-classification-with-the-POINTNET-Neural-network/PointNetLab/data/ModelNet10_PLY/table/test/table_0412.ply,8,8,table,table,0.8220548629760742
plus_occlusion,1,728,/home/nochi/NOCHI/M2_PAR/Apprenyissage_Pointcloud/Pointclouds-classification-with-the-POINTNET-Neural-network/PointNetLab/data/ModelNet10_PLY/table/test/table_0413.ply,8,8,table,table,0.9940983057022095
plus_occlusion,1,729,/home/nochi/NOCHI/M2_PAR/Apprenyissage_Pointcloud/Pointclouds-classification-with-the-POINTNET-Neural-network/PointNetLab/data/ModelNet10_PLY/table/test/table_0414.ply,8,8,table,table,0.9968631267547607
plus_occlusion,1,730,/home/nochi/NOCHI/M2_PAR/Apprenyissage_Pointcloud/Pointclouds-classification-with-the-POINTNET-Neural-network/PointNetLab/data/ModelNet10_PLY/table/test/table_0415.ply,8,8,table,table,0.9318228363990784
plus_occlusion,1,731,/home/nochi/NOCHI/M2_PAR/Apprenyissage_Pointcloud/Pointclouds-classification-with-the-POINTNET-Neural-network/PointNetLab/data/ModelNet10_PLY/table/test/table_0416.ply,8,8,table,table,0.9951053857803345
plus_occlusion,1,732,/home/nochi/NOCHI/M2_PAR/Apprenyissage_Pointcloud/Pointclouds-classification-with-the-POINTNET-Neural-network/PointNetLab/data/ModelNet10_PLY/table/test/table_0417.ply,8,8,table,table,0.9944329261779785
plus_occlusion,1,733,/home/nochi/NOCHI/M2_PAR/Apprenyissage_Pointcloud/Pointclouds-classification-with-the-POINTNET-Neural-network/PointNetLab/data/ModelNet10_PLY/table/test/table_0418.ply,8,8,table,table,0.947693943977356
plus_occlusion,1,734,/home/nochi/NOCHI/M2_PAR/Apprenyissage_Pointcloud/Pointclouds-classification-with-the-POINTNET-Neural-network/PointNetLab/data/ModelNet10_PLY/table/test/table_0419.ply,8,8,table,table,0.9899448156356812
plus_occlusion,1,735,/home/nochi/NOCHI/M2_PAR/Apprenyissage_Pointcloud/Pointclouds-classification-with-the-POINTNET-Neural-network/PointNetLab/data/ModelNet10_PLY/table/test/table_0420.ply,8,8,table,table,0.9569657444953918
plus_occlusion,1,736,/home/nochi/NOCHI/M2_PAR/Apprenyissage_Pointcloud/Pointclouds-classification-with-the-POINTNET-Neural-network/PointNetLab/data/ModelNet10_PLY/table/test/table_0421.ply,8,8,table,table,0.9962335824966431
plus_occlusion,1,737,/home/nochi/NOCHI/M2_PAR/Apprenyissage_Pointcloud/Pointclouds-classification-with-the-POINTNET-Neural-network/PointNetLab/data/ModelNet10_PLY/table/test/table_0422.ply,8,8,table,table,0.983627438545227
plus_occlusion,1,738,/home/nochi/NOCHI/M2_PAR/Apprenyissage_Pointcloud/Pointclouds-classification-with-the-POINTNET-Neural-network/PointNetLab/data/ModelNet10_PLY/table/test/table_0423.ply,8,8,table,table,0.9873249530792236
plus_occlusion,1,739,/home/nochi/NOCHI/M2_PAR/Apprenyissage_Pointcloud/Pointclouds-classification-with-the-POINTNET-Neural-network/PointNetLab/data/ModelNet10_PLY/table/test/table_0424.ply,8,8,table,table,0.9989106059074402
plus_occlusion,1,740,/home/nochi/NOCHI/M2_PAR/Apprenyissage_Pointcloud/Pointclouds-classification-with-the-POINTNET-Neural-network/PointNetLab/data/ModelNet10_PLY/table/test/table_0425.ply,8,8,table,table,0.9973515272140503
plus_occlusion,1,741,/home/nochi/NOCHI/M2_PAR/Apprenyissage_Pointcloud/Pointclouds-classification-with-the-POINTNET-Neural-network/PointNetLab/data/ModelNet10_PLY/table/test/table_0426.ply,8,8,table,table,0.98788982629776
plus_occlusion,1,742,/home/nochi/NOCHI/M2_PAR/Apprenyissage_Pointcloud/Pointclouds-classification-with-the-POINTNET-Neural-network/PointNetLab/data/ModelNet10_PLY/table/test/table_0427.ply,8,8,table,table,0.9832797050476074
plus_occlusion,1,743,/home/nochi/NOCHI/M2_PAR/Apprenyissage_Pointcloud/Pointclouds-classification-with-the-POINTNET-Neural-network/PointNetLab/data/ModelNet10_PLY/table/test/table_0428.ply,8,8,table,table,0.9930796027183533
plus_occlusion,1,744,/home/nochi/NOCHI/M2_PAR/Apprenyissage_Pointcloud/Pointclouds-classification-with-the-POINTNET-Neural-network/PointNetLab/data/ModelNet10_PLY/table/test/table_0429.ply,8,8,table,table,0.7277896404266357
plus_occlusion,1,745,/home/nochi/NOCHI/M2_PAR/Apprenyissage_Pointcloud/Pointclouds-classification-with-the-POINTNET-Neural-network/PointNetLab/data/ModelNet10_PLY/table/test/table_0430.ply,8,8,table,table,0.9742670655250549
plus_occlusion,1,746,/home/nochi/NOCHI/M2_PAR/Apprenyissage_Pointcloud/Pointclouds-classification-with-the-POINTNET-Neural-network/PointNetLab/data/ModelNet10_PLY/table/test/table_0431.ply,8,8,table,table,0.9928370714187622
plus_occlusion,1,747,/home/nochi/NOCHI/M2_PAR/Apprenyissage_Pointcloud/Pointclouds-classification-with-the-POINTNET-Neural-network/PointNetLab/data/ModelNet10_PLY/table/test/table_0432.ply,8,8,table,table,0.998810350894928
plus_occlusion,1,748,/home/nochi/NOCHI/M2_PAR/Apprenyissage_Pointcloud/Pointclouds-classification-with-the-POINTNET-Neural-network/PointNetLab/data/ModelNet10_PLY/table/test/table_0433.ply,8,8,table,table,0.9978074431419373
plus_occlusion,1,749,/home/nochi/NOCHI/M2_PAR/Apprenyissage_Pointcloud/Pointclouds-classification-with-the-POINTNET-Neural-network/PointNetLab/data/ModelNet10_PLY/table/test/table_0434.ply,8,8,table,table,0.9915316104888916
plus_occlusion,1,750,/home/nochi/NOCHI/M2_PAR/Apprenyissage_Pointcloud/Pointclouds-classification-with-the-POINTNET-Neural-network/PointNetLab/data/ModelNet10_PLY/table/test/table_0435.ply,8,8,table,table,0.72431480884552
plus_occlusion,1,751,/home/nochi/NOCHI/M2_PAR/Apprenyissage_Pointcloud/Pointclouds-classification-with-the-POINTNET-Neural-network/PointNetLab/data/ModelNet10_PLY/table/test/table_0436.ply,8,8,table,table,0.9255304336547852
plus_occlusion,1,752,/home/nochi/NOCHI/M2_PAR/Apprenyissage_Pointcloud/Pointclouds-classification-with-the-POINTNET-Neural-network/PointNetLab/data/ModelNet10_PLY/table/test/table_0437.ply,8,8,table,table,0.9996047019958496
plus_occlusion,1,753,/home/nochi/NOCHI/M2_PAR/Apprenyissage_Pointcloud/Pointclouds-classification-with-the-POINTNET-Neural-network/PointNetLab/data/ModelNet10_PLY/table/test/table_0438.ply,8,8,table,table,0.9799636006355286
plus_occlusion,1,754,/home/nochi/NOCHI/M2_PAR/Apprenyissage_Pointcloud/Pointclouds-classification-with-the-POINTNET-Neural-network/PointNetLab/data/ModelNet10_PLY/table/test/table_0439.ply,8,8,table,table,0.9876455068588257
plus_occlusion,1,755,/home/nochi/NOCHI/M2_PAR/Apprenyissage_Pointcloud/Pointclouds-classification-with-the-POINTNET-Neural-network/PointNetLab/data/ModelNet10_PLY/table/test/table_0440.ply,8,8,table,table,0.983316957950592
plus_occlusion,1,756,/home/nochi/NOCHI/M2_PAR/Apprenyissage_Pointcloud/Pointclouds-classification-with-the-POINTNET-Neural-network/PointNetLab/data/ModelNet10_PLY/table/test/table_0441.ply,8,8,table,table,0.9916478395462036
plus_occlusion,1,757,/home/nochi/NOCHI/M2_PAR/Apprenyissage_Pointcloud/Pointclouds-classification-with-the-POINTNET-Neural-network/PointNetLab/data/ModelNet10_PLY/table/test/table_0442.ply,8,8,table,table,0.9926056861877441
plus_occlusion,1,758,/home/nochi/NOCHI/M2_PAR/Apprenyissage_Pointcloud/Pointclouds-classification-with-the-POINTNET-Neural-network/PointNetLab/data/ModelNet10_PLY/table/test/table_0443.ply,8,8,table,table,0.9966152310371399
plus_occlusion,1,759,/home/nochi/NOCHI/M2_PAR/Apprenyissage_Pointcloud/Pointclouds-classification-with-the-POINTNET-Neural-network/PointNetLab/data/ModelNet10_PLY/table/test/table_0444.ply,8,8,table,table,0.8926782608032227
plus_occlusion,1,760,/home/nochi/NOCHI/M2_PAR/Apprenyissage_Pointcloud/Pointclouds-classification-with-the-POINTNET-Neural-network/PointNetLab/data/ModelNet10_PLY/table/test/table_0445.ply,8,8,table,table,0.9564728140830994
plus_occlusion,1,761,/home/nochi/NOCHI/M2_PAR/Apprenyissage_Pointcloud/Pointclouds-classification-with-the-POINTNET-Neural-network/PointNetLab/data/ModelNet10_PLY/table/test/table_0446.ply,8,8,table,table,0.9936789274215698
plus_occlusion,1,762,/home/nochi/NOCHI/M2_PAR/Apprenyissage_Pointcloud/Pointclouds-classification-with-the-POINTNET-Neural-network/PointNetLab/data/ModelNet10_PLY/table/test/table_0447.ply,8,8,table,table,0.9923691749572754
plus_occlusion,1,763,/home/nochi/NOCHI/M2_PAR/Apprenyissage_Pointcloud/Pointclouds-classification-with-the-POINTNET-Neural-network/PointNetLab/data/ModelNet10_PLY/table/test/table_0448.ply,8,8,table,table,0.9983597993850708
plus_occlusion,1,764,/home/nochi/NOCHI/M2_PAR/Apprenyissage_Pointcloud/Pointclouds-classification-with-the-POINTNET-Neural-network/PointNetLab/data/ModelNet10_PLY/table/test/table_0449.ply,8,8,table,table,0.993854820728302
plus_occlusion,1,765,/home/nochi/NOCHI/M2_PAR/Apprenyissage_Pointcloud/Pointclouds-classification-with-the-POINTNET-Neural-network/PointNetLab/data/ModelNet10_PLY/table/test/table_0450.ply,8,8,table,table,0.7918464541435242
plus_occlusion,1,766,/home/nochi/NOCHI/M2_PAR/Apprenyissage_Pointcloud/Pointclouds-classification-with-the-POINTNET-Neural-network/PointNetLab/data/ModelNet10_PLY/table/test/table_0451.ply,8,8,table,table,0.9673876166343689
plus_occlusion,1,767,/home/nochi/NOCHI/M2_PAR/Apprenyissage_Pointcloud/Pointclouds-classification-with-the-POINTNET-Neural-network/PointNetLab/data/ModelNet10_PLY/table/test/table_0452.ply,8,8,table,table,0.9855101108551025
plus_occlusion,1,768,/home/nochi/NOCHI/M2_PAR/Apprenyissage_Pointcloud/Pointclouds-classification-with-the-POINTNET-Neural-network/PointNetLab/data/ModelNet10_PLY/table/test/table_0453.ply,8,8,table,table,0.9992571473121643
plus_occlusion,1,769,/home/nochi/NOCHI/M2_PAR/Apprenyissage_Pointcloud/Pointclouds-classification-with-the-POINTNET-Neural-network/PointNetLab/data/ModelNet10_PLY/table/test/table_0454.ply,8,8,table,table,0.9940964579582214
plus_occlusion,1,770,/home/nochi/NOCHI/M2_PAR/Apprenyissage_Pointcloud/Pointclouds-classification-with-the-POINTNET-Neural-network/PointNetLab/data/ModelNet10_PLY/table/test/table_0455.ply,8,8,table,table,0.9977622032165527
plus_occlusion,1,771,/home/nochi/NOCHI/M2_PAR/Apprenyissage_Pointcloud/Pointclouds-classification-with-the-POINTNET-Neural-network/PointNetLab/data/ModelNet10_PLY/table/test/table_0456.ply,8,8,table,table,0.9843955039978027
plus_occlusion,1,772,/home/nochi/NOCHI/M2_PAR/Apprenyissage_Pointcloud/Pointclouds-classification-with-the-POINTNET-Neural-network/PointNetLab/data/ModelNet10_PLY/table/test/table_0457.ply,8,8,table,table,0.9975877404212952
plus_occlusion,1,773,/home/nochi/NOCHI/M2_PAR/Apprenyissage_Pointcloud/Pointclouds-classification-with-the-POINTNET-Neural-network/PointNetLab/data/ModelNet10_PLY/table/test/table_0458.ply,8,8,table,table,0.9999923706054688
plus_occlusion,1,774,/home/nochi/NOCHI/M2_PAR/Apprenyissage_Pointcloud/Pointclouds-classification-with-the-POINTNET-Neural-network/PointNetLab/data/ModelNet10_PLY/table/test/table_0459.ply,8,8,table,table,0.963924765586853
plus_occlusion,1,775,/home/nochi/NOCHI/M2_PAR/Apprenyissage_Pointcloud/Pointclouds-classification-with-the-POINTNET-Neural-network/PointNetLab/data/ModelNet10_PLY/table/test/table_0460.ply,8,8,table,table,0.9819518327713013
plus_occlusion,1,776,/home/nochi/NOCHI/M2_PAR/Apprenyissage_Pointcloud/Pointclouds-classification-with-the-POINTNET-Neural-network/PointNetLab/data/ModelNet10_PLY/table/test/table_0461.ply,8,8,table,table,0.8772274851799011
plus_occlusion,1,777,/home/nochi/NOCHI/M2_PAR/Apprenyissage_Pointcloud/Pointclouds-classification-with-the-POINTNET-Neural-network/PointNetLab/data/ModelNet10_PLY/table/test/table_0462.ply,8,8,table,table,0.9964900612831116
plus_occlusion,1,778,/home/nochi/NOCHI/M2_PAR/Apprenyissage_Pointcloud/Pointclouds-classification-with-the-POINTNET-Neural-network/PointNetLab/data/ModelNet10_PLY/table/test/table_0463.ply,8,8,table,table,0.9987982511520386
plus_occlusion,1,779,/home/nochi/NOCHI/M2_PAR/Apprenyissage_Pointcloud/Pointclouds-classification-with-the-POINTNET-Neural-network/PointNetLab/data/ModelNet10_PLY/table/test/table_0464.ply,8,8,table,table,0.9813272356987
plus_occlusion,1,780,/home/nochi/NOCHI/M2_PAR/Apprenyissage_Pointcloud/Pointclouds-classification-with-the-POINTNET-Neural-network/PointNetLab/data/ModelNet10_PLY/table/test/table_0465.ply,8,8,table,table,0.9685651659965515
plus_occlusion,1,781,/home/nochi/NOCHI/M2_PAR/Apprenyissage_Pointcloud/Pointclouds-classification-with-the-POINTNET-Neural-network/PointNetLab/data/ModelNet10_PLY/table/test/table_0466.ply,8,8,table,table,0.990591824054718
plus_occlusion,1,782,/home/nochi/NOCHI/M2_PAR/Apprenyissage_Pointcloud/Pointclouds-classification-with-the-POINTNET-Neural-network/PointNetLab/data/ModelNet10_PLY/table/test/table_0467.ply,8,8,table,table,0.9577476382255554
plus_occlusion,1,783,/home/nochi/NOCHI/M2_PAR/Apprenyissage_Pointcloud/Pointclouds-classification-with-the-POINTNET-Neural-network/PointNetLab/data/ModelNet10_PLY/table/test/table_0468.ply,8,8,table,table,0.997002363204956
plus_occlusion,1,784,/home/nochi/NOCHI/M2_PAR/Apprenyissage_Pointcloud/Pointclouds-classification-with-the-POINTNET-Neural-network/PointNetLab/data/ModelNet10_PLY/table/test/table_0469.ply,8,8,table,table,0.8350130915641785
plus_occlusion,1,785,/home/nochi/NOCHI/M2_PAR/Apprenyissage_Pointcloud/Pointclouds-classification-with-the-POINTNET-Neural-network/PointNetLab/data/ModelNet10_PLY/table/test/table_0470.ply,8,8,table,table,0.962152361869812
plus_occlusion,1,786,/home/nochi/NOCHI/M2_PAR/Apprenyissage_Pointcloud/Pointclouds-classification-with-the-POINTNET-Neural-network/PointNetLab/data/ModelNet10_PLY/table/test/table_0471.ply,8,8,table,table,0.9662827849388123
plus_occlusion,1,787,/home/nochi/NOCHI/M2_PAR/Apprenyissage_Pointcloud/Pointclouds-classification-with-the-POINTNET-Neural-network/PointNetLab/data/ModelNet10_PLY/table/test/table_0472.ply,8,8,table,table,0.9955483675003052
plus_occlusion,1,788,/home/nochi/NOCHI/M2_PAR/Apprenyissage_Pointcloud/Pointclouds-classification-with-the-POINTNET-Neural-network/PointNetLab/data/ModelNet10_PLY/table/test/table_0473.ply,8,8,table,table,0.9626044631004333
plus_occlusion,1,789,/home/nochi/NOCHI/M2_PAR/Apprenyissage_Pointcloud/Pointclouds-classification-with-the-POINTNET-Neural-network/PointNetLab/data/ModelNet10_PLY/table/test/table_0474.ply,8,8,table,table,0.641019880771637
plus_occlusion,1,790,/home/nochi/NOCHI/M2_PAR/Apprenyissage_Pointcloud/Pointclouds-classification-with-the-POINTNET-Neural-network/PointNetLab/data/ModelNet10_PLY/table/test/table_0475.ply,8,8,table,table,0.9775490164756775
plus_occlusion,1,791,/home/nochi/NOCHI/M2_PAR/Apprenyissage_Pointcloud/Pointclouds-classification-with-the-POINTNET-Neural-network/PointNetLab/data/ModelNet10_PLY/table/test/table_0476.ply,8,8,table,table,0.9864172339439392
plus_occlusion,1,792,/home/nochi/NOCHI/M2_PAR/Apprenyissage_Pointcloud/Pointclouds-classification-with-the-POINTNET-Neural-network/PointNetLab/data/ModelNet10_PLY/table/test/table_0477.ply,8,8,table,table,0.9742147922515869
plus_occlusion,1,793,/home/nochi/NOCHI/M2_PAR/Apprenyissage_Pointcloud/Pointclouds-classification-with-the-POINTNET-Neural-network/PointNetLab/data/ModelNet10_PLY/table/test/table_0478.ply,8,8,table,table,0.9992157816886902
plus_occlusion,1,794,/home/nochi/NOCHI/M2_PAR/Apprenyissage_Pointcloud/Pointclouds-classification-with-the-POINTNET-Neural-network/PointNetLab/data/ModelNet10_PLY/table/test/table_0479.ply,8,8,table,table,0.9881970286369324
plus_occlusion,1,795,/home/nochi/NOCHI/M2_PAR/Apprenyissage_Pointcloud/Pointclouds-classification-with-the-POINTNET-Neural-network/PointNetLab/data/ModelNet10_PLY/table/test/table_0480.ply,8,8,table,table,0.9777409434318542
plus_occlusion,1,796,/home/nochi/NOCHI/M2_PAR/Apprenyissage_Pointcloud/Pointclouds-classification-with-the-POINTNET-Neural-network/PointNetLab/data/ModelNet10_PLY/table/test/table_0481.ply,8,8,table,table,0.8592429161071777
plus_occlusion,1,797,/home/nochi/NOCHI/M2_PAR/Apprenyissage_Pointcloud/Pointclouds-classification-with-the-POINTNET-Neural-network/PointNetLab/data/ModelNet10_PLY/table/test/table_0482.ply,8,8,table,table,0.9982613921165466
plus_occlusion,1,798,/home/nochi/NOCHI/M2_PAR/Apprenyissage_Pointcloud/Pointclouds-classification-with-the-POINTNET-Neural-network/PointNetLab/data/ModelNet10_PLY/table/test/table_0483.ply,8,8,table,table,0.9844628572463989
plus_occlusion,1,799,/home/nochi/NOCHI/M2_PAR/Apprenyissage_Pointcloud/Pointclouds-classification-with-the-POINTNET-Neural-network/PointNetLab/data/ModelNet10_PLY/table/test/table_0484.ply,8,8,table,table,0.9176005721092224
plus_occlusion,1,800,/home/nochi/NOCHI/M2_PAR/Apprenyissage_Pointcloud/Pointclouds-classification-with-the-POINTNET-Neural-network/PointNetLab/data/ModelNet10_PLY/table/test/table_0485.ply,8,8,table,table,0.99367356300354
plus_occlusion,1,801,/home/nochi/NOCHI/M2_PAR/Apprenyissage_Pointcloud/Pointclouds-classification-with-the-POINTNET-Neural-network/PointNetLab/data/ModelNet10_PLY/table/test/table_0486.ply,8,8,table,table,0.9927857518196106
plus_occlusion,1,802,/home/nochi/NOCHI/M2_PAR/Apprenyissage_Pointcloud/Pointclouds-classification-with-the-POINTNET-Neural-network/PointNetLab/data/ModelNet10_PLY/table/test/table_0487.ply,8,8,table,table,0.9960371255874634
plus_occlusion,1,803,/home/nochi/NOCHI/M2_PAR/Apprenyissage_Pointcloud/Pointclouds-classification-with-the-POINTNET-Neural-network/PointNetLab/data/ModelNet10_PLY/table/test/table_0488.ply,8,8,table,table,0.9997377395629883
plus_occlusion,1,804,/home/nochi/NOCHI/M2_PAR/Apprenyissage_Pointcloud/Pointclouds-classification-with-the-POINTNET-Neural-network/PointNetLab/data/ModelNet10_PLY/table/test/table_0489.ply,8,8,table,table,0.9958961009979248
plus_occlusion,1,805,/home/nochi/NOCHI/M2_PAR/Apprenyissage_Pointcloud/Pointclouds-classification-with-the-POINTNET-Neural-network/PointNetLab/data/ModelNet10_PLY/table/test/table_0490.ply,8,8,table,table,0.9912128448486328
plus_occlusion,1,806,/home/nochi/NOCHI/M2_PAR/Apprenyissage_Pointcloud/Pointclouds-classification-with-the-POINTNET-Neural-network/PointNetLab/data/ModelNet10_PLY/table/test/table_0491.ply,8,8,table,table,0.8707746863365173
plus_occlusion,1,807,/home/nochi/NOCHI/M2_PAR/Apprenyissage_Pointcloud/Pointclouds-classification-with-the-POINTNET-Neural-network/PointNetLab/data/ModelNet10_PLY/table/test/table_0492.ply,8,8,table,table,0.9971043467521667
plus_occlusion,1,808,/home/nochi/NOCHI/M2_PAR/Apprenyissage_Pointcloud/Pointclouds-classification-with-the-POINTNET-Neural-network/PointNetLab/data/ModelNet10_PLY/toilet/test/toilet_0345.ply,9,9,toilet,toilet,0.9828986525535583
plus_occlusion,1,809,/home/nochi/NOCHI/M2_PAR/Apprenyissage_Pointcloud/Pointclouds-classification-with-the-POINTNET-Neural-network/PointNetLab/data/ModelNet10_PLY/toilet/test/toilet_0346.ply,9,9,toilet,toilet,0.9913285970687866
plus_occlusion,1,810,/home/nochi/NOCHI/M2_PAR/Apprenyissage_Pointcloud/Pointclouds-classification-with-the-POINTNET-Neural-network/PointNetLab/data/ModelNet10_PLY/toilet/test/toilet_0347.ply,9,9,toilet,toilet,0.3514019846916199
plus_occlusion,1,811,/home/nochi/NOCHI/M2_PAR/Apprenyissage_Pointcloud/Pointclouds-classification-with-the-POINTNET-Neural-network/PointNetLab/data/ModelNet10_PLY/toilet/test/toilet_0348.ply,9,9,toilet,toilet,0.9968792200088501
plus_occlusion,1,812,/home/nochi/NOCHI/M2_PAR/Apprenyissage_Pointcloud/Pointclouds-classification-with-the-POINTNET-Neural-network/PointNetLab/data/ModelNet10_PLY/toilet/test/toilet_0349.ply,9,9,toilet,toilet,0.9987121820449829
plus_occlusion,1,813,/home/nochi/NOCHI/M2_PAR/Apprenyissage_Pointcloud/Pointclouds-classification-with-the-POINTNET-Neural-network/PointNetLab/data/ModelNet10_PLY/toilet/test/toilet_0350.ply,9,9,toilet,toilet,0.9929072260856628
plus_occlusion,1,814,/home/nochi/NOCHI/M2_PAR/Apprenyissage_Pointcloud/Pointclouds-classification-with-the-POINTNET-Neural-network/PointNetLab/data/ModelNet10_PLY/toilet/test/toilet_0351.ply,9,9,toilet,toilet,0.8031493425369263
plus_occlusion,1,815,/home/nochi/NOCHI/M2_PAR/Apprenyissage_Pointcloud/Pointclouds-classification-with-the-POINTNET-Neural-network/PointNetLab/data/ModelNet10_PLY/toilet/test/toilet_0352.ply,9,9,toilet,toilet,0.9990549683570862
plus_occlusion,1,816,/home/nochi/NOCHI/M2_PAR/Apprenyissage_Pointcloud/Pointclouds-classification-with-the-POINTNET-Neural-network/PointNetLab/data/ModelNet10_PLY/toilet/test/toilet_0353.ply,9,9,toilet,toilet,0.5893264412879944
plus_occlusion,1,817,/home/nochi/NOCHI/M2_PAR/Apprenyissage_Pointcloud/Pointclouds-classification-with-the-POINTNET-Neural-network/PointNetLab/data/ModelNet10_PLY/toilet/test/toilet_0354.ply,9,2,toilet,chair,0.9060280919075012
plus_occlusion,1,818,/home/nochi/NOCHI/M2_PAR/Apprenyissage_Pointcloud/Pointclouds-classification-with-the-POINTNET-Neural-network/PointNetLab/data/ModelNet10_PLY/toilet/test/toilet_0355.ply,9,9,toilet,toilet,0.9984509348869324
plus_occlusion,1,819,/home/nochi/NOCHI/M2_PAR/Apprenyissage_Pointcloud/Pointclouds-classification-with-the-POINTNET-Neural-network/PointNetLab/data/ModelNet10_PLY/toilet/test/toilet_0356.ply,9,9,toilet,toilet,0.9874144196510315
plus_occlusion,1,820,/home/nochi/NOCHI/M2_PAR/Apprenyissage_Pointcloud/Pointclouds-classification-with-the-POINTNET-Neural-network/PointNetLab/data/ModelNet10_PLY/toilet/test/toilet_0357.ply,9,9,toilet,toilet,0.5581768751144409
plus_occlusion,1,821,/home/nochi/NOCHI/M2_PAR/Apprenyissage_Pointcloud/Pointclouds-classification-with-the-POINTNET-Neural-network/PointNetLab/data/ModelNet10_PLY/toilet/test/toilet_0358.ply,9,9,toilet,toilet,0.9826380014419556
plus_occlusion,1,822,/home/nochi/NOCHI/M2_PAR/Apprenyissage_Pointcloud/Pointclouds-classification-with-the-POINTNET-Neural-network/PointNetLab/data/ModelNet10_PLY/toilet/test/toilet_0359.ply,9,9,toilet,toilet,0.9952487945556641
plus_occlusion,1,823,/home/nochi/NOCHI/M2_PAR/Apprenyissage_Pointcloud/Pointclouds-classification-with-the-POINTNET-Neural-network/PointNetLab/data/ModelNet10_PLY/toilet/test/toilet_0360.ply,9,9,toilet,toilet,0.981731116771698
plus_occlusion,1,824,/home/nochi/NOCHI/M2_PAR/Apprenyissage_Pointcloud/Pointclouds-classification-with-the-POINTNET-Neural-network/PointNetLab/data/ModelNet10_PLY/toilet/test/toilet_0361.ply,9,9,toilet,toilet,0.9987406730651855
plus_occlusion,1,825,/home/nochi/NOCHI/M2_PAR/Apprenyissage_Pointcloud/Pointclouds-classification-with-the-POINTNET-Neural-network/PointNetLab/data/ModelNet10_PLY/toilet/test/toilet_0362.ply,9,9,toilet,toilet,0.9954519867897034
plus_occlusion,1,826,/home/nochi/NOCHI/M2_PAR/Apprenyissage_Pointcloud/Pointclouds-classification-with-the-POINTNET-Neural-network/PointNetLab/data/ModelNet10_PLY/toilet/test/toilet_0363.ply,9,9,toilet,toilet,0.9976275563240051
plus_occlusion,1,827,/home/nochi/NOCHI/M2_PAR/Apprenyissage_Pointcloud/Pointclouds-classification-with-the-POINTNET-Neural-network/PointNetLab/data/ModelNet10_PLY/toilet/test/toilet_0364.ply,9,9,toilet,toilet,0.9805658459663391
plus_occlusion,1,828,/home/nochi/NOCHI/M2_PAR/Apprenyissage_Pointcloud/Pointclouds-classification-with-the-POINTNET-Neural-network/PointNetLab/data/ModelNet10_PLY/toilet/test/toilet_0365.ply,9,9,toilet,toilet,0.9627178311347961
plus_occlusion,1,829,/home/nochi/NOCHI/M2_PAR/Apprenyissage_Pointcloud/Pointclouds-classification-with-the-POINTNET-Neural-network/PointNetLab/data/ModelNet10_PLY/toilet/test/toilet_0366.ply,9,9,toilet,toilet,0.9975641369819641
plus_occlusion,1,830,/home/nochi/NOCHI/M2_PAR/Apprenyissage_Pointcloud/Pointclouds-classification-with-the-POINTNET-Neural-network/PointNetLab/data/ModelNet10_PLY/toilet/test/toilet_0367.ply,9,9,toilet,toilet,0.9977189302444458
plus_occlusion,1,831,/home/nochi/NOCHI/M2_PAR/Apprenyissage_Pointcloud/Pointclouds-classification-with-the-POINTNET-Neural-network/PointNetLab/data/ModelNet10_PLY/toilet/test/toilet_0368.ply,9,9,toilet,toilet,0.997975766658783
plus_occlusion,1,832,/home/nochi/NOCHI/M2_PAR/Apprenyissage_Pointcloud/Pointclouds-classification-with-the-POINTNET-Neural-network/PointNetLab/data/ModelNet10_PLY/toilet/test/toilet_0369.ply,9,9,toilet,toilet,0.9964950680732727
plus_occlusion,1,833,/home/nochi/NOCHI/M2_PAR/Apprenyissage_Pointcloud/Pointclouds-classification-with-the-POINTNET-Neural-network/PointNetLab/data/ModelNet10_PLY/toilet/test/toilet_0370.ply,9,9,toilet,toilet,0.9975882768630981
plus_occlusion,1,834,/home/nochi/NOCHI/M2_PAR/Apprenyissage_Pointcloud/Pointclouds-classification-with-the-POINTNET-Neural-network/PointNetLab/data/ModelNet10_PLY/toilet/test/toilet_0371.ply,9,9,toilet,toilet,0.9887729287147522
plus_occlusion,1,835,/home/nochi/NOCHI/M2_PAR/Apprenyissage_Pointcloud/Pointclouds-classification-with-the-POINTNET-Neural-network/PointNetLab/data/ModelNet10_PLY/toilet/test/toilet_0372.ply,9,9,toilet,toilet,0.5234348177909851
plus_occlusion,1,836,/home/nochi/NOCHI/M2_PAR/Apprenyissage_Pointcloud/Pointclouds-classification-with-the-POINTNET-Neural-network/PointNetLab/data/ModelNet10_PLY/toilet/test/toilet_0373.ply,9,2,toilet,chair,0.9093225598335266
plus_occlusion,1,837,/home/nochi/NOCHI/M2_PAR/Apprenyissage_Pointcloud/Pointclouds-classification-with-the-POINTNET-Neural-network/PointNetLab/data/ModelNet10_PLY/toilet/test/toilet_0374.ply,9,9,toilet,toilet,0.9988614916801453
plus_occlusion,1,838,/home/nochi/NOCHI/M2_PAR/Apprenyissage_Pointcloud/Pointclouds-classification-with-the-POINTNET-Neural-network/PointNetLab/data/ModelNet10_PLY/toilet/test/toilet_0375.ply,9,9,toilet,toilet,0.9917461276054382
plus_occlusion,1,839,/home/nochi/NOCHI/M2_PAR/Apprenyissage_Pointcloud/Pointclouds-classification-with-the-POINTNET-Neural-network/PointNetLab/data/ModelNet10_PLY/toilet/test/toilet_0376.ply,9,9,toilet,toilet,0.9986825585365295
plus_occlusion,1,840,/home/nochi/NOCHI/M2_PAR/Apprenyissage_Pointcloud/Pointclouds-classification-with-the-POINTNET-Neural-network/PointNetLab/data/ModelNet10_PLY/toilet/test/toilet_0377.ply,9,9,toilet,toilet,0.9974340200424194
plus_occlusion,1,841,/home/nochi/NOCHI/M2_PAR/Apprenyissage_Pointcloud/Pointclouds-classification-with-the-POINTNET-Neural-network/PointNetLab/data/ModelNet10_PLY/toilet/test/toilet_0378.ply,9,9,toilet,toilet,0.997825026512146
plus_occlusion,1,842,/home/nochi/NOCHI/M2_PAR/Apprenyissage_Pointcloud/Pointclouds-classification-with-the-POINTNET-Neural-network/PointNetLab/data/ModelNet10_PLY/toilet/test/toilet_0379.ply,9,9,toilet,toilet,0.9989205598831177
plus_occlusion,1,843,/home/nochi/NOCHI/M2_PAR/Apprenyissage_Pointcloud/Pointclouds-classification-with-the-POINTNET-Neural-network/PointNetLab/data/ModelNet10_PLY/toilet/test/toilet_0380.ply,9,9,toilet,toilet,0.9115020632743835
plus_occlusion,1,844,/home/nochi/NOCHI/M2_PAR/Apprenyissage_Pointcloud/Pointclouds-classification-with-the-POINTNET-Neural-network/PointNetLab/data/ModelNet10_PLY/toilet/test/toilet_0381.ply,9,9,toilet,toilet,0.9966901540756226
plus_occlusion,1,845,/home/nochi/NOCHI/M2_PAR/Apprenyissage_Pointcloud/Pointclouds-classification-with-the-POINTNET-Neural-network/PointNetLab/data/ModelNet10_PLY/toilet/test/toilet_0382.ply,9,9,toilet,toilet,0.9989187717437744
plus_occlusion,1,846,/home/nochi/NOCHI/M2_PAR/Apprenyissage_Pointcloud/Pointclouds-classification-with-the-POINTNET-Neural-network/PointNetLab/data/ModelNet10_PLY/toilet/test/toilet_0383.ply,9,9,toilet,toilet,0.9945467710494995
plus_occlusion,1,847,/home/nochi/NOCHI/M2_PAR/Apprenyissage_Pointcloud/Pointclouds-classification-with-the-POINTNET-Neural-network/PointNetLab/data/ModelNet10_PLY/toilet/test/toilet_0384.ply,9,9,toilet,toilet,0.9734631180763245
plus_occlusion,1,848,/home/nochi/NOCHI/M2_PAR/Apprenyissage_Pointcloud/Pointclouds-classification-with-the-POINTNET-Neural-network/PointNetLab/data/ModelNet10_PLY/toilet/test/toilet_0385.ply,9,9,toilet,toilet,0.9981617331504822
plus_occlusion,1,849,/home/nochi/NOCHI/M2_PAR/Apprenyissage_Pointcloud/Pointclouds-classification-with-the-POINTNET-Neural-network/PointNetLab/data/ModelNet10_PLY/toilet/test/toilet_0386.ply,9,9,toilet,toilet,0.9988194704055786
plus_occlusion,1,850,/home/nochi/NOCHI/M2_PAR/Apprenyissage_Pointcloud/Pointclouds-classification-with-the-POINTNET-Neural-network/PointNetLab/data/ModelNet10_PLY/toilet/test/toilet_0387.ply,9,9,toilet,toilet,0.9969850778579712
plus_occlusion,1,851,/home/nochi/NOCHI/M2_PAR/Apprenyissage_Pointcloud/Pointclouds-classification-with-the-POINTNET-Neural-network/PointNetLab/data/ModelNet10_PLY/toilet/test/toilet_0388.ply,9,9,toilet,toilet,0.9980493783950806
plus_occlusion,1,852,/home/nochi/NOCHI/M2_PAR/Apprenyissage_Pointcloud/Pointclouds-classification-with-the-POINTNET-Neural-network/PointNetLab/data/ModelNet10_PLY/toilet/test/toilet_0389.ply,9,9,toilet,toilet,0.8386546969413757
plus_occlusion,1,853,/home/nochi/NOCHI/M2_PAR/Apprenyissage_Pointcloud/Pointclouds-classification-with-the-POINTNET-Neural-network/PointNetLab/data/ModelNet10_PLY/toilet/test/toilet_0390.ply,9,9,toilet,toilet,0.9815285205841064
plus_occlusion,1,854,/home/nochi/NOCHI/M2_PAR/Apprenyissage_Pointcloud/Pointclouds-classification-with-the-POINTNET-Neural-network/PointNetLab/data/ModelNet10_PLY/toilet/test/toilet_0391.ply,9,9,toilet,toilet,0.9158568978309631
plus_occlusion,1,855,/home/nochi/NOCHI/M2_PAR/Apprenyissage_Pointcloud/Pointclouds-classification-with-the-POINTNET-Neural-network/PointNetLab/data/ModelNet10_PLY/toilet/test/toilet_0392.ply,9,9,toilet,toilet,0.5619060397148132
plus_occlusion,1,856,/home/nochi/NOCHI/M2_PAR/Apprenyissage_Pointcloud/Pointclouds-classification-with-the-POINTNET-Neural-network/PointNetLab/data/ModelNet10_PLY/toilet/test/toilet_0393.ply,9,9,toilet,toilet,0.959881067276001
plus_occlusion,1,857,/home/nochi/NOCHI/M2_PAR/Apprenyissage_Pointcloud/Pointclouds-classification-with-the-POINTNET-Neural-network/PointNetLab/data/ModelNet10_PLY/toilet/test/toilet_0394.ply,9,9,toilet,toilet,0.9983778595924377
plus_occlusion,1,858,/home/nochi/NOCHI/M2_PAR/Apprenyissage_Pointcloud/Pointclouds-classification-with-the-POINTNET-Neural-network/PointNetLab/data/ModelNet10_PLY/toilet/test/toilet_0395.ply,9,2,toilet,chair,0.5011922717094421
plus_occlusion,1,859,/home/nochi/NOCHI/M2_PAR/Apprenyissage_Pointcloud/Pointclouds-classification-with-the-POINTNET-Neural-network/PointNetLab/data/ModelNet10_PLY/toilet/test/toilet_0396.ply,9,9,toilet,toilet,0.9987152814865112
plus_occlusion,1,860,/home/nochi/NOCHI/M2_PAR/Apprenyissage_Pointcloud/Pointclouds-classification-with-the-POINTNET-Neural-network/PointNetLab/data/ModelNet10_PLY/toilet/test/toilet_0397.ply,9,9,toilet,toilet,0.9985076785087585
plus_occlusion,1,861,/home/nochi/NOCHI/M2_PAR/Apprenyissage_Pointcloud/Pointclouds-classification-with-the-POINTNET-Neural-network/PointNetLab/data/ModelNet10_PLY/toilet/test/toilet_0398.ply,9,9,toilet,toilet,0.9984242916107178
plus_occlusion,1,862,/home/nochi/NOCHI/M2_PAR/Apprenyissage_Pointcloud/Pointclouds-classification-with-the-POINTNET-Neural-network/PointNetLab/data/ModelNet10_PLY/toilet/test/toilet_0399.ply,9,9,toilet,toilet,0.9973389506340027
plus_occlusion,1,863,/home/nochi/NOCHI/M2_PAR/Apprenyissage_Pointcloud/Pointclouds-classification-with-the-POINTNET-Neural-network/PointNetLab/data/ModelNet10_PLY/toilet/test/toilet_0400.ply,9,9,toilet,toilet,0.997748613357544
plus_occlusion,1,864,/home/nochi/NOCHI/M2_PAR/Apprenyissage_Pointcloud/Pointclouds-classification-with-the-POINTNET-Neural-network/PointNetLab/data/ModelNet10_PLY/toilet/test/toilet_0401.ply,9,9,toilet,toilet,0.9984861016273499
plus_occlusion,1,865,/home/nochi/NOCHI/M2_PAR/Apprenyissage_Pointcloud/Pointclouds-classification-with-the-POINTNET-Neural-network/PointNetLab/data/ModelNet10_PLY/toilet/test/toilet_0402.ply,9,9,toilet,toilet,0.9981077313423157
plus_occlusion,1,866,/home/nochi/NOCHI/M2_PAR/Apprenyissage_Pointcloud/Pointclouds-classification-with-the-POINTNET-Neural-network/PointNetLab/data/ModelNet10_PLY/toilet/test/toilet_0403.ply,9,9,toilet,toilet,0.9989453554153442
plus_occlusion,1,867,/home/nochi/NOCHI/M2_PAR/Apprenyissage_Pointcloud/Pointclouds-classification-with-the-POINTNET-Neural-network/PointNetLab/data/ModelNet10_PLY/toilet/test/toilet_0404.ply,9,9,toilet,toilet,0.9989791512489319
plus_occlusion,1,868,/home/nochi/NOCHI/M2_PAR/Apprenyissage_Pointcloud/Pointclouds-classification-with-the-POINTNET-Neural-network/PointNetLab/data/ModelNet10_PLY/toilet/test/toilet_0405.ply,9,9,toilet,toilet,0.6224144101142883
plus_occlusion,1,869,/home/nochi/NOCHI/M2_PAR/Apprenyissage_Pointcloud/Pointclouds-classification-with-the-POINTNET-Neural-network/PointNetLab/data/ModelNet10_PLY/toilet/test/toilet_0406.ply,9,9,toilet,toilet,0.9986506700515747
plus_occlusion,1,870,/home/nochi/NOCHI/M2_PAR/Apprenyissage_Pointcloud/Pointclouds-classification-with-the-POINTNET-Neural-network/PointNetLab/data/ModelNet10_PLY/toilet/test/toilet_0407.ply,9,9,toilet,toilet,0.9977344274520874
plus_occlusion,1,871,/home/nochi/NOCHI/M2_PAR/Apprenyissage_Pointcloud/Pointclouds-classification-with-the-POINTNET-Neural-network/PointNetLab/data/ModelNet10_PLY/toilet/test/toilet_0408.ply,9,9,toilet,toilet,0.9980114102363586
plus_occlusion,1,872,/home/nochi/NOCHI/M2_PAR/Apprenyissage_Pointcloud/Pointclouds-classification-with-the-POINTNET-Neural-network/PointNetLab/data/ModelNet10_PLY/toilet/test/toilet_0409.ply,9,9,toilet,toilet,0.99843829870224
plus_occlusion,1,873,/home/nochi/NOCHI/M2_PAR/Apprenyissage_Pointcloud/Pointclouds-classification-with-the-POINTNET-Neural-network/PointNetLab/data/ModelNet10_PLY/toilet/test/toilet_0410.ply,9,9,toilet,toilet,0.9978245496749878
plus_occlusion,1,874,/home/nochi/NOCHI/M2_PAR/Apprenyissage_Pointcloud/Pointclouds-classification-with-the-POINTNET-Neural-network/PointNetLab/data/ModelNet10_PLY/toilet/test/toilet_0411.ply,9,9,toilet,toilet,0.9989634156227112
plus_occlusion,1,875,/home/nochi/NOCHI/M2_PAR/Apprenyissage_Pointcloud/Pointclouds-classification-with-the-POINTNET-Neural-network/PointNetLab/data/ModelNet10_PLY/toilet/test/toilet_0412.ply,9,9,toilet,toilet,0.9541245698928833
plus_occlusion,1,876,/home/nochi/NOCHI/M2_PAR/Apprenyissage_Pointcloud/Pointclouds-classification-with-the-POINTNET-Neural-network/PointNetLab/data/ModelNet10_PLY/toilet/test/toilet_0413.ply,9,9,toilet,toilet,0.998497486114502
plus_occlusion,1,877,/home/nochi/NOCHI/M2_PAR/Apprenyissage_Pointcloud/Pointclouds-classification-with-the-POINTNET-Neural-network/PointNetLab/data/ModelNet10_PLY/toilet/test/toilet_0414.ply,9,9,toilet,toilet,0.9984115958213806
plus_occlusion,1,878,/home/nochi/NOCHI/M2_PAR/Apprenyissage_Pointcloud/Pointclouds-classification-with-the-POINTNET-Neural-network/PointNetLab/data/ModelNet10_PLY/toilet/test/toilet_0415.ply,9,9,toilet,toilet,0.998812198638916
plus_occlusion,1,879,/home/nochi/NOCHI/M2_PAR/Apprenyissage_Pointcloud/Pointclouds-classification-with-the-POINTNET-Neural-network/PointNetLab/data/ModelNet10_PLY/toilet/test/toilet_0416.ply,9,9,toilet,toilet,0.9988289475440979
plus_occlusion,1,880,/home/nochi/NOCHI/M2_PAR/Apprenyissage_Pointcloud/Pointclouds-classification-with-the-POINTNET-Neural-network/PointNetLab/data/ModelNet10_PLY/toilet/test/toilet_0417.ply,9,9,toilet,toilet,0.997417151927948
plus_occlusion,1,881,/home/nochi/NOCHI/M2_PAR/Apprenyissage_Pointcloud/Pointclouds-classification-with-the-POINTNET-Neural-network/PointNetLab/data/ModelNet10_PLY/toilet/test/toilet_0418.ply,9,9,toilet,toilet,0.9810574054718018
plus_occlusion,1,882,/home/nochi/NOCHI/M2_PAR/Apprenyissage_Pointcloud/Pointclouds-classification-with-the-POINTNET-Neural-network/PointNetLab/data/ModelNet10_PLY/toilet/test/toilet_0419.ply,9,9,toilet,toilet,0.9984989762306213
plus_occlusion,1,883,/home/nochi/NOCHI/M2_PAR/Apprenyissage_Pointcloud/Pointclouds-classification-with-the-POINTNET-Neural-network/PointNetLab/data/ModelNet10_PLY/toilet/test/toilet_0420.ply,9,9,toilet,toilet,0.9788738489151001
plus_occlusion,1,884,/home/nochi/NOCHI/M2_PAR/Apprenyissage_Pointcloud/Pointclouds-classification-with-the-POINTNET-Neural-network/PointNetLab/data/ModelNet10_PLY/toilet/test/toilet_0421.ply,9,9,toilet,toilet,0.9979377388954163
plus_occlusion,1,885,/home/nochi/NOCHI/M2_PAR/Apprenyissage_Pointcloud/Pointclouds-classification-with-the-POINTNET-Neural-network/PointNetLab/data/ModelNet10_PLY/toilet/test/toilet_0422.ply,9,9,toilet,toilet,0.9989510178565979
plus_occlusion,1,886,/home/nochi/NOCHI/M2_PAR/Apprenyissage_Pointcloud/Pointclouds-classification-with-the-POINTNET-Neural-network/PointNetLab/data/ModelNet10_PLY/toilet/test/toilet_0423.ply,9,9,toilet,toilet,0.9973973035812378
plus_occlusion,1,887,/home/nochi/NOCHI/M2_PAR/Apprenyissage_Pointcloud/Pointclouds-classification-with-the-POINTNET-Neural-network/PointNetLab/data/ModelNet10_PLY/toilet/test/toilet_0424.ply,9,9,toilet,toilet,0.9945125579833984
plus_occlusion,1,888,/home/nochi/NOCHI/M2_PAR/Apprenyissage_Pointcloud/Pointclouds-classification-with-the-POINTNET-Neural-network/PointNetLab/data/ModelNet10_PLY/toilet/test/toilet_0425.ply,9,9,toilet,toilet,0.9281337261199951
plus_occlusion,1,889,/home/nochi/NOCHI/M2_PAR/Apprenyissage_Pointcloud/Pointclouds-classification-with-the-POINTNET-Neural-network/PointNetLab/data/ModelNet10_PLY/toilet/test/toilet_0426.ply,9,9,toilet,toilet,0.9982491731643677
plus_occlusion,1,890,/home/nochi/NOCHI/M2_PAR/Apprenyissage_Pointcloud/Pointclouds-classification-with-the-POINTNET-Neural-network/PointNetLab/data/ModelNet10_PLY/toilet/test/toilet_0427.ply,9,9,toilet,toilet,0.998009979724884
plus_occlusion,1,891,/home/nochi/NOCHI/M2_PAR/Apprenyissage_Pointcloud/Pointclouds-classification-with-the-POINTNET-Neural-network/PointNetLab/data/ModelNet10_PLY/toilet/test/toilet_0428.ply,9,9,toilet,toilet,0.9982500076293945
plus_occlusion,1,892,/home/nochi/NOCHI/M2_PAR/Apprenyissage_Pointcloud/Pointclouds-classification-with-the-POINTNET-Neural-network/PointNetLab/data/ModelNet10_PLY/toilet/test/toilet_0429.ply,9,9,toilet,toilet,0.9981427788734436
plus_occlusion,1,893,/home/nochi/NOCHI/M2_PAR/Apprenyissage_Pointcloud/Pointclouds-classification-with-the-POINTNET-Neural-network/PointNetLab/data/ModelNet10_PLY/toilet/test/toilet_0430.ply,9,9,toilet,toilet,0.9824234843254089
plus_occlusion,1,894,/home/nochi/NOCHI/M2_PAR/Apprenyissage_Pointcloud/Pointclouds-classification-with-the-POINTNET-Neural-network/PointNetLab/data/ModelNet10_PLY/toilet/test/toilet_0431.ply,9,9,toilet,toilet,0.9989784955978394
plus_occlusion,1,895,/home/nochi/NOCHI/M2_PAR/Apprenyissage_Pointcloud/Pointclouds-classification-with-the-POINTNET-Neural-network/PointNetLab/data/ModelNet10_PLY/toilet/test/toilet_0432.ply,9,9,toilet,toilet,0.9977734088897705
plus_occlusion,1,896,/home/nochi/NOCHI/M2_PAR/Apprenyissage_Pointcloud/Pointclouds-classification-with-the-POINTNET-Neural-network/PointNetLab/data/ModelNet10_PLY/toilet/test/toilet_0433.ply,9,9,toilet,toilet,0.9992079138755798
plus_occlusion,1,897,/home/nochi/NOCHI/M2_PAR/Apprenyissage_Pointcloud/Pointclouds-classification-with-the-POINTNET-Neural-network/PointNetLab/data/ModelNet10_PLY/toilet/test/toilet_0434.ply,9,2,toilet,chair,0.6106436252593994
plus_occlusion,1,898,/home/nochi/NOCHI/M2_PAR/Apprenyissage_Pointcloud/Pointclouds-classification-with-the-POINTNET-Neural-network/PointNetLab/data/ModelNet10_PLY/toilet/test/toilet_0435.ply,9,9,toilet,toilet,0.9988879561424255
plus_occlusion,1,899,/home/nochi/NOCHI/M2_PAR/Apprenyissage_Pointcloud/Pointclouds-classification-with-the-POINTNET-Neural-network/PointNetLab/data/ModelNet10_PLY/toilet/test/toilet_0436.ply,9,9,toilet,toilet,0.9980791807174683
plus_occlusion,1,900,/home/nochi/NOCHI/M2_PAR/Apprenyissage_Pointcloud/Pointclouds-classification-with-the-POINTNET-Neural-network/PointNetLab/data/ModelNet10_PLY/toilet/test/toilet_0437.ply,9,9,toilet,toilet,0.8467121124267578
plus_occlusion,1,901,/home/nochi/NOCHI/M2_PAR/Apprenyissage_Pointcloud/Pointclouds-classification-with-the-POINTNET-Neural-network/PointNetLab/data/ModelNet10_PLY/toilet/test/toilet_0438.ply,9,9,toilet,toilet,0.9986082911491394
plus_occlusion,1,902,/home/nochi/NOCHI/M2_PAR/Apprenyissage_Pointcloud/Pointclouds-classification-with-the-POINTNET-Neural-network/PointNetLab/data/ModelNet10_PLY/toilet/test/toilet_0439.ply,9,9,toilet,toilet,0.9988569021224976
plus_occlusion,1,903,/home/nochi/NOCHI/M2_PAR/Apprenyissage_Pointcloud/Pointclouds-classification-with-the-POINTNET-Neural-network/PointNetLab/data/ModelNet10_PLY/toilet/test/toilet_0440.ply,9,9,toilet,toilet,0.9963763356208801
plus_occlusion,1,904,/home/nochi/NOCHI/M2_PAR/Apprenyissage_Pointcloud/Pointclouds-classification-with-the-POINTNET-Neural-network/PointNetLab/data/ModelNet10_PLY/toilet/test/toilet_0441.ply,9,9,toilet,toilet,0.9958230257034302
plus_occlusion,1,905,/home/nochi/NOCHI/M2_PAR/Apprenyissage_Pointcloud/Pointclouds-classification-with-the-POINTNET-Neural-network/PointNetLab/data/ModelNet10_PLY/toilet/test/toilet_0442.ply,9,9,toilet,toilet,0.9971325993537903
plus_occlusion,1,906,/home/nochi/NOCHI/M2_PAR/Apprenyissage_Pointcloud/Pointclouds-classification-with-the-POINTNET-Neural-network/PointNetLab/data/ModelNet10_PLY/toilet/test/toilet_0443.ply,9,9,toilet,toilet,0.9973198771476746
plus_occlusion,1,907,/home/nochi/NOCHI/M2_PAR/Apprenyissage_Pointcloud/Pointclouds-classification-with-the-POINTNET-Neural-network/PointNetLab/data/ModelNet10_PLY/toilet/test/toilet_0444.ply,9,9,toilet,toilet,0.9979447722434998
