experiment,seed,index,ply_path,true,pred,true_name,pred_name,confidence
baseline,1,0,/home/nochi/NOCHI/M2_PAR/Apprenyissage_Pointcloud/Pointclouds-classification-with-the-POINTNET-Neural-network/PointNetLab/data/ModelNet10_PLY/bathtub/test/bathtub_0107.ply,0,0,bathtub,bathtub,0.9945418834686279
baseline,1,1,/home/nochi/NOCHI/M2_PAR/Apprenyissage_Pointcloud/Pointclouds-classification-with-the-POINTNET-Neural-network/PointNetLab/data/ModelNet10_PLY/bathtub/test/bathtub_0108.ply,0,0,bathtub,bathtub,0.9957988858222961
baseline,1,2,/home/nochi/NOCHI/M2_PAR/Apprenyissage_Pointcloud/Pointclouds-classification-with-the-POINTNET-Neural-network/PointNetLab/data/ModelNet10_PLY/bathtub/test/bathtub_0109.ply,0,0,bathtub,bathtub,0.993251621723175
baseline,1,3,/home/nochi/NOCHI/M2_PAR/Apprenyissage_Pointcloud/Pointclouds-classification-with-the-POINTNET-Neural-network/PointNetLab/data/ModelNet10_PLY/bathtub/test/bathtub_0110.ply,0,0,bathtub,bathtub,0.9873369336128235
baseline,1,4,/home/nochi/NOCHI/M2_PAR/Apprenyissage_Pointcloud/Pointclouds-classification-with-the-POINTNET-Neural-network/PointNetLab/data/ModelNet10_PLY/bathtub/test/bathtub_0111.ply,0,1,bathtub,bed,0.522132933139801
baseline,1,5,/home/nochi/NOCHI/M2_PAR/Apprenyissage_Pointcloud/Pointclouds-classification-with-the-POINTNET-Neural-network/PointNetLab/data/ModelNet10_PLY/bathtub/test/bathtub_0112.ply,0,0,bathtub,bathtub,0.9374269247055054
baseline,1,6,/home/nochi/NOCHI/M2_PAR/Apprenyissage_Pointcloud/Pointclouds-classification-with-the-POINTNET-Neural-network/PointNetLab/data/ModelNet10_PLY/bathtub/test/bathtub_0113.ply,0,0,bathtub,bathtub,0.9859648942947388
baseline,1,7,/home/nochi/NOCHI/M2_PAR/Apprenyissage_Pointcloud/Pointclouds-classification-with-the-POINTNET-Neural-network/PointNetLab/data/ModelNet10_PLY/bathtub/test/bathtub_0114.ply,0,0,bathtub,bathtub,0.9657594561576843
baseline,1,8,/home/nochi/NOCHI/M2_PAR/Apprenyissage_Pointcloud/Pointclouds-classification-with-the-POINTNET-Neural-network/PointNetLab/data/ModelNet10_PLY/bathtub/test/bathtub_0115.ply,0,0,bathtub,bathtub,0.997106671333313
baseline,1,9,/home/nochi/NOCHI/M2_PAR/Apprenyissage_Pointcloud/Pointclouds-classification-with-the-POINTNET-Neural-network/PointNetLab/data/ModelNet10_PLY/bathtub/test/bathtub_0116.ply,0,0,bathtub,bathtub,0.9891021847724915
baseline,1,10,/home/nochi/NOCHI/M2_PAR/Apprenyissage_Pointcloud/Pointclouds-classification-with-the-POINTNET-Neural-network/PointNetLab/data/ModelNet10_PLY/bathtub/test/bathtub_0117.ply,0,0,bathtub,bathtub,0.9978429079055786
baseline,1,11,/home/nochi/NOCHI/M2_PAR/Apprenyissage_Pointcloud/Pointclouds-classification-with-the-POINTNET-Neural-network/PointNetLab/data/ModelNet10_PLY/bathtub/test/bathtub_0118.ply,0,0,bathtub,bathtub,0.991655170917511
baseline,1,12,/home/nochi/NOCHI/M2_PAR/Apprenyissage_Pointcloud/Pointclouds-classification-with-the-POINTNET-Neural-network/PointNetLab/data/ModelNet10_PLY/bathtub/test/bathtub_0119.ply,0,0,bathtub,bathtub,0.9772105813026428
baseline,1,13,/home/nochi/NOCHI/M2_PAR/Apprenyissage_Pointcloud/Pointclouds-classification-with-the-POINTNET-Neural-network/PointNetLab/data/ModelNet10_PLY/bathtub/test/bathtub_0120.ply,0,1,bathtub,bed,0.841238260269165
baseline,1,14,/home/nochi/NOCHI/M2_PAR/Apprenyissage_Pointcloud/Pointclouds-classification-with-the-POINTNET-Neural-network/PointNetLab/data/ModelNet10_PLY/bathtub/test/bathtub_0121.ply,0,0,bathtub,bathtub,0.996646523475647
baseline,1,15,/home/nochi/NOCHI/M2_PAR/Apprenyissage_Pointcloud/Pointclouds-classification-with-the-POINTNET-Neural-network/PointNetLab/data/ModelNet10_PLY/bathtub/test/bathtub_0122.ply,0,0,bathtub,bathtub,0.9941879510879517
baseline,1,16,/home/nochi/NOCHI/M2_PAR/Apprenyissage_Pointcloud/Pointclouds-classification-with-the-POINTNET-Neural-network/PointNetLab/data/ModelNet10_PLY/bathtub/test/bathtub_0123.ply,0,0,bathtub,bathtub,0.7182426452636719
baseline,1,17,/home/nochi/NOCHI/M2_PAR/Apprenyissage_Pointcloud/Pointclouds-classification-with-the-POINTNET-Neural-network/PointNetLab/data/ModelNet10_PLY/bathtub/test/bathtub_0124.ply,0,0,bathtub,bathtub,0.9784405827522278
baseline,1,18,/home/nochi/NOCHI/M2_PAR/Apprenyissage_Pointcloud/Pointclouds-classification-with-the-POINTNET-Neural-network/PointNetLab/data/ModelNet10_PLY/bathtub/test/bathtub_0125.ply,0,0,bathtub,bathtub,0.9563156366348267
baseline,1,19,/home/nochi/NOCHI/M2_PAR/Apprenyissage_Pointcloud/Pointclouds-classification-with-the-POINTNET-Neural-network/PointNetLab/data/ModelNet10_PLY/bathtub/test/bathtub_0126.ply,0,0,bathtub,bathtub,0.9902627468109131
baseline,1,20,/home/nochi/NOCHI/M2_PAR/Apprenyissage_Pointcloud/Pointclouds-classification-with-the-POINTNET-Neural-network/PointNetLab/data/ModelNet10_PLY/bathtub/test/bathtub_0127.ply,0,1,bathtub,bed,0.9595931768417358
baseline,1,21,/home/nochi/NOCHI/M2_PAR/Apprenyissage_Pointcloud/Pointclouds-classification-with-the-POINTNET-Neural-network/PointNetLab/data/ModelNet10_PLY/bathtub/test/bathtub_0128.ply,0,0,bathtub,bathtub,0.7515955567359924
baseline,1,22,/home/nochi/NOCHI/M2_PAR/Apprenyissage_Pointcloud/Pointclouds-classification-with-the-POINTNET-Neural-network/PointNetLab/data/ModelNet10_PLY/bathtub/test/bathtub_0129.ply,0,0,bathtub,bathtub,0.8598368763923645
baseline,1,23,/home/nochi/NOCHI/M2_PAR/Apprenyissage_Pointcloud/Pointclouds-classification-with-the-POINTNET-Neural-network/PointNetLab/data/ModelNet10_PLY/bathtub/test/bathtub_0130.ply,0,1,bathtub,bed,0.9755505323410034
baseline,1,24,/home/nochi/NOCHI/M2_PAR/Apprenyissage_Pointcloud/Pointclouds-classification-with-the-POINTNET-Neural-network/PointNetLab/data/ModelNet10_PLY/bathtub/test/bathtub_0131.ply,0,0,bathtub,bathtub,0.9762974977493286
baseline,1,25,/home/nochi/NOCHI/M2_PAR/Apprenyissage_Pointcloud/Pointclouds-classification-with-the-POINTNET-Neural-network/PointNetLab/data/ModelNet10_PLY/bathtub/test/bathtub_0132.ply,0,7,bathtub,sofa,0.863059937953949
baseline,1,26,/home/nochi/NOCHI/M2_PAR/Apprenyissage_Pointcloud/Pointclouds-classification-with-the-POINTNET-Neural-network/PointNetLab/data/ModelNet10_PLY/bathtub/test/bathtub_0133.ply,0,0,bathtub,bathtub,0.9924532175064087
baseline,1,27,/home/nochi/NOCHI/M2_PAR/Apprenyissage_Pointcloud/Pointclouds-classification-with-the-POINTNET-Neural-network/PointNetLab/data/ModelNet10_PLY/bathtub/test/bathtub_0134.ply,0,1,bathtub,bed,0.9629051685333252
baseline,1,28,/home/nochi/NOCHI/M2_PAR/Apprenyissage_Pointcloud/Pointclouds-classification-with-the-POINTNET-Neural-network/PointNetLab/data/ModelNet10_PLY/bathtub/test/bathtub_0135.ply,0,0,bathtub,bathtub,0.9879162311553955
baseline,1,29,/home/nochi/NOCHI/M2_PAR/Apprenyissage_Pointcloud/Pointclouds-classification-with-the-POINTNET-Neural-network/PointNetLab/data/ModelNet10_PLY/bathtub/test/bathtub_0136.ply,0,0,bathtub,bathtub,0.9797646403312683
baseline,1,30,/home/nochi/NOCHI/M2_PAR/Apprenyissage_Pointcloud/Pointclouds-classification-with-the-POINTNET-Neural-network/PointNetLab/data/ModelNet10_PLY/bathtub/test/bathtub_0137.ply,0,0,bathtub,bathtub,0.9968836307525635
baseline,1,31,/home/nochi/NOCHI/M2_PAR/Apprenyissage_Pointcloud/Pointclouds-classification-with-the-POINTNET-Neural-network/PointNetLab/data/ModelNet10_PLY/bathtub/test/bathtub_0138.ply,0,1,bathtub,bed,0.739547610282898
baseline,1,32,/home/nochi/NOCHI/M2_PAR/Apprenyissage_Pointcloud/Pointclouds-classification-with-the-POINTNET-Neural-network/PointNetLab/data/ModelNet10_PLY/bathtub/test/bathtub_0139.ply,0,1,bathtub,bed,0.9603695273399353
baseline,1,33,/home/nochi/NOCHI/M2_PAR/Apprenyissage_Pointcloud/Pointclouds-classification-with-the-POINTNET-Neural-network/PointNetLab/data/ModelNet10_PLY/bathtub/test/bathtub_0140.ply,0,0,bathtub,bathtub,0.9970178604125977
baseline,1,34,/home/nochi/NOCHI/M2_PAR/Apprenyissage_Pointcloud/Pointclouds-classification-with-the-POINTNET-Neural-network/PointNetLab/data/ModelNet10_PLY/bathtub/test/bathtub_0141.ply,0,0,bathtub,bathtub,0.955423891544342
baseline,1,35,/home/nochi/NOCHI/M2_PAR/Apprenyissage_Pointcloud/Pointclouds-classification-with-the-POINTNET-Neural-network/PointNetLab/data/ModelNet10_PLY/bathtub/test/bathtub_0142.ply,0,0,bathtub,bathtub,0.9947259426116943
baseline,1,36,/home/nochi/NOCHI/M2_PAR/Apprenyissage_Pointcloud/Pointclouds-classification-with-the-POINTNET-Neural-network/PointNetLab/data/ModelNet10_PLY/bathtub/test/bathtub_0143.ply,0,0,bathtub,bathtub,0.9969629645347595
baseline,1,37,/home/nochi/NOCHI/M2_PAR/Apprenyissage_Pointcloud/Pointclouds-classification-with-the-POINTNET-Neural-network/PointNetLab/data/ModelNet10_PLY/bathtub/test/bathtub_0144.ply,0,0,bathtub,bathtub,0.9787637591362
baseline,1,38,/home/nochi/NOCHI/M2_PAR/Apprenyissage_Pointcloud/Pointclouds-classification-with-the-POINTNET-Neural-network/PointNetLab/data/ModelNet10_PLY/bathtub/test/bathtub_0145.ply,0,0,bathtub,bathtub,0.9752491116523743
baseline,1,39,/home/nochi/NOCHI/M2_PAR/Apprenyissage_Pointcloud/Pointclouds-classification-with-the-POINTNET-Neural-network/PointNetLab/data/ModelNet10_PLY/bathtub/test/bathtub_0146.ply,0,0,bathtub,bathtub,0.9785748720169067
baseline,1,40,/home/nochi/NOCHI/M2_PAR/Apprenyissage_Pointcloud/Pointclouds-classification-with-the-POINTNET-Neural-network/PointNetLab/data/ModelNet10_PLY/bathtub/test/bathtub_0147.ply,0,0,bathtub,bathtub,0.9879132509231567
baseline,1,41,/home/nochi/NOCHI/M2_PAR/Apprenyissage_Pointcloud/Pointclouds-classification-with-the-POINTNET-Neural-network/PointNetLab/data/ModelNet10_PLY/bathtub/test/bathtub_0148.ply,0,0,bathtub,bathtub,0.9903117418289185
baseline,1,42,/home/nochi/NOCHI/M2_PAR/Apprenyissage_Pointcloud/Pointclouds-classification-with-the-POINTNET-Neural-network/PointNetLab/data/ModelNet10_PLY/bathtub/test/bathtub_0149.ply,0,0,bathtub,bathtub,0.9959532022476196
baseline,1,43,/home/nochi/NOCHI/M2_PAR/Apprenyissage_Pointcloud/Pointclouds-classification-with-the-POINTNET-Neural-network/PointNetLab/data/ModelNet10_PLY/bathtub/test/bathtub_0150.ply,0,0,bathtub,bathtub,0.9941309094429016
baseline,1,44,/home/nochi/NOCHI/M2_PAR/Apprenyissage_Pointcloud/Pointclouds-classification-with-the-POINTNET-Neural-network/PointNetLab/data/ModelNet10_PLY/bathtub/test/bathtub_0151.ply,0,0,bathtub,bathtub,0.9697155952453613
baseline,1,45,/home/nochi/NOCHI/M2_PAR/Apprenyissage_Pointcloud/Pointclouds-classification-with-the-POINTNET-Neural-network/PointNetLab/data/ModelNet10_PLY/bathtub/test/bathtub_0152.ply,0,7,bathtub,sofa,0.5016065835952759
baseline,1,46,/home/nochi/NOCHI/M2_PAR/Apprenyissage_Pointcloud/Pointclouds-classification-with-the-POINTNET-Neural-network/PointNetLab/data/ModelNet10_PLY/bathtub/test/bathtub_0153.ply,0,0,bathtub,bathtub,0.8595229983329773
baseline,1,47,/home/nochi/NOCHI/M2_PAR/Apprenyissage_Pointcloud/Pointclouds-classification-with-the-POINTNET-Neural-network/PointNetLab/data/ModelNet10_PLY/bathtub/test/bathtub_0154.ply,0,0,bathtub,bathtub,0.9342420101165771
baseline,1,48,/home/nochi/NOCHI/M2_PAR/Apprenyissage_Pointcloud/Pointclouds-classification-with-the-POINTNET-Neural-network/PointNetLab/data/ModelNet10_PLY/bathtub/test/bathtub_0155.ply,0,0,bathtub,bathtub,0.9964371919631958
baseline,1,49,/home/nochi/NOCHI/M2_PAR/Apprenyissage_Pointcloud/Pointclouds-classification-with-the-POINTNET-Neural-network/PointNetLab/data/ModelNet10_PLY/bathtub/test/bathtub_0156.ply,0,0,bathtub,bathtub,0.9839852452278137
baseline,1,50,/home/nochi/NOCHI/M2_PAR/Apprenyissage_Pointcloud/Pointclouds-classification-with-the-POINTNET-Neural-network/PointNetLab/data/ModelNet10_PLY/bed/test/bed_0516.ply,1,1,bed,bed,0.9436582922935486
baseline,1,51,/home/nochi/NOCHI/M2_PAR/Apprenyissage_Pointcloud/Pointclouds-classification-with-the-POINTNET-Neural-network/PointNetLab/data/ModelNet10_PLY/bed/test/bed_0517.ply,1,1,bed,bed,0.9964737892150879
baseline,1,52,/home/nochi/NOCHI/M2_PAR/Apprenyissage_Pointcloud/Pointclouds-classification-with-the-POINTNET-Neural-network/PointNetLab/data/ModelNet10_PLY/bed/test/bed_0518.ply,1,7,bed,sofa,0.9535842537879944
baseline,1,53,/home/nochi/NOCHI/M2_PAR/Apprenyissage_Pointcloud/Pointclouds-classification-with-the-POINTNET-Neural-network/PointNetLab/data/ModelNet10_PLY/bed/test/bed_0519.ply,1,2,bed,chair,0.7285844683647156
baseline,1,54,/home/nochi/NOCHI/M2_PAR/Apprenyissage_Pointcloud/Pointclouds-classification-with-the-POINTNET-Neural-network/PointNetLab/data/ModelNet10_PLY/bed/test/bed_0520.ply,1,1,bed,bed,0.9867165088653564
baseline,1,55,/home/nochi/NOCHI/M2_PAR/Apprenyissage_Pointcloud/Pointclouds-classification-with-the-POINTNET-Neural-network/PointNetLab/data/ModelNet10_PLY/bed/test/bed_0521.ply,1,1,bed,bed,0.9943260550498962
baseline,1,56,/home/nochi/NOCHI/M2_PAR/Apprenyissage_Pointcloud/Pointclouds-classification-with-the-POINTNET-Neural-network/PointNetLab/data/ModelNet10_PLY/bed/test/bed_0522.ply,1,1,bed,bed,0.9965046644210815
baseline,1,57,/home/nochi/NOCHI/M2_PAR/Apprenyissage_Pointcloud/Pointclouds-classification-with-the-POINTNET-Neural-network/PointNetLab/data/ModelNet10_PLY/bed/test/bed_0523.ply,1,1,bed,bed,0.9934762120246887
baseline,1,58,/home/nochi/NOCHI/M2_PAR/Apprenyissage_Pointcloud/Pointclouds-classification-with-the-POINTNET-Neural-network/PointNetLab/data/ModelNet10_PLY/bed/test/bed_0524.ply,1,1,bed,bed,0.9869683384895325
baseline,1,59,/home/nochi/NOCHI/M2_PAR/Apprenyissage_Pointcloud/Pointclouds-classification-with-the-POINTNET-Neural-network/PointNetLab/data/ModelNet10_PLY/bed/test/bed_0525.ply,1,1,bed,bed,0.987879753112793
baseline,1,60,/home/nochi/NOCHI/M2_PAR/Apprenyissage_Pointcloud/Pointclouds-classification-with-the-POINTNET-Neural-network/PointNetLab/data/ModelNet10_PLY/bed/test/bed_0526.ply,1,1,bed,bed,0.9913723468780518
baseline,1,61,/home/nochi/NOCHI/M2_PAR/Apprenyissage_Pointcloud/Pointclouds-classification-with-the-POINTNET-Neural-network/PointNetLab/data/ModelNet10_PLY/bed/test/bed_0527.ply,1,1,bed,bed,0.9338409900665283
baseline,1,62,/home/nochi/NOCHI/M2_PAR/Apprenyissage_Pointcloud/Pointclouds-classification-with-the-POINTNET-Neural-network/PointNetLab/data/ModelNet10_PLY/bed/test/bed_0528.ply,1,1,bed,bed,0.9988195300102234
baseline,1,63,/home/nochi/NOCHI/M2_PAR/Apprenyissage_Pointcloud/Pointclouds-classification-with-the-POINTNET-Neural-network/PointNetLab/data/ModelNet10_PLY/bed/test/bed_0529.ply,1,1,bed,bed,0.7055068612098694
baseline,1,64,/home/nochi/NOCHI/M2_PAR/Apprenyissage_Pointcloud/Pointclouds-classification-with-the-POINTNET-Neural-network/PointNetLab/data/ModelNet10_PLY/bed/test/bed_0530.ply,1,1,bed,bed,0.9733224511146545
baseline,1,65,/home/nochi/NOCHI/M2_PAR/Apprenyissage_Pointcloud/Pointclouds-classification-with-the-POINTNET-Neural-network/PointNetLab/data/ModelNet10_PLY/bed/test/bed_0531.ply,1,1,bed,bed,0.9920569062232971
baseline,1,66,/home/nochi/NOCHI/M2_PAR/Apprenyissage_Pointcloud/Pointclouds-classification-with-the-POINTNET-Neural-network/PointNetLab/data/ModelNet10_PLY/bed/test/bed_0532.ply,1,1,bed,bed,0.9704010486602783
baseline,1,67,/home/nochi/NOCHI/M2_PAR/Apprenyissage_Pointcloud/Pointclouds-classification-with-the-POINTNET-Neural-network/PointNetLab/data/ModelNet10_PLY/bed/test/bed_0533.ply,1,1,bed,bed,0.9702537059783936
baseline,1,68,/home/nochi/NOCHI/M2_PAR/Apprenyissage_Pointcloud/Pointclouds-classification-with-the-POINTNET-Neural-network/PointNetLab/data/ModelNet10_PLY/bed/test/bed_0534.ply,1,1,bed,bed,0.5821457505226135
baseline,1,69,/home/nochi/NOCHI/M2_PAR/Apprenyissage_Pointcloud/Pointclouds-classification-with-the-POINTNET-Neural-network/PointNetLab/data/ModelNet10_PLY/bed/test/bed_0535.ply,1,1,bed,bed,0.9990184903144836
baseline,1,70,/home/nochi/NOCHI/M2_PAR/Apprenyissage_Pointcloud/Pointclouds-classification-with-the-POINTNET-Neural-network/PointNetLab/data/ModelNet10_PLY/bed/test/bed_0536.ply,1,1,bed,bed,0.9970382452011108
baseline,1,71,/home/nochi/NOCHI/M2_PAR/Apprenyissage_Pointcloud/Pointclouds-classification-with-the-POINTNET-Neural-network/PointNetLab/data/ModelNet10_PLY/bed/test/bed_0537.ply,1,7,bed,sofa,0.5596486330032349
baseline,1,72,/home/nochi/NOCHI/M2_PAR/Apprenyissage_Pointcloud/Pointclouds-classification-with-the-POINTNET-Neural-network/PointNetLab/data/ModelNet10_PLY/bed/test/bed_0538.ply,1,1,bed,bed,0.9984957575798035
baseline,1,73,/home/nochi/NOCHI/M2_PAR/Apprenyissage_Pointcloud/Pointclouds-classification-with-the-POINTNET-Neural-network/PointNetLab/data/ModelNet10_PLY/bed/test/bed_0539.ply,1,1,bed,bed,0.9970318675041199
baseline,1,74,/home/nochi/NOCHI/M2_PAR/Apprenyissage_Pointcloud/Pointclouds-classification-with-the-POINTNET-Neural-network/PointNetLab/data/ModelNet10_PLY/bed/test/bed_0540.ply,1,1,bed,bed,0.9992921352386475
baseline,1,75,/home/nochi/NOCHI/M2_PAR/Apprenyissage_Pointcloud/Pointclouds-classification-with-the-POINTNET-Neural-network/PointNetLab/data/ModelNet10_PLY/bed/test/bed_0541.ply,1,1,bed,bed,0.9953171014785767
baseline,1,76,/home/nochi/NOCHI/M2_PAR/Apprenyissage_Pointcloud/Pointclouds-classification-with-the-POINTNET-Neural-network/PointNetLab/data/ModelNet10_PLY/bed/test/bed_0542.ply,1,8,bed,table,0.8688307404518127
baseline,1,77,/home/nochi/NOCHI/M2_PAR/Apprenyissage_Pointcloud/Pointclouds-classification-with-the-POINTNET-Neural-network/PointNetLab/data/ModelNet10_PLY/bed/test/bed_0543.ply,1,2,bed,chair,0.5232253670692444
baseline,1,78,/home/nochi/NOCHI/M2_PAR/Apprenyissage_Pointcloud/Pointclouds-classification-with-the-POINTNET-Neural-network/PointNetLab/data/ModelNet10_PLY/bed/test/bed_0544.ply,1,1,bed,bed,0.997806966304779
baseline,1,79,/home/nochi/NOCHI/M2_PAR/Apprenyissage_Pointcloud/Pointclouds-classification-with-the-POINTNET-Neural-network/PointNetLab/data/ModelNet10_PLY/bed/test/bed_0545.ply,1,1,bed,bed,0.9930400848388672
baseline,1,80,/home/nochi/NOCHI/M2_PAR/Apprenyissage_Pointcloud/Pointclouds-classification-with-the-POINTNET-Neural-network/PointNetLab/data/ModelNet10_PLY/bed/test/bed_0546.ply,1,1,bed,bed,0.9850950837135315
baseline,1,81,/home/nochi/NOCHI/M2_PAR/Apprenyissage_Pointcloud/Pointclouds-classification-with-the-POINTNET-Neural-network/PointNetLab/data/ModelNet10_PLY/bed/test/bed_0547.ply,1,1,bed,bed,0.7470890879631042
baseline,1,82,/home/nochi/NOCHI/M2_PAR/Apprenyissage_Pointcloud/Pointclouds-classification-with-the-POINTNET-Neural-network/PointNetLab/data/ModelNet10_PLY/bed/test/bed_0548.ply,1,1,bed,bed,0.9969881176948547
baseline,1,83,/home/nochi/NOCHI/M2_PAR/Apprenyissage_Pointcloud/Pointclouds-classification-with-the-POINTNET-Neural-network/PointNetLab/data/ModelNet10_PLY/bed/test/bed_0549.ply,1,1,bed,bed,0.9966892600059509
baseline,1,84,/home/nochi/NOCHI/M2_PAR/Apprenyissage_Pointcloud/Pointclouds-classification-with-the-POINTNET-Neural-network/PointNetLab/data/ModelNet10_PLY/bed/test/bed_0550.ply,1,1,bed,bed,0.9976933002471924
baseline,1,85,/home/nochi/NOCHI/M2_PAR/Apprenyissage_Pointcloud/Pointclouds-classification-with-the-POINTNET-Neural-network/PointNetLab/data/ModelNet10_PLY/bed/test/bed_0551.ply,1,1,bed,bed,0.9875056743621826
baseline,1,86,/home/nochi/NOCHI/M2_PAR/Apprenyissage_Pointcloud/Pointclouds-classification-with-the-POINTNET-Neural-network/PointNetLab/data/ModelNet10_PLY/bed/test/bed_0552.ply,1,1,bed,bed,0.9938520193099976
baseline,1,87,/home/nochi/NOCHI/M2_PAR/Apprenyissage_Pointcloud/Pointclouds-classification-with-the-POINTNET-Neural-network/PointNetLab/data/ModelNet10_PLY/bed/test/bed_0553.ply,1,1,bed,bed,0.9987314939498901
baseline,1,88,/home/nochi/NOCHI/M2_PAR/Apprenyissage_Pointcloud/Pointclouds-classification-with-the-POINTNET-Neural-network/PointNetLab/data/ModelNet10_PLY/bed/test/bed_0554.ply,1,1,bed,bed,0.9978577494621277
baseline,1,89,/home/nochi/NOCHI/M2_PAR/Apprenyissage_Pointcloud/Pointclouds-classification-with-the-POINTNET-Neural-network/PointNetLab/data/ModelNet10_PLY/bed/test/bed_0555.ply,1,1,bed,bed,0.974108099937439
baseline,1,90,/home/nochi/NOCHI/M2_PAR/Apprenyissage_Pointcloud/Pointclouds-classification-with-the-POINTNET-Neural-network/PointNetLab/data/ModelNet10_PLY/bed/test/bed_0556.ply,1,1,bed,bed,0.9790411591529846
baseline,1,91,/home/nochi/NOCHI/M2_PAR/Apprenyissage_Pointcloud/Pointclouds-classification-with-the-POINTNET-Neural-network/PointNetLab/data/ModelNet10_PLY/bed/test/bed_0557.ply,1,1,bed,bed,0.815004825592041
baseline,1,92,/home/nochi/NOCHI/M2_PAR/Apprenyissage_Pointcloud/Pointclouds-classification-with-the-POINTNET-Neural-network/PointNetLab/data/ModelNet10_PLY/bed/test/bed_0558.ply,1,1,bed,bed,0.996514618396759
baseline,1,93,/home/nochi/NOCHI/M2_PAR/Apprenyissage_Pointcloud/Pointclouds-classification-with-the-POINTNET-Neural-network/PointNetLab/data/ModelNet10_PLY/bed/test/bed_0559.ply,1,1,bed,bed,0.9075108170509338
baseline,1,94,/home/nochi/NOCHI/M2_PAR/Apprenyissage_Pointcloud/Pointclouds-classification-with-the-POINTNET-Neural-network/PointNetLab/data/ModelNet10_PLY/bed/test/bed_0560.ply,1,1,bed,bed,0.9025745391845703
baseline,1,95,/home/nochi/NOCHI/M2_PAR/Apprenyissage_Pointcloud/Pointclouds-classification-with-the-POINTNET-Neural-network/PointNetLab/data/ModelNet10_PLY/bed/test/bed_0561.ply,1,1,bed,bed,0.9991210103034973
baseline,1,96,/home/nochi/NOCHI/M2_PAR/Apprenyissage_Pointcloud/Pointclouds-classification-with-the-POINTNET-Neural-network/PointNetLab/data/ModelNet10_PLY/bed/test/bed_0562.ply,1,1,bed,bed,0.7100346684455872
baseline,1,97,/home/nochi/NOCHI/M2_PAR/Apprenyissage_Pointcloud/Pointclouds-classification-with-the-POINTNET-Neural-network/PointNetLab/data/ModelNet10_PLY/bed/test/bed_0563.ply,1,1,bed,bed,0.9961220026016235
baseline,1,98,/home/nochi/NOCHI/M2_PAR/Apprenyissage_Pointcloud/Pointclouds-classification-with-the-POINTNET-Neural-network/PointNetLab/data/ModelNet10_PLY/bed/test/bed_0564.ply,1,1,bed,bed,0.7969365119934082
baseline,1,99,/home/nochi/NOCHI/M2_PAR/Apprenyissage_Pointcloud/Pointclouds-classification-with-the-POINTNET-Neural-network/PointNetLab/data/ModelNet10_PLY/bed/test/bed_0565.ply,1,1,bed,bed,0.9947777986526489
baseline,1,100,/home/nochi/NOCHI/M2_PAR/Apprenyissage_Pointcloud/Pointclouds-classification-with-the-POINTNET-Neural-network/PointNetLab/data/ModelNet10_PLY/bed/test/bed_0566.ply,1,7,bed,sofa,0.7608265280723572
baseline,1,101,/home/nochi/NOCHI/M2_PAR/Apprenyissage_Pointcloud/Pointclouds-classification-with-the-POINTNET-Neural-network/PointNetLab/data/ModelNet10_PLY/bed/test/bed_0567.ply,1,1,bed,bed,0.9810191988945007
baseline,1,102,/home/nochi/NOCHI/M2_PAR/Apprenyissage_Pointcloud/Pointclouds-classification-with-the-POINTNET-Neural-network/PointNetLab/data/ModelNet10_PLY/bed/test/bed_0568.ply,1,1,bed,bed,0.9919500350952148
baseline,1,103,/home/nochi/NOCHI/M2_PAR/Apprenyissage_Pointcloud/Pointclouds-classification-with-the-POINTNET-Neural-network/PointNetLab/data/ModelNet10_PLY/bed/test/bed_0569.ply,1,1,bed,bed,0.936410665512085
baseline,1,104,/home/nochi/NOCHI/M2_PAR/Apprenyissage_Pointcloud/Pointclouds-classification-with-the-POINTNET-Neural-network/PointNetLab/data/ModelNet10_PLY/bed/test/bed_0570.ply,1,1,bed,bed,0.9895557165145874
baseline,1,105,/home/nochi/NOCHI/M2_PAR/Apprenyissage_Pointcloud/Pointclouds-classification-with-the-POINTNET-Neural-network/PointNetLab/data/ModelNet10_PLY/bed/test/bed_0571.ply,1,1,bed,bed,0.9441931247711182
baseline,1,106,/home/nochi/NOCHI/M2_PAR/Apprenyissage_Pointcloud/Pointclouds-classification-with-the-POINTNET-Neural-network/PointNetLab/data/ModelNet10_PLY/bed/test/bed_0572.ply,1,1,bed,bed,0.9433215260505676
baseline,1,107,/home/nochi/NOCHI/M2_PAR/Apprenyissage_Pointcloud/Pointclouds-classification-with-the-POINTNET-Neural-network/PointNetLab/data/ModelNet10_PLY/bed/test/bed_0573.ply,1,1,bed,bed,0.9935286045074463
baseline,1,108,/home/nochi/NOCHI/M2_PAR/Apprenyissage_Pointcloud/Pointclouds-classification-with-the-POINTNET-Neural-network/PointNetLab/data/ModelNet10_PLY/bed/test/bed_0574.ply,1,1,bed,bed,0.9851250648498535
baseline,1,109,/home/nochi/NOCHI/M2_PAR/Apprenyissage_Pointcloud/Pointclouds-classification-with-the-POINTNET-Neural-network/PointNetLab/data/ModelNet10_PLY/bed/test/bed_0575.ply,1,1,bed,bed,0.9887534976005554
baseline,1,110,/home/nochi/NOCHI/M2_PAR/Apprenyissage_Pointcloud/Pointclouds-classification-with-the-POINTNET-Neural-network/PointNetLab/data/ModelNet10_PLY/bed/test/bed_0576.ply,1,1,bed,bed,0.9782941937446594
baseline,1,111,/home/nochi/NOCHI/M2_PAR/Apprenyissage_Pointcloud/Pointclouds-classification-with-the-POINTNET-Neural-network/PointNetLab/data/ModelNet10_PLY/bed/test/bed_0577.ply,1,1,bed,bed,0.9924028515815735
baseline,1,112,/home/nochi/NOCHI/M2_PAR/Apprenyissage_Pointcloud/Pointclouds-classification-with-the-POINTNET-Neural-network/PointNetLab/data/ModelNet10_PLY/bed/test/bed_0578.ply,1,1,bed,bed,0.9416047930717468
baseline,1,113,/home/nochi/NOCHI/M2_PAR/Apprenyissage_Pointcloud/Pointclouds-classification-with-the-POINTNET-Neural-network/PointNetLab/data/ModelNet10_PLY/bed/test/bed_0579.ply,1,1,bed,bed,0.9871417284011841
baseline,1,114,/home/nochi/NOCHI/M2_PAR/Apprenyissage_Pointcloud/Pointclouds-classification-with-the-POINTNET-Neural-network/PointNetLab/data/ModelNet10_PLY/bed/test/bed_0580.ply,1,1,bed,bed,0.9850687384605408
baseline,1,115,/home/nochi/NOCHI/M2_PAR/Apprenyissage_Pointcloud/Pointclouds-classification-with-the-POINTNET-Neural-network/PointNetLab/data/ModelNet10_PLY/bed/test/bed_0581.ply,1,1,bed,bed,0.9544995427131653
baseline,1,116,/home/nochi/NOCHI/M2_PAR/Apprenyissage_Pointcloud/Pointclouds-classification-with-the-POINTNET-Neural-network/PointNetLab/data/ModelNet10_PLY/bed/test/bed_0582.ply,1,1,bed,bed,0.9854726195335388
baseline,1,117,/home/nochi/NOCHI/M2_PAR/Apprenyissage_Pointcloud/Pointclouds-classification-with-the-POINTNET-Neural-network/PointNetLab/data/ModelNet10_PLY/bed/test/bed_0583.ply,1,1,bed,bed,0.9768268465995789
baseline,1,118,/home/nochi/NOCHI/M2_PAR/Apprenyissage_Pointcloud/Pointclouds-classification-with-the-POINTNET-Neural-network/PointNetLab/data/ModelNet10_PLY/bed/test/bed_0584.ply,1,1,bed,bed,0.9975549578666687
baseline,1,119,/home/nochi/NOCHI/M2_PAR/Apprenyissage_Pointcloud/Pointclouds-classification-with-the-POINTNET-Neural-network/PointNetLab/data/ModelNet10_PLY/bed/test/bed_0585.ply,1,1,bed,bed,0.9616310596466064
baseline,1,120,/home/nochi/NOCHI/M2_PAR/Apprenyissage_Pointcloud/Pointclouds-classification-with-the-POINTNET-Neural-network/PointNetLab/data/ModelNet10_PLY/bed/test/bed_0586.ply,1,1,bed,bed,0.9374830722808838
baseline,1,121,/home/nochi/NOCHI/M2_PAR/Apprenyissage_Pointcloud/Pointclouds-classification-with-the-POINTNET-Neural-network/PointNetLab/data/ModelNet10_PLY/bed/test/bed_0587.ply,1,1,bed,bed,0.9904659986495972
baseline,1,122,/home/nochi/NOCHI/M2_PAR/Apprenyissage_Pointcloud/Pointclouds-classification-with-the-POINTNET-Neural-network/PointNetLab/data/ModelNet10_PLY/bed/test/bed_0588.ply,1,1,bed,bed,0.7765739560127258
baseline,1,123,/home/nochi/NOCHI/M2_PAR/Apprenyissage_Pointcloud/Pointclouds-classification-with-the-POINTNET-Neural-network/PointNetLab/data/ModelNet10_PLY/bed/test/bed_0589.ply,1,1,bed,bed,0.9881967902183533
baseline,1,124,/home/nochi/NOCHI/M2_PAR/Apprenyissage_Pointcloud/Pointclouds-classification-with-the-POINTNET-Neural-network/PointNetLab/data/ModelNet10_PLY/bed/test/bed_0590.ply,1,1,bed,bed,0.7197440266609192
baseline,1,125,/home/nochi/NOCHI/M2_PAR/Apprenyissage_Pointcloud/Pointclouds-classification-with-the-POINTNET-Neural-network/PointNetLab/data/ModelNet10_PLY/bed/test/bed_0591.ply,1,1,bed,bed,0.9968616366386414
baseline,1,126,/home/nochi/NOCHI/M2_PAR/Apprenyissage_Pointcloud/Pointclouds-classification-with-the-POINTNET-Neural-network/PointNetLab/data/ModelNet10_PLY/bed/test/bed_0592.ply,1,1,bed,bed,0.9945646524429321
baseline,1,127,/home/nochi/NOCHI/M2_PAR/Apprenyissage_Pointcloud/Pointclouds-classification-with-the-POINTNET-Neural-network/PointNetLab/data/ModelNet10_PLY/bed/test/bed_0593.ply,1,1,bed,bed,0.9997956156730652
baseline,1,128,/home/nochi/NOCHI/M2_PAR/Apprenyissage_Pointcloud/Pointclouds-classification-with-the-POINTNET-Neural-network/PointNetLab/data/ModelNet10_PLY/bed/test/bed_0594.ply,1,1,bed,bed,0.9913503527641296
baseline,1,129,/home/nochi/NOCHI/M2_PAR/Apprenyissage_Pointcloud/Pointclouds-classification-with-the-POINTNET-Neural-network/PointNetLab/data/ModelNet10_PLY/bed/test/bed_0595.ply,1,1,bed,bed,0.940378725528717
baseline,1,130,/home/nochi/NOCHI/M2_PAR/Apprenyissage_Pointcloud/Pointclouds-classification-with-the-POINTNET-Neural-network/PointNetLab/data/ModelNet10_PLY/bed/test/bed_0596.ply,1,1,bed,bed,0.9966633319854736
baseline,1,131,/home/nochi/NOCHI/M2_PAR/Apprenyissage_Pointcloud/Pointclouds-classification-with-the-POINTNET-Neural-network/PointNetLab/data/ModelNet10_PLY/bed/test/bed_0597.ply,1,1,bed,bed,0.9973939657211304
baseline,1,132,/home/nochi/NOCHI/M2_PAR/Apprenyissage_Pointcloud/Pointclouds-classification-with-the-POINTNET-Neural-network/PointNetLab/data/ModelNet10_PLY/bed/test/bed_0598.ply,1,1,bed,bed,0.9928655624389648
baseline,1,133,/home/nochi/NOCHI/M2_PAR/Apprenyissage_Pointcloud/Pointclouds-classification-with-the-POINTNET-Neural-network/PointNetLab/data/ModelNet10_PLY/bed/test/bed_0599.ply,1,1,bed,bed,0.9881792068481445
baseline,1,134,/home/nochi/NOCHI/M2_PAR/Apprenyissage_Pointcloud/Pointclouds-classification-with-the-POINTNET-Neural-network/PointNetLab/data/ModelNet10_PLY/bed/test/bed_0600.ply,1,1,bed,bed,0.9980116486549377
baseline,1,135,/home/nochi/NOCHI/M2_PAR/Apprenyissage_Pointcloud/Pointclouds-classification-with-the-POINTNET-Neural-network/PointNetLab/data/ModelNet10_PLY/bed/test/bed_0601.ply,1,1,bed,bed,0.9977964758872986
baseline,1,136,/home/nochi/NOCHI/M2_PAR/Apprenyissage_Pointcloud/Pointclouds-classification-with-the-POINTNET-Neural-network/PointNetLab/data/ModelNet10_PLY/bed/test/bed_0602.ply,1,1,bed,bed,0.9975500702857971
baseline,1,137,/home/nochi/NOCHI/M2_PAR/Apprenyissage_Pointcloud/Pointclouds-classification-with-the-POINTNET-Neural-network/PointNetLab/data/ModelNet10_PLY/bed/test/bed_0603.ply,1,1,bed,bed,0.9975261092185974
baseline,1,138,/home/nochi/NOCHI/M2_PAR/Apprenyissage_Pointcloud/Pointclouds-classification-with-the-POINTNET-Neural-network/PointNetLab/data/ModelNet10_PLY/bed/test/bed_0604.ply,1,1,bed,bed,0.5315608978271484
baseline,1,139,/home/nochi/NOCHI/M2_PAR/Apprenyissage_Pointcloud/Pointclouds-classification-with-the-POINTNET-Neural-network/PointNetLab/data/ModelNet10_PLY/bed/test/bed_0605.ply,1,1,bed,bed,0.9924977421760559
baseline,1,140,/home/nochi/NOCHI/M2_PAR/Apprenyissage_Pointcloud/Pointclouds-classification-with-the-POINTNET-Neural-network/PointNetLab/data/ModelNet10_PLY/bed/test/bed_0606.ply,1,1,bed,bed,0.46591296792030334
baseline,1,141,/home/nochi/NOCHI/M2_PAR/Apprenyissage_Pointcloud/Pointclouds-classification-with-the-POINTNET-Neural-network/PointNetLab/data/ModelNet10_PLY/bed/test/bed_0607.ply,1,1,bed,bed,0.9042313694953918
baseline,1,142,/home/nochi/NOCHI/M2_PAR/Apprenyissage_Pointcloud/Pointclouds-classification-with-the-POINTNET-Neural-network/PointNetLab/data/ModelNet10_PLY/bed/test/bed_0608.ply,1,1,bed,bed,0.9960081577301025
baseline,1,143,/home/nochi/NOCHI/M2_PAR/Apprenyissage_Pointcloud/Pointclouds-classification-with-the-POINTNET-Neural-network/PointNetLab/data/ModelNet10_PLY/bed/test/bed_0609.ply,1,1,bed,bed,0.9949347972869873
baseline,1,144,/home/nochi/NOCHI/M2_PAR/Apprenyissage_Pointcloud/Pointclouds-classification-with-the-POINTNET-Neural-network/PointNetLab/data/ModelNet10_PLY/bed/test/bed_0610.ply,1,1,bed,bed,0.9975342750549316
baseline,1,145,/home/nochi/NOCHI/M2_PAR/Apprenyissage_Pointcloud/Pointclouds-classification-with-the-POINTNET-Neural-network/PointNetLab/data/ModelNet10_PLY/bed/test/bed_0611.ply,1,1,bed,bed,0.8478325009346008
baseline,1,146,/home/nochi/NOCHI/M2_PAR/Apprenyissage_Pointcloud/Pointclouds-classification-with-the-POINTNET-Neural-network/PointNetLab/data/ModelNet10_PLY/bed/test/bed_0612.ply,1,1,bed,bed,0.7625165581703186
baseline,1,147,/home/nochi/NOCHI/M2_PAR/Apprenyissage_Pointcloud/Pointclouds-classification-with-the-POINTNET-Neural-network/PointNetLab/data/ModelNet10_PLY/bed/test/bed_0613.ply,1,1,bed,bed,0.9988192915916443
baseline,1,148,/home/nochi/NOCHI/M2_PAR/Apprenyissage_Pointcloud/Pointclouds-classification-with-the-POINTNET-Neural-network/PointNetLab/data/ModelNet10_PLY/bed/test/bed_0614.ply,1,1,bed,bed,0.9654663801193237
baseline,1,149,/home/nochi/NOCHI/M2_PAR/Apprenyissage_Pointcloud/Pointclouds-classification-with-the-POINTNET-Neural-network/PointNetLab/data/ModelNet10_PLY/bed/test/bed_0615.ply,1,1,bed,bed,0.9724159836769104
baseline,1,150,/home/nochi/NOCHI/M2_PAR/Apprenyissage_Pointcloud/Pointclouds-classification-with-the-POINTNET-Neural-network/PointNetLab/data/ModelNet10_PLY/chair/test/chair_0890.ply,2,2,chair,chair,0.999896764755249
baseline,1,151,/home/nochi/NOCHI/M2_PAR/Apprenyissage_Pointcloud/Pointclouds-classification-with-the-POINTNET-Neural-network/PointNetLab/data/ModelNet10_PLY/chair/test/chair_0891.ply,2,2,chair,chair,0.9985072016716003
baseline,1,152,/home/nochi/NOCHI/M2_PAR/Apprenyissage_Pointcloud/Pointclouds-classification-with-the-POINTNET-Neural-network/PointNetLab/data/ModelNet10_PLY/chair/test/chair_0892.ply,2,2,chair,chair,0.9913050532341003
baseline,1,153,/home/nochi/NOCHI/M2_PAR/Apprenyissage_Pointcloud/Pointclouds-classification-with-the-POINTNET-Neural-network/PointNetLab/data/ModelNet10_PLY/chair/test/chair_0893.ply,2,2,chair,chair,0.9979349374771118
baseline,1,154,/home/nochi/NOCHI/M2_PAR/Apprenyissage_Pointcloud/Pointclouds-classification-with-the-POINTNET-Neural-network/PointNetLab/data/ModelNet10_PLY/chair/test/chair_0894.ply,2,2,chair,chair,0.9997189044952393
baseline,1,155,/home/nochi/NOCHI/M2_PAR/Apprenyissage_Pointcloud/Pointclouds-classification-with-the-POINTNET-Neural-network/PointNetLab/data/ModelNet10_PLY/chair/test/chair_0895.ply,2,2,chair,chair,0.9601894021034241
baseline,1,156,/home/nochi/NOCHI/M2_PAR/Apprenyissage_Pointcloud/Pointclouds-classification-with-the-POINTNET-Neural-network/PointNetLab/data/ModelNet10_PLY/chair/test/chair_0896.ply,2,2,chair,chair,0.5553151369094849
baseline,1,157,/home/nochi/NOCHI/M2_PAR/Apprenyissage_Pointcloud/Pointclouds-classification-with-the-POINTNET-Neural-network/PointNetLab/data/ModelNet10_PLY/chair/test/chair_0897.ply,2,2,chair,chair,0.9452576041221619
baseline,1,158,/home/nochi/NOCHI/M2_PAR/Apprenyissage_Pointcloud/Pointclouds-classification-with-the-POINTNET-Neural-network/PointNetLab/data/ModelNet10_PLY/chair/test/chair_0898.ply,2,2,chair,chair,0.6035637855529785
baseline,1,159,/home/nochi/NOCHI/M2_PAR/Apprenyissage_Pointcloud/Pointclouds-classification-with-the-POINTNET-Neural-network/PointNetLab/data/ModelNet10_PLY/chair/test/chair_0899.ply,2,2,chair,chair,0.9996967315673828
baseline,1,160,/home/nochi/NOCHI/M2_PAR/Apprenyissage_Pointcloud/Pointclouds-classification-with-the-POINTNET-Neural-network/PointNetLab/data/ModelNet10_PLY/chair/test/chair_0900.ply,2,2,chair,chair,0.9984551668167114
baseline,1,161,/home/nochi/NOCHI/M2_PAR/Apprenyissage_Pointcloud/Pointclouds-classification-with-the-POINTNET-Neural-network/PointNetLab/data/ModelNet10_PLY/chair/test/chair_0901.ply,2,2,chair,chair,0.9995927810668945
baseline,1,162,/home/nochi/NOCHI/M2_PAR/Apprenyissage_Pointcloud/Pointclouds-classification-with-the-POINTNET-Neural-network/PointNetLab/data/ModelNet10_PLY/chair/test/chair_0902.ply,2,2,chair,chair,0.9996806383132935
baseline,1,163,/home/nochi/NOCHI/M2_PAR/Apprenyissage_Pointcloud/Pointclouds-classification-with-the-POINTNET-Neural-network/PointNetLab/data/ModelNet10_PLY/chair/test/chair_0903.ply,2,1,chair,bed,0.5977824926376343
baseline,1,164,/home/nochi/NOCHI/M2_PAR/Apprenyissage_Pointcloud/Pointclouds-classification-with-the-POINTNET-Neural-network/PointNetLab/data/ModelNet10_PLY/chair/test/chair_0904.ply,2,2,chair,chair,0.9993906617164612
baseline,1,165,/home/nochi/NOCHI/M2_PAR/Apprenyissage_Pointcloud/Pointclouds-classification-with-the-POINTNET-Neural-network/PointNetLab/data/ModelNet10_PLY/chair/test/chair_0905.ply,2,2,chair,chair,0.9988671541213989
baseline,1,166,/home/nochi/NOCHI/M2_PAR/Apprenyissage_Pointcloud/Pointclouds-classification-with-the-POINTNET-Neural-network/PointNetLab/data/ModelNet10_PLY/chair/test/chair_0906.ply,2,2,chair,chair,0.9777503609657288
baseline,1,167,/home/nochi/NOCHI/M2_PAR/Apprenyissage_Pointcloud/Pointclouds-classification-with-the-POINTNET-Neural-network/PointNetLab/data/ModelNet10_PLY/chair/test/chair_0907.ply,2,1,chair,bed,0.47671306133270264
baseline,1,168,/home/nochi/NOCHI/M2_PAR/Apprenyissage_Pointcloud/Pointclouds-classification-with-the-POINTNET-Neural-network/PointNetLab/data/ModelNet10_PLY/chair/test/chair_0908.ply,2,2,chair,chair,0.9976403713226318
baseline,1,169,/home/nochi/NOCHI/M2_PAR/Apprenyissage_Pointcloud/Pointclouds-classification-with-the-POINTNET-Neural-network/PointNetLab/data/ModelNet10_PLY/chair/test/chair_0909.ply,2,2,chair,chair,0.9996247887611389
baseline,1,170,/home/nochi/NOCHI/M2_PAR/Apprenyissage_Pointcloud/Pointclouds-classification-with-the-POINTNET-Neural-network/PointNetLab/data/ModelNet10_PLY/chair/test/chair_0910.ply,2,2,chair,chair,0.9993244409561157
baseline,1,171,/home/nochi/NOCHI/M2_PAR/Apprenyissage_Pointcloud/Pointclouds-classification-with-the-POINTNET-Neural-network/PointNetLab/data/ModelNet10_PLY/chair/test/chair_0911.ply,2,2,chair,chair,0.9997358918190002
baseline,1,172,/home/nochi/NOCHI/M2_PAR/Apprenyissage_Pointcloud/Pointclouds-classification-with-the-POINTNET-Neural-network/PointNetLab/data/ModelNet10_PLY/chair/test/chair_0912.ply,2,2,chair,chair,0.999611496925354
baseline,1,173,/home/nochi/NOCHI/M2_PAR/Apprenyissage_Pointcloud/Pointclouds-classification-with-the-POINTNET-Neural-network/PointNetLab/data/ModelNet10_PLY/chair/test/chair_0913.ply,2,2,chair,chair,0.8886573910713196
baseline,1,174,/home/nochi/NOCHI/M2_PAR/Apprenyissage_Pointcloud/Pointclouds-classification-with-the-POINTNET-Neural-network/PointNetLab/data/ModelNet10_PLY/chair/test/chair_0914.ply,2,2,chair,chair,0.9864294528961182
baseline,1,175,/home/nochi/NOCHI/M2_PAR/Apprenyissage_Pointcloud/Pointclouds-classification-with-the-POINTNET-Neural-network/PointNetLab/data/ModelNet10_PLY/chair/test/chair_0915.ply,2,2,chair,chair,0.5531668663024902
baseline,1,176,/home/nochi/NOCHI/M2_PAR/Apprenyissage_Pointcloud/Pointclouds-classification-with-the-POINTNET-Neural-network/PointNetLab/data/ModelNet10_PLY/chair/test/chair_0916.ply,2,2,chair,chair,0.9996720552444458
baseline,1,177,/home/nochi/NOCHI/M2_PAR/Apprenyissage_Pointcloud/Pointclouds-classification-with-the-POINTNET-Neural-network/PointNetLab/data/ModelNet10_PLY/chair/test/chair_0917.ply,2,2,chair,chair,0.9998591542243958
baseline,1,178,/home/nochi/NOCHI/M2_PAR/Apprenyissage_Pointcloud/Pointclouds-classification-with-the-POINTNET-Neural-network/PointNetLab/data/ModelNet10_PLY/chair/test/chair_0918.ply,2,2,chair,chair,0.9984011054039001
baseline,1,179,/home/nochi/NOCHI/M2_PAR/Apprenyissage_Pointcloud/Pointclouds-classification-with-the-POINTNET-Neural-network/PointNetLab/data/ModelNet10_PLY/chair/test/chair_0919.ply,2,2,chair,chair,0.9703602194786072
baseline,1,180,/home/nochi/NOCHI/M2_PAR/Apprenyissage_Pointcloud/Pointclouds-classification-with-the-POINTNET-Neural-network/PointNetLab/data/ModelNet10_PLY/chair/test/chair_0920.ply,2,2,chair,chair,0.9941800832748413
baseline,1,181,/home/nochi/NOCHI/M2_PAR/Apprenyissage_Pointcloud/Pointclouds-classification-with-the-POINTNET-Neural-network/PointNetLab/data/ModelNet10_PLY/chair/test/chair_0921.ply,2,2,chair,chair,0.9998268485069275
baseline,1,182,/home/nochi/NOCHI/M2_PAR/Apprenyissage_Pointcloud/Pointclouds-classification-with-the-POINTNET-Neural-network/PointNetLab/data/ModelNet10_PLY/chair/test/chair_0922.ply,2,2,chair,chair,0.9993645548820496
baseline,1,183,/home/nochi/NOCHI/M2_PAR/Apprenyissage_Pointcloud/Pointclouds-classification-with-the-POINTNET-Neural-network/PointNetLab/data/ModelNet10_PLY/chair/test/chair_0923.ply,2,2,chair,chair,0.996758222579956
baseline,1,184,/home/nochi/NOCHI/M2_PAR/Apprenyissage_Pointcloud/Pointclouds-classification-with-the-POINTNET-Neural-network/PointNetLab/data/ModelNet10_PLY/chair/test/chair_0924.ply,2,2,chair,chair,0.9998213052749634
baseline,1,185,/home/nochi/NOCHI/M2_PAR/Apprenyissage_Pointcloud/Pointclouds-classification-with-the-POINTNET-Neural-network/PointNetLab/data/ModelNet10_PLY/chair/test/chair_0925.ply,2,2,chair,chair,0.9998655319213867
baseline,1,186,/home/nochi/NOCHI/M2_PAR/Apprenyissage_Pointcloud/Pointclouds-classification-with-the-POINTNET-Neural-network/PointNetLab/data/ModelNet10_PLY/chair/test/chair_0926.ply,2,2,chair,chair,0.916825532913208
baseline,1,187,/home/nochi/NOCHI/M2_PAR/Apprenyissage_Pointcloud/Pointclouds-classification-with-the-POINTNET-Neural-network/PointNetLab/data/ModelNet10_PLY/chair/test/chair_0927.ply,2,2,chair,chair,0.9980663657188416
baseline,1,188,/home/nochi/NOCHI/M2_PAR/Apprenyissage_Pointcloud/Pointclouds-classification-with-the-POINTNET-Neural-network/PointNetLab/data/ModelNet10_PLY/chair/test/chair_0928.ply,2,2,chair,chair,0.9999526143074036
baseline,1,189,/home/nochi/NOCHI/M2_PAR/Apprenyissage_Pointcloud/Pointclouds-classification-with-the-POINTNET-Neural-network/PointNetLab/data/ModelNet10_PLY/chair/test/chair_0929.ply,2,2,chair,chair,0.9943227767944336
baseline,1,190,/home/nochi/NOCHI/M2_PAR/Apprenyissage_Pointcloud/Pointclouds-classification-with-the-POINTNET-Neural-network/PointNetLab/data/ModelNet10_PLY/chair/test/chair_0930.ply,2,2,chair,chair,0.9986660480499268
baseline,1,191,/home/nochi/NOCHI/M2_PAR/Apprenyissage_Pointcloud/Pointclouds-classification-with-the-POINTNET-Neural-network/PointNetLab/data/ModelNet10_PLY/chair/test/chair_0931.ply,2,2,chair,chair,0.9995846748352051
baseline,1,192,/home/nochi/NOCHI/M2_PAR/Apprenyissage_Pointcloud/Pointclouds-classification-with-the-POINTNET-Neural-network/PointNetLab/data/ModelNet10_PLY/chair/test/chair_0932.ply,2,2,chair,chair,0.9975987076759338
baseline,1,193,/home/nochi/NOCHI/M2_PAR/Apprenyissage_Pointcloud/Pointclouds-classification-with-the-POINTNET-Neural-network/PointNetLab/data/ModelNet10_PLY/chair/test/chair_0933.ply,2,2,chair,chair,0.9995077848434448
baseline,1,194,/home/nochi/NOCHI/M2_PAR/Apprenyissage_Pointcloud/Pointclouds-classification-with-the-POINTNET-Neural-network/PointNetLab/data/ModelNet10_PLY/chair/test/chair_0934.ply,2,2,chair,chair,0.9633914828300476
baseline,1,195,/home/nochi/NOCHI/M2_PAR/Apprenyissage_Pointcloud/Pointclouds-classification-with-the-POINTNET-Neural-network/PointNetLab/data/ModelNet10_PLY/chair/test/chair_0935.ply,2,2,chair,chair,0.9579212069511414
baseline,1,196,/home/nochi/NOCHI/M2_PAR/Apprenyissage_Pointcloud/Pointclouds-classification-with-the-POINTNET-Neural-network/PointNetLab/data/ModelNet10_PLY/chair/test/chair_0936.ply,2,2,chair,chair,0.9955154061317444
baseline,1,197,/home/nochi/NOCHI/M2_PAR/Apprenyissage_Pointcloud/Pointclouds-classification-with-the-POINTNET-Neural-network/PointNetLab/data/ModelNet10_PLY/chair/test/chair_0937.ply,2,2,chair,chair,0.9998490810394287
baseline,1,198,/home/nochi/NOCHI/M2_PAR/Apprenyissage_Pointcloud/Pointclouds-classification-with-the-POINTNET-Neural-network/PointNetLab/data/ModelNet10_PLY/chair/test/chair_0938.ply,2,2,chair,chair,0.9986562132835388
baseline,1,199,/home/nochi/NOCHI/M2_PAR/Apprenyissage_Pointcloud/Pointclouds-classification-with-the-POINTNET-Neural-network/PointNetLab/data/ModelNet10_PLY/chair/test/chair_0939.ply,2,2,chair,chair,0.9984062910079956
baseline,1,200,/home/nochi/NOCHI/M2_PAR/Apprenyissage_Pointcloud/Pointclouds-classification-with-the-POINTNET-Neural-network/PointNetLab/data/ModelNet10_PLY/chair/test/chair_0940.ply,2,2,chair,chair,0.9989499449729919
baseline,1,201,/home/nochi/NOCHI/M2_PAR/Apprenyissage_Pointcloud/Pointclouds-classification-with-the-POINTNET-Neural-network/PointNetLab/data/ModelNet10_PLY/chair/test/chair_0941.ply,2,2,chair,chair,0.9991124868392944
baseline,1,202,/home/nochi/NOCHI/M2_PAR/Apprenyissage_Pointcloud/Pointclouds-classification-with-the-POINTNET-Neural-network/PointNetLab/data/ModelNet10_PLY/chair/test/chair_0942.ply,2,2,chair,chair,0.9972808361053467
baseline,1,203,/home/nochi/NOCHI/M2_PAR/Apprenyissage_Pointcloud/Pointclouds-classification-with-the-POINTNET-Neural-network/PointNetLab/data/ModelNet10_PLY/chair/test/chair_0943.ply,2,2,chair,chair,0.9963048696517944
baseline,1,204,/home/nochi/NOCHI/M2_PAR/Apprenyissage_Pointcloud/Pointclouds-classification-with-the-POINTNET-Neural-network/PointNetLab/data/ModelNet10_PLY/chair/test/chair_0944.ply,2,2,chair,chair,0.9984897971153259
baseline,1,205,/home/nochi/NOCHI/M2_PAR/Apprenyissage_Pointcloud/Pointclouds-classification-with-the-POINTNET-Neural-network/PointNetLab/data/ModelNet10_PLY/chair/test/chair_0945.ply,2,2,chair,chair,0.998694121837616
baseline,1,206,/home/nochi/NOCHI/M2_PAR/Apprenyissage_Pointcloud/Pointclouds-classification-with-the-POINTNET-Neural-network/PointNetLab/data/ModelNet10_PLY/chair/test/chair_0946.ply,2,2,chair,chair,0.9983206987380981
baseline,1,207,/home/nochi/NOCHI/M2_PAR/Apprenyissage_Pointcloud/Pointclouds-classification-with-the-POINTNET-Neural-network/PointNetLab/data/ModelNet10_PLY/chair/test/chair_0947.ply,2,2,chair,chair,0.9808829426765442
baseline,1,208,/home/nochi/NOCHI/M2_PAR/Apprenyissage_Pointcloud/Pointclouds-classification-with-the-POINTNET-Neural-network/PointNetLab/data/ModelNet10_PLY/chair/test/chair_0948.ply,2,2,chair,chair,0.9931867122650146
baseline,1,209,/home/nochi/NOCHI/M2_PAR/Apprenyissage_Pointcloud/Pointclouds-classification-with-the-POINTNET-Neural-network/PointNetLab/data/ModelNet10_PLY/chair/test/chair_0949.ply,2,2,chair,chair,0.9992794394493103
baseline,1,210,/home/nochi/NOCHI/M2_PAR/Apprenyissage_Pointcloud/Pointclouds-classification-with-the-POINTNET-Neural-network/PointNetLab/data/ModelNet10_PLY/chair/test/chair_0950.ply,2,2,chair,chair,0.9923277497291565
baseline,1,211,/home/nochi/NOCHI/M2_PAR/Apprenyissage_Pointcloud/Pointclouds-classification-with-the-POINTNET-Neural-network/PointNetLab/data/ModelNet10_PLY/chair/test/chair_0951.ply,2,2,chair,chair,0.9987974166870117
baseline,1,212,/home/nochi/NOCHI/M2_PAR/Apprenyissage_Pointcloud/Pointclouds-classification-with-the-POINTNET-Neural-network/PointNetLab/data/ModelNet10_PLY/chair/test/chair_0952.ply,2,2,chair,chair,0.9993570446968079
baseline,1,213,/home/nochi/NOCHI/M2_PAR/Apprenyissage_Pointcloud/Pointclouds-classification-with-the-POINTNET-Neural-network/PointNetLab/data/ModelNet10_PLY/chair/test/chair_0953.ply,2,2,chair,chair,0.9951662421226501
baseline,1,214,/home/nochi/NOCHI/M2_PAR/Apprenyissage_Pointcloud/Pointclouds-classification-with-the-POINTNET-Neural-network/PointNetLab/data/ModelNet10_PLY/chair/test/chair_0954.ply,2,2,chair,chair,0.9974145293235779
baseline,1,215,/home/nochi/NOCHI/M2_PAR/Apprenyissage_Pointcloud/Pointclouds-classification-with-the-POINTNET-Neural-network/PointNetLab/data/ModelNet10_PLY/chair/test/chair_0955.ply,2,2,chair,chair,0.9925743341445923
baseline,1,216,/home/nochi/NOCHI/M2_PAR/Apprenyissage_Pointcloud/Pointclouds-classification-with-the-POINTNET-Neural-network/PointNetLab/data/ModelNet10_PLY/chair/test/chair_0956.ply,2,2,chair,chair,0.9998158812522888
baseline,1,217,/home/nochi/NOCHI/M2_PAR/Apprenyissage_Pointcloud/Pointclouds-classification-with-the-POINTNET-Neural-network/PointNetLab/data/ModelNet10_PLY/chair/test/chair_0957.ply,2,2,chair,chair,0.9996927976608276
baseline,1,218,/home/nochi/NOCHI/M2_PAR/Apprenyissage_Pointcloud/Pointclouds-classification-with-the-POINTNET-Neural-network/PointNetLab/data/ModelNet10_PLY/chair/test/chair_0958.ply,2,2,chair,chair,0.9869387745857239
baseline,1,219,/home/nochi/NOCHI/M2_PAR/Apprenyissage_Pointcloud/Pointclouds-classification-with-the-POINTNET-Neural-network/PointNetLab/data/ModelNet10_PLY/chair/test/chair_0959.ply,2,2,chair,chair,0.9993987679481506
baseline,1,220,/home/nochi/NOCHI/M2_PAR/Apprenyissage_Pointcloud/Pointclouds-classification-with-the-POINTNET-Neural-network/PointNetLab/data/ModelNet10_PLY/chair/test/chair_0960.ply,2,2,chair,chair,0.999366283416748
baseline,1,221,/home/nochi/NOCHI/M2_PAR/Apprenyissage_Pointcloud/Pointclouds-classification-with-the-POINTNET-Neural-network/PointNetLab/data/ModelNet10_PLY/chair/test/chair_0961.ply,2,2,chair,chair,0.9990897178649902
baseline,1,222,/home/nochi/NOCHI/M2_PAR/Apprenyissage_Pointcloud/Pointclouds-classification-with-the-POINTNET-Neural-network/PointNetLab/data/ModelNet10_PLY/chair/test/chair_0962.ply,2,2,chair,chair,0.9999088048934937
baseline,1,223,/home/nochi/NOCHI/M2_PAR/Apprenyissage_Pointcloud/Pointclouds-classification-with-the-POINTNET-Neural-network/PointNetLab/data/ModelNet10_PLY/chair/test/chair_0963.ply,2,2,chair,chair,0.9996617436408997
baseline,1,224,/home/nochi/NOCHI/M2_PAR/Apprenyissage_Pointcloud/Pointclouds-classification-with-the-POINTNET-Neural-network/PointNetLab/data/ModelNet10_PLY/chair/test/chair_0964.ply,2,2,chair,chair,0.9997647404670715
baseline,1,225,/home/nochi/NOCHI/M2_PAR/Apprenyissage_Pointcloud/Pointclouds-classification-with-the-POINTNET-Neural-network/PointNetLab/data/ModelNet10_PLY/chair/test/chair_0965.ply,2,2,chair,chair,0.9999799728393555
baseline,1,226,/home/nochi/NOCHI/M2_PAR/Apprenyissage_Pointcloud/Pointclouds-classification-with-the-POINTNET-Neural-network/PointNetLab/data/ModelNet10_PLY/chair/test/chair_0966.ply,2,2,chair,chair,0.9966141581535339
baseline,1,227,/home/nochi/NOCHI/M2_PAR/Apprenyissage_Pointcloud/Pointclouds-classification-with-the-POINTNET-Neural-network/PointNetLab/data/ModelNet10_PLY/chair/test/chair_0967.ply,2,2,chair,chair,0.9996857643127441
baseline,1,228,/home/nochi/NOCHI/M2_PAR/Apprenyissage_Pointcloud/Pointclouds-classification-with-the-POINTNET-Neural-network/PointNetLab/data/ModelNet10_PLY/chair/test/chair_0968.ply,2,2,chair,chair,0.9989664554595947
baseline,1,229,/home/nochi/NOCHI/M2_PAR/Apprenyissage_Pointcloud/Pointclouds-classification-with-the-POINTNET-Neural-network/PointNetLab/data/ModelNet10_PLY/chair/test/chair_0969.ply,2,2,chair,chair,0.9975412487983704
baseline,1,230,/home/nochi/NOCHI/M2_PAR/Apprenyissage_Pointcloud/Pointclouds-classification-with-the-POINTNET-Neural-network/PointNetLab/data/ModelNet10_PLY/chair/test/chair_0970.ply,2,2,chair,chair,0.9999451041221619
baseline,1,231,/home/nochi/NOCHI/M2_PAR/Apprenyissage_Pointcloud/Pointclouds-classification-with-the-POINTNET-Neural-network/PointNetLab/data/ModelNet10_PLY/chair/test/chair_0971.ply,2,2,chair,chair,0.9988585710525513
baseline,1,232,/home/nochi/NOCHI/M2_PAR/Apprenyissage_Pointcloud/Pointclouds-classification-with-the-POINTNET-Neural-network/PointNetLab/data/ModelNet10_PLY/chair/test/chair_0972.ply,2,2,chair,chair,0.9971789717674255
baseline,1,233,/home/nochi/NOCHI/M2_PAR/Apprenyissage_Pointcloud/Pointclouds-classification-with-the-POINTNET-Neural-network/PointNetLab/data/ModelNet10_PLY/chair/test/chair_0973.ply,2,2,chair,chair,0.9994435906410217
baseline,1,234,/home/nochi/NOCHI/M2_PAR/Apprenyissage_Pointcloud/Pointclouds-classification-with-the-POINTNET-Neural-network/PointNetLab/data/ModelNet10_PLY/chair/test/chair_0974.ply,2,2,chair,chair,0.9804227352142334
baseline,1,235,/home/nochi/NOCHI/M2_PAR/Apprenyissage_Pointcloud/Pointclouds-classification-with-the-POINTNET-Neural-network/PointNetLab/data/ModelNet10_PLY/chair/test/chair_0975.ply,2,2,chair,chair,0.9409326314926147
baseline,1,236,/home/nochi/NOCHI/M2_PAR/Apprenyissage_Pointcloud/Pointclouds-classification-with-the-POINTNET-Neural-network/PointNetLab/data/ModelNet10_PLY/chair/test/chair_0976.ply,2,2,chair,chair,0.7682174444198608
baseline,1,237,/home/nochi/NOCHI/M2_PAR/Apprenyissage_Pointcloud/Pointclouds-classification-with-the-POINTNET-Neural-network/PointNetLab/data/ModelNet10_PLY/chair/test/chair_0977.ply,2,2,chair,chair,0.9997409582138062
baseline,1,238,/home/nochi/NOCHI/M2_PAR/Apprenyissage_Pointcloud/Pointclouds-classification-with-the-POINTNET-Neural-network/PointNetLab/data/ModelNet10_PLY/chair/test/chair_0978.ply,2,2,chair,chair,0.9997773170471191
baseline,1,239,/home/nochi/NOCHI/M2_PAR/Apprenyissage_Pointcloud/Pointclouds-classification-with-the-POINTNET-Neural-network/PointNetLab/data/ModelNet10_PLY/chair/test/chair_0979.ply,2,2,chair,chair,0.9976686239242554
baseline,1,240,/home/nochi/NOCHI/M2_PAR/Apprenyissage_Pointcloud/Pointclouds-classification-with-the-POINTNET-Neural-network/PointNetLab/data/ModelNet10_PLY/chair/test/chair_0980.ply,2,2,chair,chair,0.9986976385116577
baseline,1,241,/home/nochi/NOCHI/M2_PAR/Apprenyissage_Pointcloud/Pointclouds-classification-with-the-POINTNET-Neural-network/PointNetLab/data/ModelNet10_PLY/chair/test/chair_0981.ply,2,2,chair,chair,0.9772416353225708
baseline,1,242,/home/nochi/NOCHI/M2_PAR/Apprenyissage_Pointcloud/Pointclouds-classification-with-the-POINTNET-Neural-network/PointNetLab/data/ModelNet10_PLY/chair/test/chair_0982.ply,2,2,chair,chair,0.9926000237464905
baseline,1,243,/home/nochi/NOCHI/M2_PAR/Apprenyissage_Pointcloud/Pointclouds-classification-with-the-POINTNET-Neural-network/PointNetLab/data/ModelNet10_PLY/chair/test/chair_0983.ply,2,2,chair,chair,0.9998214840888977
baseline,1,244,/home/nochi/NOCHI/M2_PAR/Apprenyissage_Pointcloud/Pointclouds-classification-with-the-POINTNET-Neural-network/PointNetLab/data/ModelNet10_PLY/chair/test/chair_0984.ply,2,2,chair,chair,0.9813885688781738
baseline,1,245,/home/nochi/NOCHI/M2_PAR/Apprenyissage_Pointcloud/Pointclouds-classification-with-the-POINTNET-Neural-network/PointNetLab/data/ModelNet10_PLY/chair/test/chair_0985.ply,2,2,chair,chair,0.9965257048606873
baseline,1,246,/home/nochi/NOCHI/M2_PAR/Apprenyissage_Pointcloud/Pointclouds-classification-with-the-POINTNET-Neural-network/PointNetLab/data/ModelNet10_PLY/chair/test/chair_0986.ply,2,2,chair,chair,0.9934529066085815
baseline,1,247,/home/nochi/NOCHI/M2_PAR/Apprenyissage_Pointcloud/Pointclouds-classification-with-the-POINTNET-Neural-network/PointNetLab/data/ModelNet10_PLY/chair/test/chair_0987.ply,2,2,chair,chair,0.99910968542099
baseline,1,248,/home/nochi/NOCHI/M2_PAR/Apprenyissage_Pointcloud/Pointclouds-classification-with-the-POINTNET-Neural-network/PointNetLab/data/ModelNet10_PLY/chair/test/chair_0988.ply,2,2,chair,chair,0.9994219541549683
baseline,1,249,/home/nochi/NOCHI/M2_PAR/Apprenyissage_Pointcloud/Pointclouds-classification-with-the-POINTNET-Neural-network/PointNetLab/data/ModelNet10_PLY/chair/test/chair_0989.ply,2,2,chair,chair,0.9999122619628906
baseline,1,250,/home/nochi/NOCHI/M2_PAR/Apprenyissage_Pointcloud/Pointclouds-classification-with-the-POINTNET-Neural-network/PointNetLab/data/ModelNet10_PLY/desk/test/desk_0201.ply,3,3,desk,desk,0.959051251411438
baseline,1,251,/home/nochi/NOCHI/M2_PAR/Apprenyissage_Pointcloud/Pointclouds-classification-with-the-POINTNET-Neural-network/PointNetLab/data/ModelNet10_PLY/desk/test/desk_0202.ply,3,8,desk,table,0.9847044944763184
baseline,1,252,/home/nochi/NOCHI/M2_PAR/Apprenyissage_Pointcloud/Pointclouds-classification-with-the-POINTNET-Neural-network/PointNetLab/data/ModelNet10_PLY/desk/test/desk_0203.ply,3,3,desk,desk,0.9190039038658142
baseline,1,253,/home/nochi/NOCHI/M2_PAR/Apprenyissage_Pointcloud/Pointclouds-classification-with-the-POINTNET-Neural-network/PointNetLab/data/ModelNet10_PLY/desk/test/desk_0204.ply,3,4,desk,dresser,0.5265302062034607
baseline,1,254,/home/nochi/NOCHI/M2_PAR/Apprenyissage_Pointcloud/Pointclouds-classification-with-the-POINTNET-Neural-network/PointNetLab/data/ModelNet10_PLY/desk/test/desk_0205.ply,3,6,desk,night_stand,0.5308139324188232
baseline,1,255,/home/nochi/NOCHI/M2_PAR/Apprenyissage_Pointcloud/Pointclouds-classification-with-the-POINTNET-Neural-network/PointNetLab/data/ModelNet10_PLY/desk/test/desk_0206.ply,3,3,desk,desk,0.951650857925415
baseline,1,256,/home/nochi/NOCHI/M2_PAR/Apprenyissage_Pointcloud/Pointclouds-classification-with-the-POINTNET-Neural-network/PointNetLab/data/ModelNet10_PLY/desk/test/desk_0207.ply,3,3,desk,desk,0.6989191174507141
baseline,1,257,/home/nochi/NOCHI/M2_PAR/Apprenyissage_Pointcloud/Pointclouds-classification-with-the-POINTNET-Neural-network/PointNetLab/data/ModelNet10_PLY/desk/test/desk_0208.ply,3,3,desk,desk,0.9493123888969421
baseline,1,258,/home/nochi/NOCHI/M2_PAR/Apprenyissage_Pointcloud/Pointclouds-classification-with-the-POINTNET-Neural-network/PointNetLab/data/ModelNet10_PLY/desk/test/desk_0209.ply,3,3,desk,desk,0.8761672973632812
baseline,1,259,/home/nochi/NOCHI/M2_PAR/Apprenyissage_Pointcloud/Pointclouds-classification-with-the-POINTNET-Neural-network/PointNetLab/data/ModelNet10_PLY/desk/test/desk_0210.ply,3,7,desk,sofa,0.9850507974624634
baseline,1,260,/home/nochi/NOCHI/M2_PAR/Apprenyissage_Pointcloud/Pointclouds-classification-with-the-POINTNET-Neural-network/PointNetLab/data/ModelNet10_PLY/desk/test/desk_0211.ply,3,8,desk,table,0.9761674404144287
baseline,1,261,/home/nochi/NOCHI/M2_PAR/Apprenyissage_Pointcloud/Pointclouds-classification-with-the-POINTNET-Neural-network/PointNetLab/data/ModelNet10_PLY/desk/test/desk_0212.ply,3,3,desk,desk,0.7163033485412598
baseline,1,262,/home/nochi/NOCHI/M2_PAR/Apprenyissage_Pointcloud/Pointclouds-classification-with-the-POINTNET-Neural-network/PointNetLab/data/ModelNet10_PLY/desk/test/desk_0213.ply,3,3,desk,desk,0.9580711722373962
baseline,1,263,/home/nochi/NOCHI/M2_PAR/Apprenyissage_Pointcloud/Pointclouds-classification-with-the-POINTNET-Neural-network/PointNetLab/data/ModelNet10_PLY/desk/test/desk_0214.ply,3,3,desk,desk,0.9189644455909729
baseline,1,264,/home/nochi/NOCHI/M2_PAR/Apprenyissage_Pointcloud/Pointclouds-classification-with-the-POINTNET-Neural-network/PointNetLab/data/ModelNet10_PLY/desk/test/desk_0215.ply,3,3,desk,desk,0.9333750009536743
baseline,1,265,/home/nochi/NOCHI/M2_PAR/Apprenyissage_Pointcloud/Pointclouds-classification-with-the-POINTNET-Neural-network/PointNetLab/data/ModelNet10_PLY/desk/test/desk_0216.ply,3,3,desk,desk,0.817143440246582
baseline,1,266,/home/nochi/NOCHI/M2_PAR/Apprenyissage_Pointcloud/Pointclouds-classification-with-the-POINTNET-Neural-network/PointNetLab/data/ModelNet10_PLY/desk/test/desk_0217.ply,3,3,desk,desk,0.5515047311782837
baseline,1,267,/home/nochi/NOCHI/M2_PAR/Apprenyissage_Pointcloud/Pointclouds-classification-with-the-POINTNET-Neural-network/PointNetLab/data/ModelNet10_PLY/desk/test/desk_0218.ply,3,8,desk,table,0.8199023604393005
baseline,1,268,/home/nochi/NOCHI/M2_PAR/Apprenyissage_Pointcloud/Pointclouds-classification-with-the-POINTNET-Neural-network/PointNetLab/data/ModelNet10_PLY/desk/test/desk_0219.ply,3,3,desk,desk,0.9331147074699402
baseline,1,269,/home/nochi/NOCHI/M2_PAR/Apprenyissage_Pointcloud/Pointclouds-classification-with-the-POINTNET-Neural-network/PointNetLab/data/ModelNet10_PLY/desk/test/desk_0220.ply,3,3,desk,desk,0.7282542586326599
baseline,1,270,/home/nochi/NOCHI/M2_PAR/Apprenyissage_Pointcloud/Pointclouds-classification-with-the-POINTNET-Neural-network/PointNetLab/data/ModelNet10_PLY/desk/test/desk_0221.ply,3,3,desk,desk,0.7354457378387451
baseline,1,271,/home/nochi/NOCHI/M2_PAR/Apprenyissage_Pointcloud/Pointclouds-classification-with-the-POINTNET-Neural-network/PointNetLab/data/ModelNet10_PLY/desk/test/desk_0222.ply,3,8,desk,table,0.7410399913787842
baseline,1,272,/home/nochi/NOCHI/M2_PAR/Apprenyissage_Pointcloud/Pointclouds-classification-with-the-POINTNET-Neural-network/PointNetLab/data/ModelNet10_PLY/desk/test/desk_0223.ply,3,3,desk,desk,0.7881984710693359
baseline,1,273,/home/nochi/NOCHI/M2_PAR/Apprenyissage_Pointcloud/Pointclouds-classification-with-the-POINTNET-Neural-network/PointNetLab/data/ModelNet10_PLY/desk/test/desk_0224.ply,3,8,desk,table,0.911421537399292
baseline,1,274,/home/nochi/NOCHI/M2_PAR/Apprenyissage_Pointcloud/Pointclouds-classification-with-the-POINTNET-Neural-network/PointNetLab/data/ModelNet10_PLY/desk/test/desk_0225.ply,3,3,desk,desk,0.5528560876846313
baseline,1,275,/home/nochi/NOCHI/M2_PAR/Apprenyissage_Pointcloud/Pointclouds-classification-with-the-POINTNET-Neural-network/PointNetLab/data/ModelNet10_PLY/desk/test/desk_0226.ply,3,3,desk,desk,0.9647244811058044
baseline,1,276,/home/nochi/NOCHI/M2_PAR/Apprenyissage_Pointcloud/Pointclouds-classification-with-the-POINTNET-Neural-network/PointNetLab/data/ModelNet10_PLY/desk/test/desk_0227.ply,3,3,desk,desk,0.8319552540779114
baseline,1,277,/home/nochi/NOCHI/M2_PAR/Apprenyissage_Pointcloud/Pointclouds-classification-with-the-POINTNET-Neural-network/PointNetLab/data/ModelNet10_PLY/desk/test/desk_0228.ply,3,3,desk,desk,0.6974649429321289
baseline,1,278,/home/nochi/NOCHI/M2_PAR/Apprenyissage_Pointcloud/Pointclouds-classification-with-the-POINTNET-Neural-network/PointNetLab/data/ModelNet10_PLY/desk/test/desk_0229.ply,3,3,desk,desk,0.9708557724952698
baseline,1,279,/home/nochi/NOCHI/M2_PAR/Apprenyissage_Pointcloud/Pointclouds-classification-with-the-POINTNET-Neural-network/PointNetLab/data/ModelNet10_PLY/desk/test/desk_0230.ply,3,3,desk,desk,0.9254445433616638
baseline,1,280,/home/nochi/NOCHI/M2_PAR/Apprenyissage_Pointcloud/Pointclouds-classification-with-the-POINTNET-Neural-network/PointNetLab/data/ModelNet10_PLY/desk/test/desk_0231.ply,3,3,desk,desk,0.8475057482719421
baseline,1,281,/home/nochi/NOCHI/M2_PAR/Apprenyissage_Pointcloud/Pointclouds-classification-with-the-POINTNET-Neural-network/PointNetLab/data/ModelNet10_PLY/desk/test/desk_0232.ply,3,3,desk,desk,0.5058063864707947
baseline,1,282,/home/nochi/NOCHI/M2_PAR/Apprenyissage_Pointcloud/Pointclouds-classification-with-the-POINTNET-Neural-network/PointNetLab/data/ModelNet10_PLY/desk/test/desk_0233.ply,3,8,desk,table,0.34748685359954834
baseline,1,283,/home/nochi/NOCHI/M2_PAR/Apprenyissage_Pointcloud/Pointclouds-classification-with-the-POINTNET-Neural-network/PointNetLab/data/ModelNet10_PLY/desk/test/desk_0234.ply,3,6,desk,night_stand,0.5317900776863098
baseline,1,284,/home/nochi/NOCHI/M2_PAR/Apprenyissage_Pointcloud/Pointclouds-classification-with-the-POINTNET-Neural-network/PointNetLab/data/ModelNet10_PLY/desk/test/desk_0235.ply,3,3,desk,desk,0.9141569137573242
baseline,1,285,/home/nochi/NOCHI/M2_PAR/Apprenyissage_Pointcloud/Pointclouds-classification-with-the-POINTNET-Neural-network/PointNetLab/data/ModelNet10_PLY/desk/test/desk_0236.ply,3,8,desk,table,0.4998074471950531
baseline,1,286,/home/nochi/NOCHI/M2_PAR/Apprenyissage_Pointcloud/Pointclouds-classification-with-the-POINTNET-Neural-network/PointNetLab/data/ModelNet10_PLY/desk/test/desk_0237.ply,3,3,desk,desk,0.9237768054008484
baseline,1,287,/home/nochi/NOCHI/M2_PAR/Apprenyissage_Pointcloud/Pointclouds-classification-with-the-POINTNET-Neural-network/PointNetLab/data/ModelNet10_PLY/desk/test/desk_0238.ply,3,3,desk,desk,0.9241864681243896
baseline,1,288,/home/nochi/NOCHI/M2_PAR/Apprenyissage_Pointcloud/Pointclouds-classification-with-the-POINTNET-Neural-network/PointNetLab/data/ModelNet10_PLY/desk/test/desk_0239.ply,3,3,desk,desk,0.6104298233985901
baseline,1,289,/home/nochi/NOCHI/M2_PAR/Apprenyissage_Pointcloud/Pointclouds-classification-with-the-POINTNET-Neural-network/PointNetLab/data/ModelNet10_PLY/desk/test/desk_0240.ply,3,3,desk,desk,0.9322360157966614
baseline,1,290,/home/nochi/NOCHI/M2_PAR/Apprenyissage_Pointcloud/Pointclouds-classification-with-the-POINTNET-Neural-network/PointNetLab/data/ModelNet10_PLY/desk/test/desk_0241.ply,3,3,desk,desk,0.927431046962738
baseline,1,291,/home/nochi/NOCHI/M2_PAR/Apprenyissage_Pointcloud/Pointclouds-classification-with-the-POINTNET-Neural-network/PointNetLab/data/ModelNet10_PLY/desk/test/desk_0242.ply,3,8,desk,table,0.8864960074424744
baseline,1,292,/home/nochi/NOCHI/M2_PAR/Apprenyissage_Pointcloud/Pointclouds-classification-with-the-POINTNET-Neural-network/PointNetLab/data/ModelNet10_PLY/desk/test/desk_0243.ply,3,3,desk,desk,0.760752260684967
baseline,1,293,/home/nochi/NOCHI/M2_PAR/Apprenyissage_Pointcloud/Pointclouds-classification-with-the-POINTNET-Neural-network/PointNetLab/data/ModelNet10_PLY/desk/test/desk_0244.ply,3,8,desk,table,0.7101061940193176
baseline,1,294,/home/nochi/NOCHI/M2_PAR/Apprenyissage_Pointcloud/Pointclouds-classification-with-the-POINTNET-Neural-network/PointNetLab/data/ModelNet10_PLY/desk/test/desk_0245.ply,3,8,desk,table,0.7007905840873718
baseline,1,295,/home/nochi/NOCHI/M2_PAR/Apprenyissage_Pointcloud/Pointclouds-classification-with-the-POINTNET-Neural-network/PointNetLab/data/ModelNet10_PLY/desk/test/desk_0246.ply,3,8,desk,table,0.9229609966278076
baseline,1,296,/home/nochi/NOCHI/M2_PAR/Apprenyissage_Pointcloud/Pointclouds-classification-with-the-POINTNET-Neural-network/PointNetLab/data/ModelNet10_PLY/desk/test/desk_0247.ply,3,7,desk,sofa,0.9311875700950623
baseline,1,297,/home/nochi/NOCHI/M2_PAR/Apprenyissage_Pointcloud/Pointclouds-classification-with-the-POINTNET-Neural-network/PointNetLab/data/ModelNet10_PLY/desk/test/desk_0248.ply,3,3,desk,desk,0.9734833836555481
baseline,1,298,/home/nochi/NOCHI/M2_PAR/Apprenyissage_Pointcloud/Pointclouds-classification-with-the-POINTNET-Neural-network/PointNetLab/data/ModelNet10_PLY/desk/test/desk_0249.ply,3,8,desk,table,0.942730188369751
baseline,1,299,/home/nochi/NOCHI/M2_PAR/Apprenyissage_Pointcloud/Pointclouds-classification-with-the-POINTNET-Neural-network/PointNetLab/data/ModelNet10_PLY/desk/test/desk_0250.ply,3,3,desk,desk,0.916063666343689
baseline,1,300,/home/nochi/NOCHI/M2_PAR/Apprenyissage_Pointcloud/Pointclouds-classification-with-the-POINTNET-Neural-network/PointNetLab/data/ModelNet10_PLY/desk/test/desk_0251.ply,3,8,desk,table,0.9100344181060791
baseline,1,301,/home/nochi/NOCHI/M2_PAR/Apprenyissage_Pointcloud/Pointclouds-classification-with-the-POINTNET-Neural-network/PointNetLab/data/ModelNet10_PLY/desk/test/desk_0252.ply,3,4,desk,dresser,0.6082515716552734
baseline,1,302,/home/nochi/NOCHI/M2_PAR/Apprenyissage_Pointcloud/Pointclouds-classification-with-the-POINTNET-Neural-network/PointNetLab/data/ModelNet10_PLY/desk/test/desk_0253.ply,3,3,desk,desk,0.8685489892959595
baseline,1,303,/home/nochi/NOCHI/M2_PAR/Apprenyissage_Pointcloud/Pointclouds-classification-with-the-POINTNET-Neural-network/PointNetLab/data/ModelNet10_PLY/desk/test/desk_0254.ply,3,3,desk,desk,0.8263593912124634
baseline,1,304,/home/nochi/NOCHI/M2_PAR/Apprenyissage_Pointcloud/Pointclouds-classification-with-the-POINTNET-Neural-network/PointNetLab/data/ModelNet10_PLY/desk/test/desk_0255.ply,3,3,desk,desk,0.9561842083930969
baseline,1,305,/home/nochi/NOCHI/M2_PAR/Apprenyissage_Pointcloud/Pointclouds-classification-with-the-POINTNET-Neural-network/PointNetLab/data/ModelNet10_PLY/desk/test/desk_0256.ply,3,3,desk,desk,0.5611681342124939
baseline,1,306,/home/nochi/NOCHI/M2_PAR/Apprenyissage_Pointcloud/Pointclouds-classification-with-the-POINTNET-Neural-network/PointNetLab/data/ModelNet10_PLY/desk/test/desk_0257.ply,3,3,desk,desk,0.8255149722099304
baseline,1,307,/home/nochi/NOCHI/M2_PAR/Apprenyissage_Pointcloud/Pointclouds-classification-with-the-POINTNET-Neural-network/PointNetLab/data/ModelNet10_PLY/desk/test/desk_0258.ply,3,3,desk,desk,0.8911128044128418
baseline,1,308,/home/nochi/NOCHI/M2_PAR/Apprenyissage_Pointcloud/Pointclouds-classification-with-the-POINTNET-Neural-network/PointNetLab/data/ModelNet10_PLY/desk/test/desk_0259.ply,3,4,desk,dresser,0.38983356952667236
baseline,1,309,/home/nochi/NOCHI/M2_PAR/Apprenyissage_Pointcloud/Pointclouds-classification-with-the-POINTNET-Neural-network/PointNetLab/data/ModelNet10_PLY/desk/test/desk_0260.ply,3,3,desk,desk,0.8207515478134155
baseline,1,310,/home/nochi/NOCHI/M2_PAR/Apprenyissage_Pointcloud/Pointclouds-classification-with-the-POINTNET-Neural-network/PointNetLab/data/ModelNet10_PLY/desk/test/desk_0261.ply,3,3,desk,desk,0.9742233753204346
baseline,1,311,/home/nochi/NOCHI/M2_PAR/Apprenyissage_Pointcloud/Pointclouds-classification-with-the-POINTNET-Neural-network/PointNetLab/data/ModelNet10_PLY/desk/test/desk_0262.ply,3,8,desk,table,0.7117944955825806
baseline,1,312,/home/nochi/NOCHI/M2_PAR/Apprenyissage_Pointcloud/Pointclouds-classification-with-the-POINTNET-Neural-network/PointNetLab/data/ModelNet10_PLY/desk/test/desk_0263.ply,3,8,desk,table,0.6802425980567932
baseline,1,313,/home/nochi/NOCHI/M2_PAR/Apprenyissage_Pointcloud/Pointclouds-classification-with-the-POINTNET-Neural-network/PointNetLab/data/ModelNet10_PLY/desk/test/desk_0264.ply,3,3,desk,desk,0.9581307768821716
baseline,1,314,/home/nochi/NOCHI/M2_PAR/Apprenyissage_Pointcloud/Pointclouds-classification-with-the-POINTNET-Neural-network/PointNetLab/data/ModelNet10_PLY/desk/test/desk_0265.ply,3,6,desk,night_stand,0.6434011459350586
baseline,1,315,/home/nochi/NOCHI/M2_PAR/Apprenyissage_Pointcloud/Pointclouds-classification-with-the-POINTNET-Neural-network/PointNetLab/data/ModelNet10_PLY/desk/test/desk_0266.ply,3,4,desk,dresser,0.5775523781776428
baseline,1,316,/home/nochi/NOCHI/M2_PAR/Apprenyissage_Pointcloud/Pointclouds-classification-with-the-POINTNET-Neural-network/PointNetLab/data/ModelNet10_PLY/desk/test/desk_0267.ply,3,8,desk,table,0.9288490414619446
baseline,1,317,/home/nochi/NOCHI/M2_PAR/Apprenyissage_Pointcloud/Pointclouds-classification-with-the-POINTNET-Neural-network/PointNetLab/data/ModelNet10_PLY/desk/test/desk_0268.ply,3,6,desk,night_stand,0.5144528150558472
baseline,1,318,/home/nochi/NOCHI/M2_PAR/Apprenyissage_Pointcloud/Pointclouds-classification-with-the-POINTNET-Neural-network/PointNetLab/data/ModelNet10_PLY/desk/test/desk_0269.ply,3,3,desk,desk,0.7413861155509949
baseline,1,319,/home/nochi/NOCHI/M2_PAR/Apprenyissage_Pointcloud/Pointclouds-classification-with-the-POINTNET-Neural-network/PointNetLab/data/ModelNet10_PLY/desk/test/desk_0270.ply,3,8,desk,table,0.7678172588348389
baseline,1,320,/home/nochi/NOCHI/M2_PAR/Apprenyissage_Pointcloud/Pointclouds-classification-with-the-POINTNET-Neural-network/PointNetLab/data/ModelNet10_PLY/desk/test/desk_0271.ply,3,3,desk,desk,0.729462206363678
baseline,1,321,/home/nochi/NOCHI/M2_PAR/Apprenyissage_Pointcloud/Pointclouds-classification-with-the-POINTNET-Neural-network/PointNetLab/data/ModelNet10_PLY/desk/test/desk_0272.ply,3,3,desk,desk,0.8803129196166992
baseline,1,322,/home/nochi/NOCHI/M2_PAR/Apprenyissage_Pointcloud/Pointclouds-classification-with-the-POINTNET-Neural-network/PointNetLab/data/ModelNet10_PLY/desk/test/desk_0273.ply,3,3,desk,desk,0.8616322875022888
baseline,1,323,/home/nochi/NOCHI/M2_PAR/Apprenyissage_Pointcloud/Pointclouds-classification-with-the-POINTNET-Neural-network/PointNetLab/data/ModelNet10_PLY/desk/test/desk_0274.ply,3,3,desk,desk,0.3603709042072296
baseline,1,324,/home/nochi/NOCHI/M2_PAR/Apprenyissage_Pointcloud/Pointclouds-classification-with-the-POINTNET-Neural-network/PointNetLab/data/ModelNet10_PLY/desk/test/desk_0275.ply,3,3,desk,desk,0.9810311794281006
baseline,1,325,/home/nochi/NOCHI/M2_PAR/Apprenyissage_Pointcloud/Pointclouds-classification-with-the-POINTNET-Neural-network/PointNetLab/data/ModelNet10_PLY/desk/test/desk_0276.ply,3,3,desk,desk,0.8210386037826538
baseline,1,326,/home/nochi/NOCHI/M2_PAR/Apprenyissage_Pointcloud/Pointclouds-classification-with-the-POINTNET-Neural-network/PointNetLab/data/ModelNet10_PLY/desk/test/desk_0277.ply,3,3,desk,desk,0.9566230177879333
baseline,1,327,/home/nochi/NOCHI/M2_PAR/Apprenyissage_Pointcloud/Pointclouds-classification-with-the-POINTNET-Neural-network/PointNetLab/data/ModelNet10_PLY/desk/test/desk_0278.ply,3,3,desk,desk,0.8486410975456238
baseline,1,328,/home/nochi/NOCHI/M2_PAR/Apprenyissage_Pointcloud/Pointclouds-classification-with-the-POINTNET-Neural-network/PointNetLab/data/ModelNet10_PLY/desk/test/desk_0279.ply,3,2,desk,chair,0.41213440895080566
baseline,1,329,/home/nochi/NOCHI/M2_PAR/Apprenyissage_Pointcloud/Pointclouds-classification-with-the-POINTNET-Neural-network/PointNetLab/data/ModelNet10_PLY/desk/test/desk_0280.ply,3,8,desk,table,0.861439049243927
baseline,1,330,/home/nochi/NOCHI/M2_PAR/Apprenyissage_Pointcloud/Pointclouds-classification-with-the-POINTNET-Neural-network/PointNetLab/data/ModelNet10_PLY/desk/test/desk_0281.ply,3,3,desk,desk,0.9389351010322571
baseline,1,331,/home/nochi/NOCHI/M2_PAR/Apprenyissage_Pointcloud/Pointclouds-classification-with-the-POINTNET-Neural-network/PointNetLab/data/ModelNet10_PLY/desk/test/desk_0282.ply,3,3,desk,desk,0.541613757610321
baseline,1,332,/home/nochi/NOCHI/M2_PAR/Apprenyissage_Pointcloud/Pointclouds-classification-with-the-POINTNET-Neural-network/PointNetLab/data/ModelNet10_PLY/desk/test/desk_0283.ply,3,8,desk,table,0.8170570731163025
baseline,1,333,/home/nochi/NOCHI/M2_PAR/Apprenyissage_Pointcloud/Pointclouds-classification-with-the-POINTNET-Neural-network/PointNetLab/data/ModelNet10_PLY/desk/test/desk_0284.ply,3,3,desk,desk,0.8771359920501709
baseline,1,334,/home/nochi/NOCHI/M2_PAR/Apprenyissage_Pointcloud/Pointclouds-classification-with-the-POINTNET-Neural-network/PointNetLab/data/ModelNet10_PLY/desk/test/desk_0285.ply,3,3,desk,desk,0.9377337694168091
baseline,1,335,/home/nochi/NOCHI/M2_PAR/Apprenyissage_Pointcloud/Pointclouds-classification-with-the-POINTNET-Neural-network/PointNetLab/data/ModelNet10_PLY/desk/test/desk_0286.ply,3,3,desk,desk,0.9516018629074097
baseline,1,336,/home/nochi/NOCHI/M2_PAR/Apprenyissage_Pointcloud/Pointclouds-classification-with-the-POINTNET-Neural-network/PointNetLab/data/ModelNet10_PLY/dresser/test/dresser_0201.ply,4,4,dresser,dresser,0.5680781602859497
baseline,1,337,/home/nochi/NOCHI/M2_PAR/Apprenyissage_Pointcloud/Pointclouds-classification-with-the-POINTNET-Neural-network/PointNetLab/data/ModelNet10_PLY/dresser/test/dresser_0202.ply,4,6,dresser,night_stand,0.6580965518951416
baseline,1,338,/home/nochi/NOCHI/M2_PAR/Apprenyissage_Pointcloud/Pointclouds-classification-with-the-POINTNET-Neural-network/PointNetLab/data/ModelNet10_PLY/dresser/test/dresser_0203.ply,4,4,dresser,dresser,0.5889861583709717
baseline,1,339,/home/nochi/NOCHI/M2_PAR/Apprenyissage_Pointcloud/Pointclouds-classification-with-the-POINTNET-Neural-network/PointNetLab/data/ModelNet10_PLY/dresser/test/dresser_0204.ply,4,4,dresser,dresser,0.7145195603370667
baseline,1,340,/home/nochi/NOCHI/M2_PAR/Apprenyissage_Pointcloud/Pointclouds-classification-with-the-POINTNET-Neural-network/PointNetLab/data/ModelNet10_PLY/dresser/test/dresser_0205.ply,4,4,dresser,dresser,0.6876158714294434
baseline,1,341,/home/nochi/NOCHI/M2_PAR/Apprenyissage_Pointcloud/Pointclouds-classification-with-the-POINTNET-Neural-network/PointNetLab/data/ModelNet10_PLY/dresser/test/dresser_0206.ply,4,6,dresser,night_stand,0.5922980904579163
baseline,1,342,/home/nochi/NOCHI/M2_PAR/Apprenyissage_Pointcloud/Pointclouds-classification-with-the-POINTNET-Neural-network/PointNetLab/data/ModelNet10_PLY/dresser/test/dresser_0207.ply,4,4,dresser,dresser,0.7424476146697998
baseline,1,343,/home/nochi/NOCHI/M2_PAR/Apprenyissage_Pointcloud/Pointclouds-classification-with-the-POINTNET-Neural-network/PointNetLab/data/ModelNet10_PLY/dresser/test/dresser_0208.ply,4,6,dresser,night_stand,0.581498384475708
baseline,1,344,/home/nochi/NOCHI/M2_PAR/Apprenyissage_Pointcloud/Pointclouds-classification-with-the-POINTNET-Neural-network/PointNetLab/data/ModelNet10_PLY/dresser/test/dresser_0209.ply,4,4,dresser,dresser,0.6525785326957703
baseline,1,345,/home/nochi/NOCHI/M2_PAR/Apprenyissage_Pointcloud/Pointclouds-classification-with-the-POINTNET-Neural-network/PointNetLab/data/ModelNet10_PLY/dresser/test/dresser_0210.ply,4,4,dresser,dresser,0.4872620403766632
baseline,1,346,/home/nochi/NOCHI/M2_PAR/Apprenyissage_Pointcloud/Pointclouds-classification-with-the-POINTNET-Neural-network/PointNetLab/data/ModelNet10_PLY/dresser/test/dresser_0211.ply,4,4,dresser,dresser,0.5871264338493347
baseline,1,347,/home/nochi/NOCHI/M2_PAR/Apprenyissage_Pointcloud/Pointclouds-classification-with-the-POINTNET-Neural-network/PointNetLab/data/ModelNet10_PLY/dresser/test/dresser_0212.ply,4,8,dresser,table,0.8876173496246338
baseline,1,348,/home/nochi/NOCHI/M2_PAR/Apprenyissage_Pointcloud/Pointclouds-classification-with-the-POINTNET-Neural-network/PointNetLab/data/ModelNet10_PLY/dresser/test/dresser_0213.ply,4,4,dresser,dresser,0.6682248711585999
baseline,1,349,/home/nochi/NOCHI/M2_PAR/Apprenyissage_Pointcloud/Pointclouds-classification-with-the-POINTNET-Neural-network/PointNetLab/data/ModelNet10_PLY/dresser/test/dresser_0214.ply,4,4,dresser,dresser,0.6294792890548706
baseline,1,350,/home/nochi/NOCHI/M2_PAR/Apprenyissage_Pointcloud/Pointclouds-classification-with-the-POINTNET-Neural-network/PointNetLab/data/ModelNet10_PLY/dresser/test/dresser_0215.ply,4,4,dresser,dresser,0.5878255367279053
baseline,1,351,/home/nochi/NOCHI/M2_PAR/Apprenyissage_Pointcloud/Pointclouds-classification-with-the-POINTNET-Neural-network/PointNetLab/data/ModelNet10_PLY/dresser/test/dresser_0216.ply,4,4,dresser,dresser,0.43887487053871155
baseline,1,352,/home/nochi/NOCHI/M2_PAR/Apprenyissage_Pointcloud/Pointclouds-classification-with-the-POINTNET-Neural-network/PointNetLab/data/ModelNet10_PLY/dresser/test/dresser_0217.ply,4,4,dresser,dresser,0.5170490741729736
baseline,1,353,/home/nochi/NOCHI/M2_PAR/Apprenyissage_Pointcloud/Pointclouds-classification-with-the-POINTNET-Neural-network/PointNetLab/data/ModelNet10_PLY/dresser/test/dresser_0218.ply,4,5,dresser,monitor,0.6277903318405151
baseline,1,354,/home/nochi/NOCHI/M2_PAR/Apprenyissage_Pointcloud/Pointclouds-classification-with-the-POINTNET-Neural-network/PointNetLab/data/ModelNet10_PLY/dresser/test/dresser_0219.ply,4,6,dresser,night_stand,0.7880561351776123
baseline,1,355,/home/nochi/NOCHI/M2_PAR/Apprenyissage_Pointcloud/Pointclouds-classification-with-the-POINTNET-Neural-network/PointNetLab/data/ModelNet10_PLY/dresser/test/dresser_0220.ply,4,3,dresser,desk,0.511847198009491
baseline,1,356,/home/nochi/NOCHI/M2_PAR/Apprenyissage_Pointcloud/Pointclouds-classification-with-the-POINTNET-Neural-network/PointNetLab/data/ModelNet10_PLY/dresser/test/dresser_0221.ply,4,6,dresser,night_stand,0.4969041645526886
baseline,1,357,/home/nochi/NOCHI/M2_PAR/Apprenyissage_Pointcloud/Pointclouds-classification-with-the-POINTNET-Neural-network/PointNetLab/data/ModelNet10_PLY/dresser/test/dresser_0222.ply,4,4,dresser,dresser,0.7276964783668518
baseline,1,358,/home/nochi/NOCHI/M2_PAR/Apprenyissage_Pointcloud/Pointclouds-classification-with-the-POINTNET-Neural-network/PointNetLab/data/ModelNet10_PLY/dresser/test/dresser_0223.ply,4,6,dresser,night_stand,0.6148170232772827
baseline,1,359,/home/nochi/NOCHI/M2_PAR/Apprenyissage_Pointcloud/Pointclouds-classification-with-the-POINTNET-Neural-network/PointNetLab/data/ModelNet10_PLY/dresser/test/dresser_0224.ply,4,6,dresser,night_stand,0.6561833024024963
baseline,1,360,/home/nochi/NOCHI/M2_PAR/Apprenyissage_Pointcloud/Pointclouds-classification-with-the-POINTNET-Neural-network/PointNetLab/data/ModelNet10_PLY/dresser/test/dresser_0225.ply,4,6,dresser,night_stand,0.5890921354293823
baseline,1,361,/home/nochi/NOCHI/M2_PAR/Apprenyissage_Pointcloud/Pointclouds-classification-with-the-POINTNET-Neural-network/PointNetLab/data/ModelNet10_PLY/dresser/test/dresser_0226.ply,4,4,dresser,dresser,0.7426052689552307
baseline,1,362,/home/nochi/NOCHI/M2_PAR/Apprenyissage_Pointcloud/Pointclouds-classification-with-the-POINTNET-Neural-network/PointNetLab/data/ModelNet10_PLY/dresser/test/dresser_0227.ply,4,6,dresser,night_stand,0.7679845094680786
baseline,1,363,/home/nochi/NOCHI/M2_PAR/Apprenyissage_Pointcloud/Pointclouds-classification-with-the-POINTNET-Neural-network/PointNetLab/data/ModelNet10_PLY/dresser/test/dresser_0228.ply,4,4,dresser,dresser,0.5859407782554626
baseline,1,364,/home/nochi/NOCHI/M2_PAR/Apprenyissage_Pointcloud/Pointclouds-classification-with-the-POINTNET-Neural-network/PointNetLab/data/ModelNet10_PLY/dresser/test/dresser_0229.ply,4,4,dresser,dresser,0.5659499168395996
baseline,1,365,/home/nochi/NOCHI/M2_PAR/Apprenyissage_Pointcloud/Pointclouds-classification-with-the-POINTNET-Neural-network/PointNetLab/data/ModelNet10_PLY/dresser/test/dresser_0230.ply,4,4,dresser,dresser,0.7337526679039001
baseline,1,366,/home/nochi/NOCHI/M2_PAR/Apprenyissage_Pointcloud/Pointclouds-classification-with-the-POINTNET-Neural-network/PointNetLab/data/ModelNet10_PLY/dresser/test/dresser_0231.ply,4,4,dresser,dresser,0.6590268015861511
baseline,1,367,/home/nochi/NOCHI/M2_PAR/Apprenyissage_Pointcloud/Pointclouds-classification-with-the-POINTNET-Neural-network/PointNetLab/data/ModelNet10_PLY/dresser/test/dresser_0232.ply,4,4,dresser,dresser,0.6393584609031677
baseline,1,368,/home/nochi/NOCHI/M2_PAR/Apprenyissage_Pointcloud/Pointclouds-classification-with-the-POINTNET-Neural-network/PointNetLab/data/ModelNet10_PLY/dresser/test/dresser_0233.ply,4,9,dresser,toilet,0.3591407537460327
baseline,1,369,/home/nochi/NOCHI/M2_PAR/Apprenyissage_Pointcloud/Pointclouds-classification-with-the-POINTNET-Neural-network/PointNetLab/data/ModelNet10_PLY/dresser/test/dresser_0234.ply,4,4,dresser,dresser,0.4986935257911682
baseline,1,370,/home/nochi/NOCHI/M2_PAR/Apprenyissage_Pointcloud/Pointclouds-classification-with-the-POINTNET-Neural-network/PointNetLab/data/ModelNet10_PLY/dresser/test/dresser_0235.ply,4,6,dresser,night_stand,0.6535499095916748
baseline,1,371,/home/nochi/NOCHI/M2_PAR/Apprenyissage_Pointcloud/Pointclouds-classification-with-the-POINTNET-Neural-network/PointNetLab/data/ModelNet10_PLY/dresser/test/dresser_0236.ply,4,6,dresser,night_stand,0.6745398640632629
baseline,1,372,/home/nochi/NOCHI/M2_PAR/Apprenyissage_Pointcloud/Pointclouds-classification-with-the-POINTNET-Neural-network/PointNetLab/data/ModelNet10_PLY/dresser/test/dresser_0237.ply,4,4,dresser,dresser,0.6969127655029297
baseline,1,373,/home/nochi/NOCHI/M2_PAR/Apprenyissage_Pointcloud/Pointclouds-classification-with-the-POINTNET-Neural-network/PointNetLab/data/ModelNet10_PLY/dresser/test/dresser_0238.ply,4,4,dresser,dresser,0.7133504748344421
baseline,1,374,/home/nochi/NOCHI/M2_PAR/Apprenyissage_Pointcloud/Pointclouds-classification-with-the-POINTNET-Neural-network/PointNetLab/data/ModelNet10_PLY/dresser/test/dresser_0239.ply,4,4,dresser,dresser,0.657288134098053
baseline,1,375,/home/nochi/NOCHI/M2_PAR/Apprenyissage_Pointcloud/Pointclouds-classification-with-the-POINTNET-Neural-network/PointNetLab/data/ModelNet10_PLY/dresser/test/dresser_0240.ply,4,6,dresser,night_stand,0.5013790130615234
baseline,1,376,/home/nochi/NOCHI/M2_PAR/Apprenyissage_Pointcloud/Pointclouds-classification-with-the-POINTNET-Neural-network/PointNetLab/data/ModelNet10_PLY/dresser/test/dresser_0241.ply,4,4,dresser,dresser,0.5746027827262878
baseline,1,377,/home/nochi/NOCHI/M2_PAR/Apprenyissage_Pointcloud/Pointclouds-classification-with-the-POINTNET-Neural-network/PointNetLab/data/ModelNet10_PLY/dresser/test/dresser_0242.ply,4,4,dresser,dresser,0.583450198173523
baseline,1,378,/home/nochi/NOCHI/M2_PAR/Apprenyissage_Pointcloud/Pointclouds-classification-with-the-POINTNET-Neural-network/PointNetLab/data/ModelNet10_PLY/dresser/test/dresser_0243.ply,4,4,dresser,dresser,0.6349639892578125
baseline,1,379,/home/nochi/NOCHI/M2_PAR/Apprenyissage_Pointcloud/Pointclouds-classification-with-the-POINTNET-Neural-network/PointNetLab/data/ModelNet10_PLY/dresser/test/dresser_0244.ply,4,4,dresser,dresser,0.7316848635673523
baseline,1,380,/home/nochi/NOCHI/M2_PAR/Apprenyissage_Pointcloud/Pointclouds-classification-with-the-POINTNET-Neural-network/PointNetLab/data/ModelNet10_PLY/dresser/test/dresser_0245.ply,4,4,dresser,dresser,0.7183206677436829
baseline,1,381,/home/nochi/NOCHI/M2_PAR/Apprenyissage_Pointcloud/Pointclouds-classification-with-the-POINTNET-Neural-network/PointNetLab/data/ModelNet10_PLY/dresser/test/dresser_0246.ply,4,6,dresser,night_stand,0.6103217005729675
baseline,1,382,/home/nochi/NOCHI/M2_PAR/Apprenyissage_Pointcloud/Pointclouds-classification-with-the-POINTNET-Neural-network/PointNetLab/data/ModelNet10_PLY/dresser/test/dresser_0247.ply,4,4,dresser,dresser,0.7374168634414673
baseline,1,383,/home/nochi/NOCHI/M2_PAR/Apprenyissage_Pointcloud/Pointclouds-classification-with-the-POINTNET-Neural-network/PointNetLab/data/ModelNet10_PLY/dresser/test/dresser_0248.ply,4,4,dresser,dresser,0.4866027235984802
baseline,1,384,/home/nochi/NOCHI/M2_PAR/Apprenyissage_Pointcloud/Pointclouds-classification-with-the-POINTNET-Neural-network/PointNetLab/data/ModelNet10_PLY/dresser/test/dresser_0249.ply,4,4,dresser,dresser,0.7252355217933655
baseline,1,385,/home/nochi/NOCHI/M2_PAR/Apprenyissage_Pointcloud/Pointclouds-classification-with-the-POINTNET-Neural-network/PointNetLab/data/ModelNet10_PLY/dresser/test/dresser_0250.ply,4,6,dresser,night_stand,0.49184441566467285
baseline,1,386,/home/nochi/NOCHI/M2_PAR/Apprenyissage_Pointcloud/Pointclouds-classification-with-the-POINTNET-Neural-network/PointNetLab/data/ModelNet10_PLY/dresser/test/dresser_0251.ply,4,4,dresser,dresser,0.705674409866333
baseline,1,387,/home/nochi/NOCHI/M2_PAR/Apprenyissage_Pointcloud/Pointclouds-classification-with-the-POINTNET-Neural-network/PointNetLab/data/ModelNet10_PLY/dresser/test/dresser_0252.ply,4,4,dresser,dresser,0.6416070461273193
baseline,1,388,/home/nochi/NOCHI/M2_PAR/Apprenyissage_Pointcloud/Pointclouds-classification-with-the-POINTNET-Neural-network/PointNetLab/data/ModelNet10_PLY/dresser/test/dresser_0253.ply,4,4,dresser,dresser,0.6387456059455872
baseline,1,389,/home/nochi/NOCHI/M2_PAR/Apprenyissage_Pointcloud/Pointclouds-classification-with-the-POINTNET-Neural-network/PointNetLab/data/ModelNet10_PLY/dresser/test/dresser_0254.ply,4,4,dresser,dresser,0.5061173439025879
baseline,1,390,/home/nochi/NOCHI/M2_PAR/Apprenyissage_Pointcloud/Pointclouds-classification-with-the-POINTNET-Neural-network/PointNetLab/data/ModelNet10_PLY/dresser/test/dresser_0255.ply,4,4,dresser,dresser,0.6669607162475586
baseline,1,391,/home/nochi/NOCHI/M2_PAR/Apprenyissage_Pointcloud/Pointclouds-classification-with-the-POINTNET-Neural-network/PointNetLab/data/ModelNet10_PLY/dresser/test/dresser_0256.ply,4,4,dresser,dresser,0.5077807307243347
baseline,1,392,/home/nochi/NOCHI/M2_PAR/Apprenyissage_Pointcloud/Pointclouds-classification-with-the-POINTNET-Neural-network/PointNetLab/data/ModelNet10_PLY/dresser/test/dresser_0257.ply,4,6,dresser,night_stand,0.5570840239524841
baseline,1,393,/home/nochi/NOCHI/M2_PAR/Apprenyissage_Pointcloud/Pointclouds-classification-with-the-POINTNET-Neural-network/PointNetLab/data/ModelNet10_PLY/dresser/test/dresser_0258.ply,4,7,dresser,sofa,0.8692547082901001
baseline,1,394,/home/nochi/NOCHI/M2_PAR/Apprenyissage_Pointcloud/Pointclouds-classification-with-the-POINTNET-Neural-network/PointNetLab/data/ModelNet10_PLY/dresser/test/dresser_0259.ply,4,6,dresser,night_stand,0.5066527128219604
baseline,1,395,/home/nochi/NOCHI/M2_PAR/Apprenyissage_Pointcloud/Pointclouds-classification-with-the-POINTNET-Neural-network/PointNetLab/data/ModelNet10_PLY/dresser/test/dresser_0260.ply,4,4,dresser,dresser,0.5129794478416443
baseline,1,396,/home/nochi/NOCHI/M2_PAR/Apprenyissage_Pointcloud/Pointclouds-classification-with-the-POINTNET-Neural-network/PointNetLab/data/ModelNet10_PLY/dresser/test/dresser_0261.ply,4,4,dresser,dresser,0.6669606566429138
baseline,1,397,/home/nochi/NOCHI/M2_PAR/Apprenyissage_Pointcloud/Pointclouds-classification-with-the-POINTNET-Neural-network/PointNetLab/data/ModelNet10_PLY/dresser/test/dresser_0262.ply,4,4,dresser,dresser,0.6904721260070801
baseline,1,398,/home/nochi/NOCHI/M2_PAR/Apprenyissage_Pointcloud/Pointclouds-classification-with-the-POINTNET-Neural-network/PointNetLab/data/ModelNet10_PLY/dresser/test/dresser_0263.ply,4,4,dresser,dresser,0.6981415152549744
baseline,1,399,/home/nochi/NOCHI/M2_PAR/Apprenyissage_Pointcloud/Pointclouds-classification-with-the-POINTNET-Neural-network/PointNetLab/data/ModelNet10_PLY/dresser/test/dresser_0264.ply,4,4,dresser,dresser,0.55888432264328
baseline,1,400,/home/nochi/NOCHI/M2_PAR/Apprenyissage_Pointcloud/Pointclouds-classification-with-the-POINTNET-Neural-network/PointNetLab/data/ModelNet10_PLY/dresser/test/dresser_0265.ply,4,4,dresser,dresser,0.6890066862106323
baseline,1,401,/home/nochi/NOCHI/M2_PAR/Apprenyissage_Pointcloud/Pointclouds-classification-with-the-POINTNET-Neural-network/PointNetLab/data/ModelNet10_PLY/dresser/test/dresser_0266.ply,4,4,dresser,dresser,0.6755778789520264
baseline,1,402,/home/nochi/NOCHI/M2_PAR/Apprenyissage_Pointcloud/Pointclouds-classification-with-the-POINTNET-Neural-network/PointNetLab/data/ModelNet10_PLY/dresser/test/dresser_0267.ply,4,4,dresser,dresser,0.5326902270317078
baseline,1,403,/home/nochi/NOCHI/M2_PAR/Apprenyissage_Pointcloud/Pointclouds-classification-with-the-POINTNET-Neural-network/PointNetLab/data/ModelNet10_PLY/dresser/test/dresser_0268.ply,4,4,dresser,dresser,0.5517348051071167
baseline,1,404,/home/nochi/NOCHI/M2_PAR/Apprenyissage_Pointcloud/Pointclouds-classification-with-the-POINTNET-Neural-network/PointNetLab/data/ModelNet10_PLY/dresser/test/dresser_0269.ply,4,4,dresser,dresser,0.6013877987861633
baseline,1,405,/home/nochi/NOCHI/M2_PAR/Apprenyissage_Pointcloud/Pointclouds-classification-with-the-POINTNET-Neural-network/PointNetLab/data/ModelNet10_PLY/dresser/test/dresser_0270.ply,4,6,dresser,night_stand,0.551555871963501
baseline,1,406,/home/nochi/NOCHI/M2_PAR/Apprenyissage_Pointcloud/Pointclouds-classification-with-the-POINTNET-Neural-network/PointNetLab/data/ModelNet10_PLY/dresser/test/dresser_0271.ply,4,4,dresser,dresser,0.745406985282898
baseline,1,407,/home/nochi/NOCHI/M2_PAR/Apprenyissage_Pointcloud/Pointclouds-classification-with-the-POINTNET-Neural-network/PointNetLab/data/ModelNet10_PLY/dresser/test/dresser_0272.ply,4,6,dresser,night_stand,0.7399546504020691
baseline,1,408,/home/nochi/NOCHI/M2_PAR/Apprenyissage_Pointcloud/Pointclouds-classification-with-the-POINTNET-Neural-network/PointNetLab/data/ModelNet10_PLY/dresser/test/dresser_0273.ply,4,6,dresser,night_stand,0.5257632732391357
baseline,1,409,/home/nochi/NOCHI/M2_PAR/Apprenyissage_Pointcloud/Pointclouds-classification-with-the-POINTNET-Neural-network/PointNetLab/data/ModelNet10_PLY/dresser/test/dresser_0274.ply,4,6,dresser,night_stand,0.50107741355896
baseline,1,410,/home/nochi/NOCHI/M2_PAR/Apprenyissage_Pointcloud/Pointclouds-classification-with-the-POINTNET-Neural-network/PointNetLab/data/ModelNet10_PLY/dresser/test/dresser_0275.ply,4,4,dresser,dresser,0.7089911103248596
baseline,1,411,/home/nochi/NOCHI/M2_PAR/Apprenyissage_Pointcloud/Pointclouds-classification-with-the-POINTNET-Neural-network/PointNetLab/data/ModelNet10_PLY/dresser/test/dresser_0276.ply,4,4,dresser,dresser,0.6114768385887146
baseline,1,412,/home/nochi/NOCHI/M2_PAR/Apprenyissage_Pointcloud/Pointclouds-classification-with-the-POINTNET-Neural-network/PointNetLab/data/ModelNet10_PLY/dresser/test/dresser_0277.ply,4,6,dresser,night_stand,0.7212149500846863
baseline,1,413,/home/nochi/NOCHI/M2_PAR/Apprenyissage_Pointcloud/Pointclouds-classification-with-the-POINTNET-Neural-network/PointNetLab/data/ModelNet10_PLY/dresser/test/dresser_0278.ply,4,6,dresser,night_stand,0.5949755907058716
baseline,1,414,/home/nochi/NOCHI/M2_PAR/Apprenyissage_Pointcloud/Pointclouds-classification-with-the-POINTNET-Neural-network/PointNetLab/data/ModelNet10_PLY/dresser/test/dresser_0279.ply,4,4,dresser,dresser,0.6920259594917297
baseline,1,415,/home/nochi/NOCHI/M2_PAR/Apprenyissage_Pointcloud/Pointclouds-classification-with-the-POINTNET-Neural-network/PointNetLab/data/ModelNet10_PLY/dresser/test/dresser_0280.ply,4,4,dresser,dresser,0.47831615805625916
baseline,1,416,/home/nochi/NOCHI/M2_PAR/Apprenyissage_Pointcloud/Pointclouds-classification-with-the-POINTNET-Neural-network/PointNetLab/data/ModelNet10_PLY/dresser/test/dresser_0281.ply,4,4,dresser,dresser,0.5385617613792419
baseline,1,417,/home/nochi/NOCHI/M2_PAR/Apprenyissage_Pointcloud/Pointclouds-classification-with-the-POINTNET-Neural-network/PointNetLab/data/ModelNet10_PLY/dresser/test/dresser_0282.ply,4,6,dresser,night_stand,0.49543094635009766
baseline,1,418,/home/nochi/NOCHI/M2_PAR/Apprenyissage_Pointcloud/Pointclouds-classification-with-the-POINTNET-Neural-network/PointNetLab/data/ModelNet10_PLY/dresser/test/dresser_0283.ply,4,4,dresser,dresser,0.7485229969024658
baseline,1,419,/home/nochi/NOCHI/M2_PAR/Apprenyissage_Pointcloud/Pointclouds-classification-with-the-POINTNET-Neural-network/PointNetLab/data/ModelNet10_PLY/dresser/test/dresser_0284.ply,4,6,dresser,night_stand,0.5262395739555359
baseline,1,420,/home/nochi/NOCHI/M2_PAR/Apprenyissage_Pointcloud/Pointclouds-classification-with-the-POINTNET-Neural-network/PointNetLab/data/ModelNet10_PLY/dresser/test/dresser_0285.ply,4,6,dresser,night_stand,0.727056086063385
baseline,1,421,/home/nochi/NOCHI/M2_PAR/Apprenyissage_Pointcloud/Pointclouds-classification-with-the-POINTNET-Neural-network/PointNetLab/data/ModelNet10_PLY/dresser/test/dresser_0286.ply,4,3,dresser,desk,0.37924832105636597
baseline,1,422,/home/nochi/NOCHI/M2_PAR/Apprenyissage_Pointcloud/Pointclouds-classification-with-the-POINTNET-Neural-network/PointNetLab/data/ModelNet10_PLY/monitor/test/monitor_0466.ply,5,3,monitor,desk,0.30981114506721497
baseline,1,423,/home/nochi/NOCHI/M2_PAR/Apprenyissage_Pointcloud/Pointclouds-classification-with-the-POINTNET-Neural-network/PointNetLab/data/ModelNet10_PLY/monitor/test/monitor_0467.ply,5,5,monitor,monitor,0.9984944462776184
baseline,1,424,/home/nochi/NOCHI/M2_PAR/Apprenyissage_Pointcloud/Pointclouds-classification-with-the-POINTNET-Neural-network/PointNetLab/data/ModelNet10_PLY/monitor/test/monitor_0468.ply,5,5,monitor,monitor,0.9993060827255249
baseline,1,425,/home/nochi/NOCHI/M2_PAR/Apprenyissage_Pointcloud/Pointclouds-classification-with-the-POINTNET-Neural-network/PointNetLab/data/ModelNet10_PLY/monitor/test/monitor_0469.ply,5,5,monitor,monitor,0.9987205266952515
baseline,1,426,/home/nochi/NOCHI/M2_PAR/Apprenyissage_Pointcloud/Pointclouds-classification-with-the-POINTNET-Neural-network/PointNetLab/data/ModelNet10_PLY/monitor/test/monitor_0470.ply,5,5,monitor,monitor,0.9587491154670715
baseline,1,427,/home/nochi/NOCHI/M2_PAR/Apprenyissage_Pointcloud/Pointclouds-classification-with-the-POINTNET-Neural-network/PointNetLab/data/ModelNet10_PLY/monitor/test/monitor_0471.ply,5,5,monitor,monitor,0.9985629320144653
baseline,1,428,/home/nochi/NOCHI/M2_PAR/Apprenyissage_Pointcloud/Pointclouds-classification-with-the-POINTNET-Neural-network/PointNetLab/data/ModelNet10_PLY/monitor/test/monitor_0472.ply,5,4,monitor,dresser,0.5123752355575562
baseline,1,429,/home/nochi/NOCHI/M2_PAR/Apprenyissage_Pointcloud/Pointclouds-classification-with-the-POINTNET-Neural-network/PointNetLab/data/ModelNet10_PLY/monitor/test/monitor_0473.ply,5,5,monitor,monitor,0.9976592659950256
baseline,1,430,/home/nochi/NOCHI/M2_PAR/Apprenyissage_Pointcloud/Pointclouds-classification-with-the-POINTNET-Neural-network/PointNetLab/data/ModelNet10_PLY/monitor/test/monitor_0474.ply,5,5,monitor,monitor,0.989198625087738
baseline,1,431,/home/nochi/NOCHI/M2_PAR/Apprenyissage_Pointcloud/Pointclouds-classification-with-the-POINTNET-Neural-network/PointNetLab/data/ModelNet10_PLY/monitor/test/monitor_0475.ply,5,5,monitor,monitor,0.9983074069023132
baseline,1,432,/home/nochi/NOCHI/M2_PAR/Apprenyissage_Pointcloud/Pointclouds-classification-with-the-POINTNET-Neural-network/PointNetLab/data/ModelNet10_PLY/monitor/test/monitor_0476.ply,5,5,monitor,monitor,0.9992072582244873
baseline,1,433,/home/nochi/NOCHI/M2_PAR/Apprenyissage_Pointcloud/Pointclouds-classification-with-the-POINTNET-Neural-network/PointNetLab/data/ModelNet10_PLY/monitor/test/monitor_0477.ply,5,5,monitor,monitor,0.9961663484573364
baseline,1,434,/home/nochi/NOCHI/M2_PAR/Apprenyissage_Pointcloud/Pointclouds-classification-with-the-POINTNET-Neural-network/PointNetLab/data/ModelNet10_PLY/monitor/test/monitor_0478.ply,5,5,monitor,monitor,0.9993823766708374
baseline,1,435,/home/nochi/NOCHI/M2_PAR/Apprenyissage_Pointcloud/Pointclouds-classification-with-the-POINTNET-Neural-network/PointNetLab/data/ModelNet10_PLY/monitor/test/monitor_0479.ply,5,5,monitor,monitor,0.9989674687385559
baseline,1,436,/home/nochi/NOCHI/M2_PAR/Apprenyissage_Pointcloud/Pointclouds-classification-with-the-POINTNET-Neural-network/PointNetLab/data/ModelNet10_PLY/monitor/test/monitor_0480.ply,5,5,monitor,monitor,0.9991977214813232
baseline,1,437,/home/nochi/NOCHI/M2_PAR/Apprenyissage_Pointcloud/Pointclouds-classification-with-the-POINTNET-Neural-network/PointNetLab/data/ModelNet10_PLY/monitor/test/monitor_0481.ply,5,5,monitor,monitor,0.9641380906105042
baseline,1,438,/home/nochi/NOCHI/M2_PAR/Apprenyissage_Pointcloud/Pointclouds-classification-with-the-POINTNET-Neural-network/PointNetLab/data/ModelNet10_PLY/monitor/test/monitor_0482.ply,5,5,monitor,monitor,0.9018766283988953
baseline,1,439,/home/nochi/NOCHI/M2_PAR/Apprenyissage_Pointcloud/Pointclouds-classification-with-the-POINTNET-Neural-network/PointNetLab/data/ModelNet10_PLY/monitor/test/monitor_0483.ply,5,5,monitor,monitor,0.9367323517799377
baseline,1,440,/home/nochi/NOCHI/M2_PAR/Apprenyissage_Pointcloud/Pointclouds-classification-with-the-POINTNET-Neural-network/PointNetLab/data/ModelNet10_PLY/monitor/test/monitor_0484.ply,5,5,monitor,monitor,0.9990646243095398
baseline,1,441,/home/nochi/NOCHI/M2_PAR/Apprenyissage_Pointcloud/Pointclouds-classification-with-the-POINTNET-Neural-network/PointNetLab/data/ModelNet10_PLY/monitor/test/monitor_0485.ply,5,5,monitor,monitor,0.9961974620819092
baseline,1,442,/home/nochi/NOCHI/M2_PAR/Apprenyissage_Pointcloud/Pointclouds-classification-with-the-POINTNET-Neural-network/PointNetLab/data/ModelNet10_PLY/monitor/test/monitor_0486.ply,5,5,monitor,monitor,0.9886437058448792
baseline,1,443,/home/nochi/NOCHI/M2_PAR/Apprenyissage_Pointcloud/Pointclouds-classification-with-the-POINTNET-Neural-network/PointNetLab/data/ModelNet10_PLY/monitor/test/monitor_0487.ply,5,5,monitor,monitor,0.9927962422370911
baseline,1,444,/home/nochi/NOCHI/M2_PAR/Apprenyissage_Pointcloud/Pointclouds-classification-with-the-POINTNET-Neural-network/PointNetLab/data/ModelNet10_PLY/monitor/test/monitor_0488.ply,5,5,monitor,monitor,0.3684466779232025
baseline,1,445,/home/nochi/NOCHI/M2_PAR/Apprenyissage_Pointcloud/Pointclouds-classification-with-the-POINTNET-Neural-network/PointNetLab/data/ModelNet10_PLY/monitor/test/monitor_0489.ply,5,5,monitor,monitor,0.9884988069534302
baseline,1,446,/home/nochi/NOCHI/M2_PAR/Apprenyissage_Pointcloud/Pointclouds-classification-with-the-POINTNET-Neural-network/PointNetLab/data/ModelNet10_PLY/monitor/test/monitor_0490.ply,5,5,monitor,monitor,0.6291040778160095
baseline,1,447,/home/nochi/NOCHI/M2_PAR/Apprenyissage_Pointcloud/Pointclouds-classification-with-the-POINTNET-Neural-network/PointNetLab/data/ModelNet10_PLY/monitor/test/monitor_0491.ply,5,4,monitor,dresser,0.4093526303768158
baseline,1,448,/home/nochi/NOCHI/M2_PAR/Apprenyissage_Pointcloud/Pointclouds-classification-with-the-POINTNET-Neural-network/PointNetLab/data/ModelNet10_PLY/monitor/test/monitor_0492.ply,5,5,monitor,monitor,0.9894616007804871
baseline,1,449,/home/nochi/NOCHI/M2_PAR/Apprenyissage_Pointcloud/Pointclouds-classification-with-the-POINTNET-Neural-network/PointNetLab/data/ModelNet10_PLY/monitor/test/monitor_0493.ply,5,5,monitor,monitor,0.9974564909934998
baseline,1,450,/home/nochi/NOCHI/M2_PAR/Apprenyissage_Pointcloud/Pointclouds-classification-with-the-POINTNET-Neural-network/PointNetLab/data/ModelNet10_PLY/monitor/test/monitor_0494.ply,5,5,monitor,monitor,0.9343385100364685
baseline,1,451,/home/nochi/NOCHI/M2_PAR/Apprenyissage_Pointcloud/Pointclouds-classification-with-the-POINTNET-Neural-network/PointNetLab/data/ModelNet10_PLY/monitor/test/monitor_0495.ply,5,5,monitor,monitor,0.9992371797561646
baseline,1,452,/home/nochi/NOCHI/M2_PAR/Apprenyissage_Pointcloud/Pointclouds-classification-with-the-POINTNET-Neural-network/PointNetLab/data/ModelNet10_PLY/monitor/test/monitor_0496.ply,5,9,monitor,toilet,0.8680627346038818
baseline,1,453,/home/nochi/NOCHI/M2_PAR/Apprenyissage_Pointcloud/Pointclouds-classification-with-the-POINTNET-Neural-network/PointNetLab/data/ModelNet10_PLY/monitor/test/monitor_0497.ply,5,5,monitor,monitor,0.4465453624725342
baseline,1,454,/home/nochi/NOCHI/M2_PAR/Apprenyissage_Pointcloud/Pointclouds-classification-with-the-POINTNET-Neural-network/PointNetLab/data/ModelNet10_PLY/monitor/test/monitor_0498.ply,5,5,monitor,monitor,0.9291079044342041
baseline,1,455,/home/nochi/NOCHI/M2_PAR/Apprenyissage_Pointcloud/Pointclouds-classification-with-the-POINTNET-Neural-network/PointNetLab/data/ModelNet10_PLY/monitor/test/monitor_0499.ply,5,5,monitor,monitor,0.9932184815406799
baseline,1,456,/home/nochi/NOCHI/M2_PAR/Apprenyissage_Pointcloud/Pointclouds-classification-with-the-POINTNET-Neural-network/PointNetLab/data/ModelNet10_PLY/monitor/test/monitor_0500.ply,5,5,monitor,monitor,0.7770380973815918
baseline,1,457,/home/nochi/NOCHI/M2_PAR/Apprenyissage_Pointcloud/Pointclouds-classification-with-the-POINTNET-Neural-network/PointNetLab/data/ModelNet10_PLY/monitor/test/monitor_0501.ply,5,5,monitor,monitor,0.9820531606674194
baseline,1,458,/home/nochi/NOCHI/M2_PAR/Apprenyissage_Pointcloud/Pointclouds-classification-with-the-POINTNET-Neural-network/PointNetLab/data/ModelNet10_PLY/monitor/test/monitor_0502.ply,5,5,monitor,monitor,0.9990010261535645
baseline,1,459,/home/nochi/NOCHI/M2_PAR/Apprenyissage_Pointcloud/Pointclouds-classification-with-the-POINTNET-Neural-network/PointNetLab/data/ModelNet10_PLY/monitor/test/monitor_0503.ply,5,5,monitor,monitor,0.9993793368339539
baseline,1,460,/home/nochi/NOCHI/M2_PAR/Apprenyissage_Pointcloud/Pointclouds-classification-with-the-POINTNET-Neural-network/PointNetLab/data/ModelNet10_PLY/monitor/test/monitor_0504.ply,5,5,monitor,monitor,0.998916506767273
baseline,1,461,/home/nochi/NOCHI/M2_PAR/Apprenyissage_Pointcloud/Pointclouds-classification-with-the-POINTNET-Neural-network/PointNetLab/data/ModelNet10_PLY/monitor/test/monitor_0505.ply,5,5,monitor,monitor,0.9985135793685913
baseline,1,462,/home/nochi/NOCHI/M2_PAR/Apprenyissage_Pointcloud/Pointclouds-classification-with-the-POINTNET-Neural-network/PointNetLab/data/ModelNet10_PLY/monitor/test/monitor_0506.ply,5,4,monitor,dresser,0.5207321643829346
baseline,1,463,/home/nochi/NOCHI/M2_PAR/Apprenyissage_Pointcloud/Pointclouds-classification-with-the-POINTNET-Neural-network/PointNetLab/data/ModelNet10_PLY/monitor/test/monitor_0507.ply,5,2,monitor,chair,0.507314145565033
baseline,1,464,/home/nochi/NOCHI/M2_PAR/Apprenyissage_Pointcloud/Pointclouds-classification-with-the-POINTNET-Neural-network/PointNetLab/data/ModelNet10_PLY/monitor/test/monitor_0508.ply,5,5,monitor,monitor,0.9978166818618774
baseline,1,465,/home/nochi/NOCHI/M2_PAR/Apprenyissage_Pointcloud/Pointclouds-classification-with-the-POINTNET-Neural-network/PointNetLab/data/ModelNet10_PLY/monitor/test/monitor_0509.ply,5,5,monitor,monitor,0.9966244697570801
baseline,1,466,/home/nochi/NOCHI/M2_PAR/Apprenyissage_Pointcloud/Pointclouds-classification-with-the-POINTNET-Neural-network/PointNetLab/data/ModelNet10_PLY/monitor/test/monitor_0510.ply,5,5,monitor,monitor,0.9985184073448181
baseline,1,467,/home/nochi/NOCHI/M2_PAR/Apprenyissage_Pointcloud/Pointclouds-classification-with-the-POINTNET-Neural-network/PointNetLab/data/ModelNet10_PLY/monitor/test/monitor_0511.ply,5,5,monitor,monitor,0.9996348023414612
baseline,1,468,/home/nochi/NOCHI/M2_PAR/Apprenyissage_Pointcloud/Pointclouds-classification-with-the-POINTNET-Neural-network/PointNetLab/data/ModelNet10_PLY/monitor/test/monitor_0512.ply,5,5,monitor,monitor,0.9973288178443909
baseline,1,469,/home/nochi/NOCHI/M2_PAR/Apprenyissage_Pointcloud/Pointclouds-classification-with-the-POINTNET-Neural-network/PointNetLab/data/ModelNet10_PLY/monitor/test/monitor_0513.ply,5,5,monitor,monitor,0.9976975917816162
baseline,1,470,/home/nochi/NOCHI/M2_PAR/Apprenyissage_Pointcloud/Pointclouds-classification-with-the-POINTNET-Neural-network/PointNetLab/data/ModelNet10_PLY/monitor/test/monitor_0514.ply,5,5,monitor,monitor,0.9976271390914917
baseline,1,471,/home/nochi/NOCHI/M2_PAR/Apprenyissage_Pointcloud/Pointclouds-classification-with-the-POINTNET-Neural-network/PointNetLab/data/ModelNet10_PLY/monitor/test/monitor_0515.ply,5,5,monitor,monitor,0.999022364616394
baseline,1,472,/home/nochi/NOCHI/M2_PAR/Apprenyissage_Pointcloud/Pointclouds-classification-with-the-POINTNET-Neural-network/PointNetLab/data/ModelNet10_PLY/monitor/test/monitor_0516.ply,5,5,monitor,monitor,0.9966475963592529
baseline,1,473,/home/nochi/NOCHI/M2_PAR/Apprenyissage_Pointcloud/Pointclouds-classification-with-the-POINTNET-Neural-network/PointNetLab/data/ModelNet10_PLY/monitor/test/monitor_0517.ply,5,5,monitor,monitor,0.9939732551574707
baseline,1,474,/home/nochi/NOCHI/M2_PAR/Apprenyissage_Pointcloud/Pointclouds-classification-with-the-POINTNET-Neural-network/PointNetLab/data/ModelNet10_PLY/monitor/test/monitor_0518.ply,5,5,monitor,monitor,0.9989262819290161
baseline,1,475,/home/nochi/NOCHI/M2_PAR/Apprenyissage_Pointcloud/Pointclouds-classification-with-the-POINTNET-Neural-network/PointNetLab/data/ModelNet10_PLY/monitor/test/monitor_0519.ply,5,4,monitor,dresser,0.5301681160926819
baseline,1,476,/home/nochi/NOCHI/M2_PAR/Apprenyissage_Pointcloud/Pointclouds-classification-with-the-POINTNET-Neural-network/PointNetLab/data/ModelNet10_PLY/monitor/test/monitor_0520.ply,5,5,monitor,monitor,0.9993411898612976
baseline,1,477,/home/nochi/NOCHI/M2_PAR/Apprenyissage_Pointcloud/Pointclouds-classification-with-the-POINTNET-Neural-network/PointNetLab/data/ModelNet10_PLY/monitor/test/monitor_0521.ply,5,5,monitor,monitor,0.9833924174308777
baseline,1,478,/home/nochi/NOCHI/M2_PAR/Apprenyissage_Pointcloud/Pointclouds-classification-with-the-POINTNET-Neural-network/PointNetLab/data/ModelNet10_PLY/monitor/test/monitor_0522.ply,5,5,monitor,monitor,0.9947810769081116
baseline,1,479,/home/nochi/NOCHI/M2_PAR/Apprenyissage_Pointcloud/Pointclouds-classification-with-the-POINTNET-Neural-network/PointNetLab/data/ModelNet10_PLY/monitor/test/monitor_0523.ply,5,5,monitor,monitor,0.9996440410614014
baseline,1,480,/home/nochi/NOCHI/M2_PAR/Apprenyissage_Pointcloud/Pointclouds-classification-with-the-POINTNET-Neural-network/PointNetLab/data/ModelNet10_PLY/monitor/test/monitor_0524.ply,5,5,monitor,monitor,0.9941412806510925
baseline,1,481,/home/nochi/NOCHI/M2_PAR/Apprenyissage_Pointcloud/Pointclouds-classification-with-the-POINTNET-Neural-network/PointNetLab/data/ModelNet10_PLY/monitor/test/monitor_0525.ply,5,5,monitor,monitor,0.9991452693939209
baseline,1,482,/home/nochi/NOCHI/M2_PAR/Apprenyissage_Pointcloud/Pointclouds-classification-with-the-POINTNET-Neural-network/PointNetLab/data/ModelNet10_PLY/monitor/test/monitor_0526.ply,5,5,monitor,monitor,0.9992183446884155
baseline,1,483,/home/nochi/NOCHI/M2_PAR/Apprenyissage_Pointcloud/Pointclouds-classification-with-the-POINTNET-Neural-network/PointNetLab/data/ModelNet10_PLY/monitor/test/monitor_0527.ply,5,5,monitor,monitor,0.9977173805236816
baseline,1,484,/home/nochi/NOCHI/M2_PAR/Apprenyissage_Pointcloud/Pointclouds-classification-with-the-POINTNET-Neural-network/PointNetLab/data/ModelNet10_PLY/monitor/test/monitor_0528.ply,5,5,monitor,monitor,0.9981396198272705
baseline,1,485,/home/nochi/NOCHI/M2_PAR/Apprenyissage_Pointcloud/Pointclouds-classification-with-the-POINTNET-Neural-network/PointNetLab/data/ModelNet10_PLY/monitor/test/monitor_0529.ply,5,5,monitor,monitor,0.9983041882514954
baseline,1,486,/home/nochi/NOCHI/M2_PAR/Apprenyissage_Pointcloud/Pointclouds-classification-with-the-POINTNET-Neural-network/PointNetLab/data/ModelNet10_PLY/monitor/test/monitor_0530.ply,5,5,monitor,monitor,0.999428391456604
baseline,1,487,/home/nochi/NOCHI/M2_PAR/Apprenyissage_Pointcloud/Pointclouds-classification-with-the-POINTNET-Neural-network/PointNetLab/data/ModelNet10_PLY/monitor/test/monitor_0531.ply,5,4,monitor,dresser,0.3898445665836334
baseline,1,488,/home/nochi/NOCHI/M2_PAR/Apprenyissage_Pointcloud/Pointclouds-classification-with-the-POINTNET-Neural-network/PointNetLab/data/ModelNet10_PLY/monitor/test/monitor_0532.ply,5,5,monitor,monitor,0.9995331764221191
baseline,1,489,/home/nochi/NOCHI/M2_PAR/Apprenyissage_Pointcloud/Pointclouds-classification-with-the-POINTNET-Neural-network/PointNetLab/data/ModelNet10_PLY/monitor/test/monitor_0533.ply,5,5,monitor,monitor,0.9958646297454834
baseline,1,490,/home/nochi/NOCHI/M2_PAR/Apprenyissage_Pointcloud/Pointclouds-classification-with-the-POINTNET-Neural-network/PointNetLab/data/ModelNet10_PLY/monitor/test/monitor_0534.ply,5,5,monitor,monitor,0.9996234774589539
baseline,1,491,/home/nochi/NOCHI/M2_PAR/Apprenyissage_Pointcloud/Pointclouds-classification-with-the-POINTNET-Neural-network/PointNetLab/data/ModelNet10_PLY/monitor/test/monitor_0535.ply,5,5,monitor,monitor,0.9987728595733643
baseline,1,492,/home/nochi/NOCHI/M2_PAR/Apprenyissage_Pointcloud/Pointclouds-classification-with-the-POINTNET-Neural-network/PointNetLab/data/ModelNet10_PLY/monitor/test/monitor_0536.ply,5,5,monitor,monitor,0.9902614951133728
baseline,1,493,/home/nochi/NOCHI/M2_PAR/Apprenyissage_Pointcloud/Pointclouds-classification-with-the-POINTNET-Neural-network/PointNetLab/data/ModelNet10_PLY/monitor/test/monitor_0537.ply,5,5,monitor,monitor,0.9985898733139038
baseline,1,494,/home/nochi/NOCHI/M2_PAR/Apprenyissage_Pointcloud/Pointclouds-classification-with-the-POINTNET-Neural-network/PointNetLab/data/ModelNet10_PLY/monitor/test/monitor_0538.ply,5,5,monitor,monitor,0.9990224838256836
baseline,1,495,/home/nochi/NOCHI/M2_PAR/Apprenyissage_Pointcloud/Pointclouds-classification-with-the-POINTNET-Neural-network/PointNetLab/data/ModelNet10_PLY/monitor/test/monitor_0539.ply,5,5,monitor,monitor,0.9927375912666321
baseline,1,496,/home/nochi/NOCHI/M2_PAR/Apprenyissage_Pointcloud/Pointclouds-classification-with-the-POINTNET-Neural-network/PointNetLab/data/ModelNet10_PLY/monitor/test/monitor_0540.ply,5,5,monitor,monitor,0.9974634051322937
baseline,1,497,/home/nochi/NOCHI/M2_PAR/Apprenyissage_Pointcloud/Pointclouds-classification-with-the-POINTNET-Neural-network/PointNetLab/data/ModelNet10_PLY/monitor/test/monitor_0541.ply,5,5,monitor,monitor,0.9975192546844482
baseline,1,498,/home/nochi/NOCHI/M2_PAR/Apprenyissage_Pointcloud/Pointclouds-classification-with-the-POINTNET-Neural-network/PointNetLab/data/ModelNet10_PLY/monitor/test/monitor_0542.ply,5,5,monitor,monitor,0.9976466298103333
baseline,1,499,/home/nochi/NOCHI/M2_PAR/Apprenyissage_Pointcloud/Pointclouds-classification-with-the-POINTNET-Neural-network/PointNetLab/data/ModelNet10_PLY/monitor/test/monitor_0543.ply,5,5,monitor,monitor,0.9991133213043213
baseline,1,500,/home/nochi/NOCHI/M2_PAR/Apprenyissage_Pointcloud/Pointclouds-classification-with-the-POINTNET-Neural-network/PointNetLab/data/ModelNet10_PLY/monitor/test/monitor_0544.ply,5,5,monitor,monitor,0.994253396987915
baseline,1,501,/home/nochi/NOCHI/M2_PAR/Apprenyissage_Pointcloud/Pointclouds-classification-with-the-POINTNET-Neural-network/PointNetLab/data/ModelNet10_PLY/monitor/test/monitor_0545.ply,5,5,monitor,monitor,0.9993825554847717
baseline,1,502,/home/nochi/NOCHI/M2_PAR/Apprenyissage_Pointcloud/Pointclouds-classification-with-the-POINTNET-Neural-network/PointNetLab/data/ModelNet10_PLY/monitor/test/monitor_0546.ply,5,5,monitor,monitor,0.9992820620536804
baseline,1,503,/home/nochi/NOCHI/M2_PAR/Apprenyissage_Pointcloud/Pointclouds-classification-with-the-POINTNET-Neural-network/PointNetLab/data/ModelNet10_PLY/monitor/test/monitor_0547.ply,5,5,monitor,monitor,0.9979824423789978
baseline,1,504,/home/nochi/NOCHI/M2_PAR/Apprenyissage_Pointcloud/Pointclouds-classification-with-the-POINTNET-Neural-network/PointNetLab/data/ModelNet10_PLY/monitor/test/monitor_0548.ply,5,5,monitor,monitor,0.9991697072982788
baseline,1,505,/home/nochi/NOCHI/M2_PAR/Apprenyissage_Pointcloud/Pointclouds-classification-with-the-POINTNET-Neural-network/PointNetLab/data/ModelNet10_PLY/monitor/test/monitor_0549.ply,5,5,monitor,monitor,0.9989087581634521
baseline,1,506,/home/nochi/NOCHI/M2_PAR/Apprenyissage_Pointcloud/Pointclouds-classification-with-the-POINTNET-Neural-network/PointNetLab/data/ModelNet10_PLY/monitor/test/monitor_0550.ply,5,5,monitor,monitor,0.9986994862556458
baseline,1,507,/home/nochi/NOCHI/M2_PAR/Apprenyissage_Pointcloud/Pointclouds-classification-with-the-POINTNET-Neural-network/PointNetLab/data/ModelNet10_PLY/monitor/test/monitor_0551.ply,5,5,monitor,monitor,0.9988229870796204
baseline,1,508,/home/nochi/NOCHI/M2_PAR/Apprenyissage_Pointcloud/Pointclouds-classification-with-the-POINTNET-Neural-network/PointNetLab/data/ModelNet10_PLY/monitor/test/monitor_0552.ply,5,5,monitor,monitor,0.9936650395393372
baseline,1,509,/home/nochi/NOCHI/M2_PAR/Apprenyissage_Pointcloud/Pointclouds-classification-with-the-POINTNET-Neural-network/PointNetLab/data/ModelNet10_PLY/monitor/test/monitor_0553.ply,5,5,monitor,monitor,0.9983716607093811
baseline,1,510,/home/nochi/NOCHI/M2_PAR/Apprenyissage_Pointcloud/Pointclouds-classification-with-the-POINTNET-Neural-network/PointNetLab/data/ModelNet10_PLY/monitor/test/monitor_0554.ply,5,5,monitor,monitor,0.9985069036483765
baseline,1,511,/home/nochi/NOCHI/M2_PAR/Apprenyissage_Pointcloud/Pointclouds-classification-with-the-POINTNET-Neural-network/PointNetLab/data/ModelNet10_PLY/monitor/test/monitor_0555.ply,5,5,monitor,monitor,0.9922059178352356
baseline,1,512,/home/nochi/NOCHI/M2_PAR/Apprenyissage_Pointcloud/Pointclouds-classification-with-the-POINTNET-Neural-network/PointNetLab/data/ModelNet10_PLY/monitor/test/monitor_0556.ply,5,5,monitor,monitor,0.9983733296394348
baseline,1,513,/home/nochi/NOCHI/M2_PAR/Apprenyissage_Pointcloud/Pointclouds-classification-with-the-POINTNET-Neural-network/PointNetLab/data/ModelNet10_PLY/monitor/test/monitor_0557.ply,5,5,monitor,monitor,0.7403799891471863
baseline,1,514,/home/nochi/NOCHI/M2_PAR/Apprenyissage_Pointcloud/Pointclouds-classification-with-the-POINTNET-Neural-network/PointNetLab/data/ModelNet10_PLY/monitor/test/monitor_0558.ply,5,5,monitor,monitor,0.9977333545684814
baseline,1,515,/home/nochi/NOCHI/M2_PAR/Apprenyissage_Pointcloud/Pointclouds-classification-with-the-POINTNET-Neural-network/PointNetLab/data/ModelNet10_PLY/monitor/test/monitor_0559.ply,5,5,monitor,monitor,0.9975095391273499
baseline,1,516,/home/nochi/NOCHI/M2_PAR/Apprenyissage_Pointcloud/Pointclouds-classification-with-the-POINTNET-Neural-network/PointNetLab/data/ModelNet10_PLY/monitor/test/monitor_0560.ply,5,5,monitor,monitor,0.982620894908905
baseline,1,517,/home/nochi/NOCHI/M2_PAR/Apprenyissage_Pointcloud/Pointclouds-classification-with-the-POINTNET-Neural-network/PointNetLab/data/ModelNet10_PLY/monitor/test/monitor_0561.ply,5,5,monitor,monitor,0.9990307092666626
baseline,1,518,/home/nochi/NOCHI/M2_PAR/Apprenyissage_Pointcloud/Pointclouds-classification-with-the-POINTNET-Neural-network/PointNetLab/data/ModelNet10_PLY/monitor/test/monitor_0562.ply,5,4,monitor,dresser,0.5002397298812866
baseline,1,519,/home/nochi/NOCHI/M2_PAR/Apprenyissage_Pointcloud/Pointclouds-classification-with-the-POINTNET-Neural-network/PointNetLab/data/ModelNet10_PLY/monitor/test/monitor_0563.ply,5,5,monitor,monitor,0.9888535737991333
baseline,1,520,/home/nochi/NOCHI/M2_PAR/Apprenyissage_Pointcloud/Pointclouds-classification-with-the-POINTNET-Neural-network/PointNetLab/data/ModelNet10_PLY/monitor/test/monitor_0564.ply,5,5,monitor,monitor,0.9983079433441162
baseline,1,521,/home/nochi/NOCHI/M2_PAR/Apprenyissage_Pointcloud/Pointclouds-classification-with-the-POINTNET-Neural-network/PointNetLab/data/ModelNet10_PLY/monitor/test/monitor_0565.ply,5,5,monitor,monitor,0.9994379878044128
baseline,1,522,/home/nochi/NOCHI/M2_PAR/Apprenyissage_Pointcloud/Pointclouds-classification-with-the-POINTNET-Neural-network/PointNetLab/data/ModelNet10_PLY/night_stand/test/night_stand_0201.ply,6,6,night_stand,night_stand,0.8135747909545898
baseline,1,523,/home/nochi/NOCHI/M2_PAR/Apprenyissage_Pointcloud/Pointclouds-classification-with-the-POINTNET-Neural-network/PointNetLab/data/ModelNet10_PLY/night_stand/test/night_stand_0202.ply,6,6,night_stand,night_stand,0.6447568535804749
baseline,1,524,/home/nochi/NOCHI/M2_PAR/Apprenyissage_Pointcloud/Pointclouds-classification-with-the-POINTNET-Neural-network/PointNetLab/data/ModelNet10_PLY/night_stand/test/night_stand_0203.ply,6,6,night_stand,night_stand,0.7013359665870667
baseline,1,525,/home/nochi/NOCHI/M2_PAR/Apprenyissage_Pointcloud/Pointclouds-classification-with-the-POINTNET-Neural-network/PointNetLab/data/ModelNet10_PLY/night_stand/test/night_stand_0204.ply,6,6,night_stand,night_stand,0.6877714991569519
baseline,1,526,/home/nochi/NOCHI/M2_PAR/Apprenyissage_Pointcloud/Pointclouds-classification-with-the-POINTNET-Neural-network/PointNetLab/data/ModelNet10_PLY/night_stand/test/night_stand_0205.ply,6,6,night_stand,night_stand,0.7204216122627258
baseline,1,527,/home/nochi/NOCHI/M2_PAR/Apprenyissage_Pointcloud/Pointclouds-classification-with-the-POINTNET-Neural-network/PointNetLab/data/ModelNet10_PLY/night_stand/test/night_stand_0206.ply,6,8,night_stand,table,0.5115918517112732
baseline,1,528,/home/nochi/NOCHI/M2_PAR/Apprenyissage_Pointcloud/Pointclouds-classification-with-the-POINTNET-Neural-network/PointNetLab/data/ModelNet10_PLY/night_stand/test/night_stand_0207.ply,6,6,night_stand,night_stand,0.5614213943481445
baseline,1,529,/home/nochi/NOCHI/M2_PAR/Apprenyissage_Pointcloud/Pointclouds-classification-with-the-POINTNET-Neural-network/PointNetLab/data/ModelNet10_PLY/night_stand/test/night_stand_0208.ply,6,6,night_stand,night_stand,0.6873526573181152
baseline,1,530,/home/nochi/NOCHI/M2_PAR/Apprenyissage_Pointcloud/Pointclouds-classification-with-the-POINTNET-Neural-network/PointNetLab/data/ModelNet10_PLY/night_stand/test/night_stand_0209.ply,6,6,night_stand,night_stand,0.7971881628036499
baseline,1,531,/home/nochi/NOCHI/M2_PAR/Apprenyissage_Pointcloud/Pointclouds-classification-with-the-POINTNET-Neural-network/PointNetLab/data/ModelNet10_PLY/night_stand/test/night_stand_0210.ply,6,4,night_stand,dresser,0.546098530292511
baseline,1,532,/home/nochi/NOCHI/M2_PAR/Apprenyissage_Pointcloud/Pointclouds-classification-with-the-POINTNET-Neural-network/PointNetLab/data/ModelNet10_PLY/night_stand/test/night_stand_0211.ply,6,6,night_stand,night_stand,0.6045698523521423
baseline,1,533,/home/nochi/NOCHI/M2_PAR/Apprenyissage_Pointcloud/Pointclouds-classification-with-the-POINTNET-Neural-network/PointNetLab/data/ModelNet10_PLY/night_stand/test/night_stand_0212.ply,6,6,night_stand,night_stand,0.7460136413574219
baseline,1,534,/home/nochi/NOCHI/M2_PAR/Apprenyissage_Pointcloud/Pointclouds-classification-with-the-POINTNET-Neural-network/PointNetLab/data/ModelNet10_PLY/night_stand/test/night_stand_0213.ply,6,6,night_stand,night_stand,0.7594451904296875
baseline,1,535,/home/nochi/NOCHI/M2_PAR/Apprenyissage_Pointcloud/Pointclouds-classification-with-the-POINTNET-Neural-network/PointNetLab/data/ModelNet10_PLY/night_stand/test/night_stand_0214.ply,6,6,night_stand,night_stand,0.780448853969574
baseline,1,536,/home/nochi/NOCHI/M2_PAR/Apprenyissage_Pointcloud/Pointclouds-classification-with-the-POINTNET-Neural-network/PointNetLab/data/ModelNet10_PLY/night_stand/test/night_stand_0215.ply,6,6,night_stand,night_stand,0.4967274069786072
baseline,1,537,/home/nochi/NOCHI/M2_PAR/Apprenyissage_Pointcloud/Pointclouds-classification-with-the-POINTNET-Neural-network/PointNetLab/data/ModelNet10_PLY/night_stand/test/night_stand_0216.ply,6,8,night_stand,table,0.7704149484634399
baseline,1,538,/home/nochi/NOCHI/M2_PAR/Apprenyissage_Pointcloud/Pointclouds-classification-with-the-POINTNET-Neural-network/PointNetLab/data/ModelNet10_PLY/night_stand/test/night_stand_0217.ply,6,6,night_stand,night_stand,0.39012131094932556
baseline,1,539,/home/nochi/NOCHI/M2_PAR/Apprenyissage_Pointcloud/Pointclouds-classification-with-the-POINTNET-Neural-network/PointNetLab/data/ModelNet10_PLY/night_stand/test/night_stand_0218.ply,6,6,night_stand,night_stand,0.6864938139915466
baseline,1,540,/home/nochi/NOCHI/M2_PAR/Apprenyissage_Pointcloud/Pointclouds-classification-with-the-POINTNET-Neural-network/PointNetLab/data/ModelNet10_PLY/night_stand/test/night_stand_0219.ply,6,6,night_stand,night_stand,0.8106935620307922
baseline,1,541,/home/nochi/NOCHI/M2_PAR/Apprenyissage_Pointcloud/Pointclouds-classification-with-the-POINTNET-Neural-network/PointNetLab/data/ModelNet10_PLY/night_stand/test/night_stand_0220.ply,6,6,night_stand,night_stand,0.7517907619476318
baseline,1,542,/home/nochi/NOCHI/M2_PAR/Apprenyissage_Pointcloud/Pointclouds-classification-with-the-POINTNET-Neural-network/PointNetLab/data/ModelNet10_PLY/night_stand/test/night_stand_0221.ply,6,9,night_stand,toilet,0.5012500286102295
baseline,1,543,/home/nochi/NOCHI/M2_PAR/Apprenyissage_Pointcloud/Pointclouds-classification-with-the-POINTNET-Neural-network/PointNetLab/data/ModelNet10_PLY/night_stand/test/night_stand_0222.ply,6,6,night_stand,night_stand,0.6524636745452881
baseline,1,544,/home/nochi/NOCHI/M2_PAR/Apprenyissage_Pointcloud/Pointclouds-classification-with-the-POINTNET-Neural-network/PointNetLab/data/ModelNet10_PLY/night_stand/test/night_stand_0223.ply,6,4,night_stand,dresser,0.5138691663742065
baseline,1,545,/home/nochi/NOCHI/M2_PAR/Apprenyissage_Pointcloud/Pointclouds-classification-with-the-POINTNET-Neural-network/PointNetLab/data/ModelNet10_PLY/night_stand/test/night_stand_0224.ply,6,6,night_stand,night_stand,0.4767970144748688
baseline,1,546,/home/nochi/NOCHI/M2_PAR/Apprenyissage_Pointcloud/Pointclouds-classification-with-the-POINTNET-Neural-network/PointNetLab/data/ModelNet10_PLY/night_stand/test/night_stand_0225.ply,6,6,night_stand,night_stand,0.7006295323371887
baseline,1,547,/home/nochi/NOCHI/M2_PAR/Apprenyissage_Pointcloud/Pointclouds-classification-with-the-POINTNET-Neural-network/PointNetLab/data/ModelNet10_PLY/night_stand/test/night_stand_0226.ply,6,6,night_stand,night_stand,0.48328691720962524
baseline,1,548,/home/nochi/NOCHI/M2_PAR/Apprenyissage_Pointcloud/Pointclouds-classification-with-the-POINTNET-Neural-network/PointNetLab/data/ModelNet10_PLY/night_stand/test/night_stand_0227.ply,6,6,night_stand,night_stand,0.6131773591041565
baseline,1,549,/home/nochi/NOCHI/M2_PAR/Apprenyissage_Pointcloud/Pointclouds-classification-with-the-POINTNET-Neural-network/PointNetLab/data/ModelNet10_PLY/night_stand/test/night_stand_0228.ply,6,6,night_stand,night_stand,0.5462958812713623
baseline,1,550,/home/nochi/NOCHI/M2_PAR/Apprenyissage_Pointcloud/Pointclouds-classification-with-the-POINTNET-Neural-network/PointNetLab/data/ModelNet10_PLY/night_stand/test/night_stand_0229.ply,6,6,night_stand,night_stand,0.6857285499572754
baseline,1,551,/home/nochi/NOCHI/M2_PAR/Apprenyissage_Pointcloud/Pointclouds-classification-with-the-POINTNET-Neural-network/PointNetLab/data/ModelNet10_PLY/night_stand/test/night_stand_0230.ply,6,6,night_stand,night_stand,0.7466054558753967
baseline,1,552,/home/nochi/NOCHI/M2_PAR/Apprenyissage_Pointcloud/Pointclouds-classification-with-the-POINTNET-Neural-network/PointNetLab/data/ModelNet10_PLY/night_stand/test/night_stand_0231.ply,6,7,night_stand,sofa,0.6302976608276367
baseline,1,553,/home/nochi/NOCHI/M2_PAR/Apprenyissage_Pointcloud/Pointclouds-classification-with-the-POINTNET-Neural-network/PointNetLab/data/ModelNet10_PLY/night_stand/test/night_stand_0232.ply,6,6,night_stand,night_stand,0.7481539249420166
baseline,1,554,/home/nochi/NOCHI/M2_PAR/Apprenyissage_Pointcloud/Pointclouds-classification-with-the-POINTNET-Neural-network/PointNetLab/data/ModelNet10_PLY/night_stand/test/night_stand_0233.ply,6,6,night_stand,night_stand,0.638569712638855
baseline,1,555,/home/nochi/NOCHI/M2_PAR/Apprenyissage_Pointcloud/Pointclouds-classification-with-the-POINTNET-Neural-network/PointNetLab/data/ModelNet10_PLY/night_stand/test/night_stand_0234.ply,6,6,night_stand,night_stand,0.5652894973754883
baseline,1,556,/home/nochi/NOCHI/M2_PAR/Apprenyissage_Pointcloud/Pointclouds-classification-with-the-POINTNET-Neural-network/PointNetLab/data/ModelNet10_PLY/night_stand/test/night_stand_0235.ply,6,6,night_stand,night_stand,0.7745134830474854
baseline,1,557,/home/nochi/NOCHI/M2_PAR/Apprenyissage_Pointcloud/Pointclouds-classification-with-the-POINTNET-Neural-network/PointNetLab/data/ModelNet10_PLY/night_stand/test/night_stand_0236.ply,6,6,night_stand,night_stand,0.7436612248420715
baseline,1,558,/home/nochi/NOCHI/M2_PAR/Apprenyissage_Pointcloud/Pointclouds-classification-with-the-POINTNET-Neural-network/PointNetLab/data/ModelNet10_PLY/night_stand/test/night_stand_0237.ply,6,6,night_stand,night_stand,0.6868017911911011
baseline,1,559,/home/nochi/NOCHI/M2_PAR/Apprenyissage_Pointcloud/Pointclouds-classification-with-the-POINTNET-Neural-network/PointNetLab/data/ModelNet10_PLY/night_stand/test/night_stand_0238.ply,6,6,night_stand,night_stand,0.7155688405036926
baseline,1,560,/home/nochi/NOCHI/M2_PAR/Apprenyissage_Pointcloud/Pointclouds-classification-with-the-POINTNET-Neural-network/PointNetLab/data/ModelNet10_PLY/night_stand/test/night_stand_0239.ply,6,6,night_stand,night_stand,0.7286475300788879
baseline,1,561,/home/nochi/NOCHI/M2_PAR/Apprenyissage_Pointcloud/Pointclouds-classification-with-the-POINTNET-Neural-network/PointNetLab/data/ModelNet10_PLY/night_stand/test/night_stand_0240.ply,6,6,night_stand,night_stand,0.7696755528450012
baseline,1,562,/home/nochi/NOCHI/M2_PAR/Apprenyissage_Pointcloud/Pointclouds-classification-with-the-POINTNET-Neural-network/PointNetLab/data/ModelNet10_PLY/night_stand/test/night_stand_0241.ply,6,6,night_stand,night_stand,0.5675417184829712
baseline,1,563,/home/nochi/NOCHI/M2_PAR/Apprenyissage_Pointcloud/Pointclouds-classification-with-the-POINTNET-Neural-network/PointNetLab/data/ModelNet10_PLY/night_stand/test/night_stand_0242.ply,6,6,night_stand,night_stand,0.6534311771392822
baseline,1,564,/home/nochi/NOCHI/M2_PAR/Apprenyissage_Pointcloud/Pointclouds-classification-with-the-POINTNET-Neural-network/PointNetLab/data/ModelNet10_PLY/night_stand/test/night_stand_0243.ply,6,6,night_stand,night_stand,0.7135120034217834
baseline,1,565,/home/nochi/NOCHI/M2_PAR/Apprenyissage_Pointcloud/Pointclouds-classification-with-the-POINTNET-Neural-network/PointNetLab/data/ModelNet10_PLY/night_stand/test/night_stand_0244.ply,6,6,night_stand,night_stand,0.620747447013855
baseline,1,566,/home/nochi/NOCHI/M2_PAR/Apprenyissage_Pointcloud/Pointclouds-classification-with-the-POINTNET-Neural-network/PointNetLab/data/ModelNet10_PLY/night_stand/test/night_stand_0245.ply,6,6,night_stand,night_stand,0.8175252676010132
baseline,1,567,/home/nochi/NOCHI/M2_PAR/Apprenyissage_Pointcloud/Pointclouds-classification-with-the-POINTNET-Neural-network/PointNetLab/data/ModelNet10_PLY/night_stand/test/night_stand_0246.ply,6,6,night_stand,night_stand,0.7676252722740173
baseline,1,568,/home/nochi/NOCHI/M2_PAR/Apprenyissage_Pointcloud/Pointclouds-classification-with-the-POINTNET-Neural-network/PointNetLab/data/ModelNet10_PLY/night_stand/test/night_stand_0247.ply,6,6,night_stand,night_stand,0.5361769795417786
baseline,1,569,/home/nochi/NOCHI/M2_PAR/Apprenyissage_Pointcloud/Pointclouds-classification-with-the-POINTNET-Neural-network/PointNetLab/data/ModelNet10_PLY/night_stand/test/night_stand_0248.ply,6,6,night_stand,night_stand,0.752199649810791
baseline,1,570,/home/nochi/NOCHI/M2_PAR/Apprenyissage_Pointcloud/Pointclouds-classification-with-the-POINTNET-Neural-network/PointNetLab/data/ModelNet10_PLY/night_stand/test/night_stand_0249.ply,6,6,night_stand,night_stand,0.6580571532249451
baseline,1,571,/home/nochi/NOCHI/M2_PAR/Apprenyissage_Pointcloud/Pointclouds-classification-with-the-POINTNET-Neural-network/PointNetLab/data/ModelNet10_PLY/night_stand/test/night_stand_0250.ply,6,8,night_stand,table,0.5233532786369324
baseline,1,572,/home/nochi/NOCHI/M2_PAR/Apprenyissage_Pointcloud/Pointclouds-classification-with-the-POINTNET-Neural-network/PointNetLab/data/ModelNet10_PLY/night_stand/test/night_stand_0251.ply,6,6,night_stand,night_stand,0.7476420402526855
baseline,1,573,/home/nochi/NOCHI/M2_PAR/Apprenyissage_Pointcloud/Pointclouds-classification-with-the-POINTNET-Neural-network/PointNetLab/data/ModelNet10_PLY/night_stand/test/night_stand_0252.ply,6,4,night_stand,dresser,0.7142148017883301
baseline,1,574,/home/nochi/NOCHI/M2_PAR/Apprenyissage_Pointcloud/Pointclouds-classification-with-the-POINTNET-Neural-network/PointNetLab/data/ModelNet10_PLY/night_stand/test/night_stand_0253.ply,6,6,night_stand,night_stand,0.6780216693878174
baseline,1,575,/home/nochi/NOCHI/M2_PAR/Apprenyissage_Pointcloud/Pointclouds-classification-with-the-POINTNET-Neural-network/PointNetLab/data/ModelNet10_PLY/night_stand/test/night_stand_0254.ply,6,6,night_stand,night_stand,0.4799663722515106
baseline,1,576,/home/nochi/NOCHI/M2_PAR/Apprenyissage_Pointcloud/Pointclouds-classification-with-the-POINTNET-Neural-network/PointNetLab/data/ModelNet10_PLY/night_stand/test/night_stand_0255.ply,6,6,night_stand,night_stand,0.4955812692642212
baseline,1,577,/home/nochi/NOCHI/M2_PAR/Apprenyissage_Pointcloud/Pointclouds-classification-with-the-POINTNET-Neural-network/PointNetLab/data/ModelNet10_PLY/night_stand/test/night_stand_0256.ply,6,6,night_stand,night_stand,0.5899579524993896
baseline,1,578,/home/nochi/NOCHI/M2_PAR/Apprenyissage_Pointcloud/Pointclouds-classification-with-the-POINTNET-Neural-network/PointNetLab/data/ModelNet10_PLY/night_stand/test/night_stand_0257.ply,6,6,night_stand,night_stand,0.6361358761787415
baseline,1,579,/home/nochi/NOCHI/M2_PAR/Apprenyissage_Pointcloud/Pointclouds-classification-with-the-POINTNET-Neural-network/PointNetLab/data/ModelNet10_PLY/night_stand/test/night_stand_0258.ply,6,6,night_stand,night_stand,0.6404203176498413
baseline,1,580,/home/nochi/NOCHI/M2_PAR/Apprenyissage_Pointcloud/Pointclouds-classification-with-the-POINTNET-Neural-network/PointNetLab/data/ModelNet10_PLY/night_stand/test/night_stand_0259.ply,6,8,night_stand,table,0.7133336663246155
baseline,1,581,/home/nochi/NOCHI/M2_PAR/Apprenyissage_Pointcloud/Pointclouds-classification-with-the-POINTNET-Neural-network/PointNetLab/data/ModelNet10_PLY/night_stand/test/night_stand_0260.ply,6,6,night_stand,night_stand,0.5992476344108582
baseline,1,582,/home/nochi/NOCHI/M2_PAR/Apprenyissage_Pointcloud/Pointclouds-classification-with-the-POINTNET-Neural-network/PointNetLab/data/ModelNet10_PLY/night_stand/test/night_stand_0261.ply,6,6,night_stand,night_stand,0.7651465535163879
baseline,1,583,/home/nochi/NOCHI/M2_PAR/Apprenyissage_Pointcloud/Pointclouds-classification-with-the-POINTNET-Neural-network/PointNetLab/data/ModelNet10_PLY/night_stand/test/night_stand_0262.ply,6,6,night_stand,night_stand,0.6041259765625
baseline,1,584,/home/nochi/NOCHI/M2_PAR/Apprenyissage_Pointcloud/Pointclouds-classification-with-the-POINTNET-Neural-network/PointNetLab/data/ModelNet10_PLY/night_stand/test/night_stand_0263.ply,6,6,night_stand,night_stand,0.6851825714111328
baseline,1,585,/home/nochi/NOCHI/M2_PAR/Apprenyissage_Pointcloud/Pointclouds-classification-with-the-POINTNET-Neural-network/PointNetLab/data/ModelNet10_PLY/night_stand/test/night_stand_0264.ply,6,6,night_stand,night_stand,0.7916909456253052
baseline,1,586,/home/nochi/NOCHI/M2_PAR/Apprenyissage_Pointcloud/Pointclouds-classification-with-the-POINTNET-Neural-network/PointNetLab/data/ModelNet10_PLY/night_stand/test/night_stand_0265.ply,6,6,night_stand,night_stand,0.5509423017501831
baseline,1,587,/home/nochi/NOCHI/M2_PAR/Apprenyissage_Pointcloud/Pointclouds-classification-with-the-POINTNET-Neural-network/PointNetLab/data/ModelNet10_PLY/night_stand/test/night_stand_0266.ply,6,6,night_stand,night_stand,0.598383903503418
baseline,1,588,/home/nochi/NOCHI/M2_PAR/Apprenyissage_Pointcloud/Pointclouds-classification-with-the-POINTNET-Neural-network/PointNetLab/data/ModelNet10_PLY/night_stand/test/night_stand_0267.ply,6,6,night_stand,night_stand,0.7610616087913513
baseline,1,589,/home/nochi/NOCHI/M2_PAR/Apprenyissage_Pointcloud/Pointclouds-classification-with-the-POINTNET-Neural-network/PointNetLab/data/ModelNet10_PLY/night_stand/test/night_stand_0268.ply,6,6,night_stand,night_stand,0.7064021229743958
baseline,1,590,/home/nochi/NOCHI/M2_PAR/Apprenyissage_Pointcloud/Pointclouds-classification-with-the-POINTNET-Neural-network/PointNetLab/data/ModelNet10_PLY/night_stand/test/night_stand_0269.ply,6,6,night_stand,night_stand,0.6847548484802246
baseline,1,591,/home/nochi/NOCHI/M2_PAR/Apprenyissage_Pointcloud/Pointclouds-classification-with-the-POINTNET-Neural-network/PointNetLab/data/ModelNet10_PLY/night_stand/test/night_stand_0270.ply,6,6,night_stand,night_stand,0.786657452583313
baseline,1,592,/home/nochi/NOCHI/M2_PAR/Apprenyissage_Pointcloud/Pointclouds-classification-with-the-POINTNET-Neural-network/PointNetLab/data/ModelNet10_PLY/night_stand/test/night_stand_0271.ply,6,6,night_stand,night_stand,0.782819390296936
baseline,1,593,/home/nochi/NOCHI/M2_PAR/Apprenyissage_Pointcloud/Pointclouds-classification-with-the-POINTNET-Neural-network/PointNetLab/data/ModelNet10_PLY/night_stand/test/night_stand_0272.ply,6,4,night_stand,dresser,0.6983849406242371
baseline,1,594,/home/nochi/NOCHI/M2_PAR/Apprenyissage_Pointcloud/Pointclouds-classification-with-the-POINTNET-Neural-network/PointNetLab/data/ModelNet10_PLY/night_stand/test/night_stand_0273.ply,6,6,night_stand,night_stand,0.78061842918396
baseline,1,595,/home/nochi/NOCHI/M2_PAR/Apprenyissage_Pointcloud/Pointclouds-classification-with-the-POINTNET-Neural-network/PointNetLab/data/ModelNet10_PLY/night_stand/test/night_stand_0274.ply,6,4,night_stand,dresser,0.48102113604545593
baseline,1,596,/home/nochi/NOCHI/M2_PAR/Apprenyissage_Pointcloud/Pointclouds-classification-with-the-POINTNET-Neural-network/PointNetLab/data/ModelNet10_PLY/night_stand/test/night_stand_0275.ply,6,6,night_stand,night_stand,0.7045692205429077
baseline,1,597,/home/nochi/NOCHI/M2_PAR/Apprenyissage_Pointcloud/Pointclouds-classification-with-the-POINTNET-Neural-network/PointNetLab/data/ModelNet10_PLY/night_stand/test/night_stand_0276.ply,6,6,night_stand,night_stand,0.5665239691734314
baseline,1,598,/home/nochi/NOCHI/M2_PAR/Apprenyissage_Pointcloud/Pointclouds-classification-with-the-POINTNET-Neural-network/PointNetLab/data/ModelNet10_PLY/night_stand/test/night_stand_0277.ply,6,4,night_stand,dresser,0.571378231048584
baseline,1,599,/home/nochi/NOCHI/M2_PAR/Apprenyissage_Pointcloud/Pointclouds-classification-with-the-POINTNET-Neural-network/PointNetLab/data/ModelNet10_PLY/night_stand/test/night_stand_0278.ply,6,6,night_stand,night_stand,0.6829166412353516
baseline,1,600,/home/nochi/NOCHI/M2_PAR/Apprenyissage_Pointcloud/Pointclouds-classification-with-the-POINTNET-Neural-network/PointNetLab/data/ModelNet10_PLY/night_stand/test/night_stand_0279.ply,6,6,night_stand,night_stand,0.5834610462188721
baseline,1,601,/home/nochi/NOCHI/M2_PAR/Apprenyissage_Pointcloud/Pointclouds-classification-with-the-POINTNET-Neural-network/PointNetLab/data/ModelNet10_PLY/night_stand/test/night_stand_0280.ply,6,6,night_stand,night_stand,0.6717825531959534
baseline,1,602,/home/nochi/NOCHI/M2_PAR/Apprenyissage_Pointcloud/Pointclouds-classification-with-the-POINTNET-Neural-network/PointNetLab/data/ModelNet10_PLY/night_stand/test/night_stand_0281.ply,6,6,night_stand,night_stand,0.4886479079723358
baseline,1,603,/home/nochi/NOCHI/M2_PAR/Apprenyissage_Pointcloud/Pointclouds-classification-with-the-POINTNET-Neural-network/PointNetLab/data/ModelNet10_PLY/night_stand/test/night_stand_0282.ply,6,6,night_stand,night_stand,0.4927886426448822
baseline,1,604,/home/nochi/NOCHI/M2_PAR/Apprenyissage_Pointcloud/Pointclouds-classification-with-the-POINTNET-Neural-network/PointNetLab/data/ModelNet10_PLY/night_stand/test/night_stand_0283.ply,6,6,night_stand,night_stand,0.6488037705421448
baseline,1,605,/home/nochi/NOCHI/M2_PAR/Apprenyissage_Pointcloud/Pointclouds-classification-with-the-POINTNET-Neural-network/PointNetLab/data/ModelNet10_PLY/night_stand/test/night_stand_0284.ply,6,6,night_stand,night_stand,0.6694643497467041
baseline,1,606,/home/nochi/NOCHI/M2_PAR/Apprenyissage_Pointcloud/Pointclouds-classification-with-the-POINTNET-Neural-network/PointNetLab/data/ModelNet10_PLY/night_stand/test/night_stand_0285.ply,6,6,night_stand,night_stand,0.6489502787590027
baseline,1,607,/home/nochi/NOCHI/M2_PAR/Apprenyissage_Pointcloud/Pointclouds-classification-with-the-POINTNET-Neural-network/PointNetLab/data/ModelNet10_PLY/night_stand/test/night_stand_0286.ply,6,6,night_stand,night_stand,0.5574228763580322
baseline,1,608,/home/nochi/NOCHI/M2_PAR/Apprenyissage_Pointcloud/Pointclouds-classification-with-the-POINTNET-Neural-network/PointNetLab/data/ModelNet10_PLY/sofa/test/sofa_0681.ply,7,6,sofa,night_stand,0.7097909450531006
baseline,1,609,/home/nochi/NOCHI/M2_PAR/Apprenyissage_Pointcloud/Pointclouds-classification-with-the-POINTNET-Neural-network/PointNetLab/data/ModelNet10_PLY/sofa/test/sofa_0682.ply,7,2,sofa,chair,0.4724620580673218
baseline,1,610,/home/nochi/NOCHI/M2_PAR/Apprenyissage_Pointcloud/Pointclouds-classification-with-the-POINTNET-Neural-network/PointNetLab/data/ModelNet10_PLY/sofa/test/sofa_0683.ply,7,3,sofa,desk,0.3938312232494354
baseline,1,611,/home/nochi/NOCHI/M2_PAR/Apprenyissage_Pointcloud/Pointclouds-classification-with-the-POINTNET-Neural-network/PointNetLab/data/ModelNet10_PLY/sofa/test/sofa_0684.ply,7,7,sofa,sofa,0.9940048456192017
baseline,1,612,/home/nochi/NOCHI/M2_PAR/Apprenyissage_Pointcloud/Pointclouds-classification-with-the-POINTNET-Neural-network/PointNetLab/data/ModelNet10_PLY/sofa/test/sofa_0685.ply,7,7,sofa,sofa,0.9955878853797913
baseline,1,613,/home/nochi/NOCHI/M2_PAR/Apprenyissage_Pointcloud/Pointclouds-classification-with-the-POINTNET-Neural-network/PointNetLab/data/ModelNet10_PLY/sofa/test/sofa_0686.ply,7,7,sofa,sofa,0.9781373739242554
baseline,1,614,/home/nochi/NOCHI/M2_PAR/Apprenyissage_Pointcloud/Pointclouds-classification-with-the-POINTNET-Neural-network/PointNetLab/data/ModelNet10_PLY/sofa/test/sofa_0687.ply,7,7,sofa,sofa,0.9970513582229614
baseline,1,615,/home/nochi/NOCHI/M2_PAR/Apprenyissage_Pointcloud/Pointclouds-classification-with-the-POINTNET-Neural-network/PointNetLab/data/ModelNet10_PLY/sofa/test/sofa_0688.ply,7,7,sofa,sofa,0.9779390096664429
baseline,1,616,/home/nochi/NOCHI/M2_PAR/Apprenyissage_Pointcloud/Pointclouds-classification-with-the-POINTNET-Neural-network/PointNetLab/data/ModelNet10_PLY/sofa/test/sofa_0689.ply,7,7,sofa,sofa,0.9975636005401611
baseline,1,617,/home/nochi/NOCHI/M2_PAR/Apprenyissage_Pointcloud/Pointclouds-classification-with-the-POINTNET-Neural-network/PointNetLab/data/ModelNet10_PLY/sofa/test/sofa_0690.ply,7,7,sofa,sofa,0.9730672240257263
baseline,1,618,/home/nochi/NOCHI/M2_PAR/Apprenyissage_Pointcloud/Pointclouds-classification-with-the-POINTNET-Neural-network/PointNetLab/data/ModelNet10_PLY/sofa/test/sofa_0691.ply,7,7,sofa,sofa,0.9988222122192383
baseline,1,619,/home/nochi/NOCHI/M2_PAR/Apprenyissage_Pointcloud/Pointclouds-classification-with-the-POINTNET-Neural-network/PointNetLab/data/ModelNet10_PLY/sofa/test/sofa_0692.ply,7,7,sofa,sofa,0.9698644280433655
baseline,1,620,/home/nochi/NOCHI/M2_PAR/Apprenyissage_Pointcloud/Pointclouds-classification-with-the-POINTNET-Neural-network/PointNetLab/data/ModelNet10_PLY/sofa/test/sofa_0693.ply,7,7,sofa,sofa,0.9989084601402283
baseline,1,621,/home/nochi/NOCHI/M2_PAR/Apprenyissage_Pointcloud/Pointclouds-classification-with-the-POINTNET-Neural-network/PointNetLab/data/ModelNet10_PLY/sofa/test/sofa_0694.ply,7,7,sofa,sofa,0.9888343811035156
baseline,1,622,/home/nochi/NOCHI/M2_PAR/Apprenyissage_Pointcloud/Pointclouds-classification-with-the-POINTNET-Neural-network/PointNetLab/data/ModelNet10_PLY/sofa/test/sofa_0695.ply,7,7,sofa,sofa,0.9987480640411377
baseline,1,623,/home/nochi/NOCHI/M2_PAR/Apprenyissage_Pointcloud/Pointclouds-classification-with-the-POINTNET-Neural-network/PointNetLab/data/ModelNet10_PLY/sofa/test/sofa_0696.ply,7,7,sofa,sofa,0.9972308278083801
baseline,1,624,/home/nochi/NOCHI/M2_PAR/Apprenyissage_Pointcloud/Pointclouds-classification-with-the-POINTNET-Neural-network/PointNetLab/data/ModelNet10_PLY/sofa/test/sofa_0697.ply,7,7,sofa,sofa,0.9718079566955566
baseline,1,625,/home/nochi/NOCHI/M2_PAR/Apprenyissage_Pointcloud/Pointclouds-classification-with-the-POINTNET-Neural-network/PointNetLab/data/ModelNet10_PLY/sofa/test/sofa_0698.ply,7,7,sofa,sofa,0.9811599254608154
baseline,1,626,/home/nochi/NOCHI/M2_PAR/Apprenyissage_Pointcloud/Pointclouds-classification-with-the-POINTNET-Neural-network/PointNetLab/data/ModelNet10_PLY/sofa/test/sofa_0699.ply,7,7,sofa,sofa,0.9959378242492676
baseline,1,627,/home/nochi/NOCHI/M2_PAR/Apprenyissage_Pointcloud/Pointclouds-classification-with-the-POINTNET-Neural-network/PointNetLab/data/ModelNet10_PLY/sofa/test/sofa_0700.ply,7,7,sofa,sofa,0.9972108602523804
baseline,1,628,/home/nochi/NOCHI/M2_PAR/Apprenyissage_Pointcloud/Pointclouds-classification-with-the-POINTNET-Neural-network/PointNetLab/data/ModelNet10_PLY/sofa/test/sofa_0701.ply,7,7,sofa,sofa,0.9969133734703064
baseline,1,629,/home/nochi/NOCHI/M2_PAR/Apprenyissage_Pointcloud/Pointclouds-classification-with-the-POINTNET-Neural-network/PointNetLab/data/ModelNet10_PLY/sofa/test/sofa_0702.ply,7,7,sofa,sofa,0.985686182975769
baseline,1,630,/home/nochi/NOCHI/M2_PAR/Apprenyissage_Pointcloud/Pointclouds-classification-with-the-POINTNET-Neural-network/PointNetLab/data/ModelNet10_PLY/sofa/test/sofa_0703.ply,7,7,sofa,sofa,0.9868691563606262
baseline,1,631,/home/nochi/NOCHI/M2_PAR/Apprenyissage_Pointcloud/Pointclouds-classification-with-the-POINTNET-Neural-network/PointNetLab/data/ModelNet10_PLY/sofa/test/sofa_0704.ply,7,7,sofa,sofa,0.9976341128349304
baseline,1,632,/home/nochi/NOCHI/M2_PAR/Apprenyissage_Pointcloud/Pointclouds-classification-with-the-POINTNET-Neural-network/PointNetLab/data/ModelNet10_PLY/sofa/test/sofa_0705.ply,7,7,sofa,sofa,0.989090621471405
baseline,1,633,/home/nochi/NOCHI/M2_PAR/Apprenyissage_Pointcloud/Pointclouds-classification-with-the-POINTNET-Neural-network/PointNetLab/data/ModelNet10_PLY/sofa/test/sofa_0706.ply,7,7,sofa,sofa,0.9882044196128845
baseline,1,634,/home/nochi/NOCHI/M2_PAR/Apprenyissage_Pointcloud/Pointclouds-classification-with-the-POINTNET-Neural-network/PointNetLab/data/ModelNet10_PLY/sofa/test/sofa_0707.ply,7,7,sofa,sofa,0.9435871839523315
baseline,1,635,/home/nochi/NOCHI/M2_PAR/Apprenyissage_Pointcloud/Pointclouds-classification-with-the-POINTNET-Neural-network/PointNetLab/data/ModelNet10_PLY/sofa/test/sofa_0708.ply,7,7,sofa,sofa,0.9963688850402832
baseline,1,636,/home/nochi/NOCHI/M2_PAR/Apprenyissage_Pointcloud/Pointclouds-classification-with-the-POINTNET-Neural-network/PointNetLab/data/ModelNet10_PLY/sofa/test/sofa_0709.ply,7,7,sofa,sofa,0.9944233298301697
baseline,1,637,/home/nochi/NOCHI/M2_PAR/Apprenyissage_Pointcloud/Pointclouds-classification-with-the-POINTNET-Neural-network/PointNetLab/data/ModelNet10_PLY/sofa/test/sofa_0710.ply,7,7,sofa,sofa,0.9923972487449646
baseline,1,638,/home/nochi/NOCHI/M2_PAR/Apprenyissage_Pointcloud/Pointclouds-classification-with-the-POINTNET-Neural-network/PointNetLab/data/ModelNet10_PLY/sofa/test/sofa_0711.ply,7,7,sofa,sofa,0.9919908046722412
baseline,1,639,/home/nochi/NOCHI/M2_PAR/Apprenyissage_Pointcloud/Pointclouds-classification-with-the-POINTNET-Neural-network/PointNetLab/data/ModelNet10_PLY/sofa/test/sofa_0712.ply,7,7,sofa,sofa,0.9949870109558105
baseline,1,640,/home/nochi/NOCHI/M2_PAR/Apprenyissage_Pointcloud/Pointclouds-classification-with-the-POINTNET-Neural-network/PointNetLab/data/ModelNet10_PLY/sofa/test/sofa_0713.ply,7,7,sofa,sofa,0.9977232217788696
baseline,1,641,/home/nochi/NOCHI/M2_PAR/Apprenyissage_Pointcloud/Pointclouds-classification-with-the-POINTNET-Neural-network/PointNetLab/data/ModelNet10_PLY/sofa/test/sofa_0714.ply,7,7,sofa,sofa,0.9988839030265808
baseline,1,642,/home/nochi/NOCHI/M2_PAR/Apprenyissage_Pointcloud/Pointclouds-classification-with-the-POINTNET-Neural-network/PointNetLab/data/ModelNet10_PLY/sofa/test/sofa_0715.ply,7,7,sofa,sofa,0.9964359402656555
baseline,1,643,/home/nochi/NOCHI/M2_PAR/Apprenyissage_Pointcloud/Pointclouds-classification-with-the-POINTNET-Neural-network/PointNetLab/data/ModelNet10_PLY/sofa/test/sofa_0716.ply,7,7,sofa,sofa,0.9383547306060791
baseline,1,644,/home/nochi/NOCHI/M2_PAR/Apprenyissage_Pointcloud/Pointclouds-classification-with-the-POINTNET-Neural-network/PointNetLab/data/ModelNet10_PLY/sofa/test/sofa_0717.ply,7,7,sofa,sofa,0.8867343068122864
baseline,1,645,/home/nochi/NOCHI/M2_PAR/Apprenyissage_Pointcloud/Pointclouds-classification-with-the-POINTNET-Neural-network/PointNetLab/data/ModelNet10_PLY/sofa/test/sofa_0718.ply,7,7,sofa,sofa,0.9992848038673401
baseline,1,646,/home/nochi/NOCHI/M2_PAR/Apprenyissage_Pointcloud/Pointclouds-classification-with-the-POINTNET-Neural-network/PointNetLab/data/ModelNet10_PLY/sofa/test/sofa_0719.ply,7,7,sofa,sofa,0.9982371926307678
baseline,1,647,/home/nochi/NOCHI/M2_PAR/Apprenyissage_Pointcloud/Pointclouds-classification-with-the-POINTNET-Neural-network/PointNetLab/data/ModelNet10_PLY/sofa/test/sofa_0720.ply,7,7,sofa,sofa,0.9948190450668335
baseline,1,648,/home/nochi/NOCHI/M2_PAR/Apprenyissage_Pointcloud/Pointclouds-classification-with-the-POINTNET-Neural-network/PointNetLab/data/ModelNet10_PLY/sofa/test/sofa_0721.ply,7,7,sofa,sofa,0.9975870847702026
baseline,1,649,/home/nochi/NOCHI/M2_PAR/Apprenyissage_Pointcloud/Pointclouds-classification-with-the-POINTNET-Neural-network/PointNetLab/data/ModelNet10_PLY/sofa/test/sofa_0722.ply,7,7,sofa,sofa,0.9985001087188721
baseline,1,650,/home/nochi/NOCHI/M2_PAR/Apprenyissage_Pointcloud/Pointclouds-classification-with-the-POINTNET-Neural-network/PointNetLab/data/ModelNet10_PLY/sofa/test/sofa_0723.ply,7,7,sofa,sofa,0.9920963048934937
baseline,1,651,/home/nochi/NOCHI/M2_PAR/Apprenyissage_Pointcloud/Pointclouds-classification-with-the-POINTNET-Neural-network/PointNetLab/data/ModelNet10_PLY/sofa/test/sofa_0724.ply,7,7,sofa,sofa,0.9971509575843811
baseline,1,652,/home/nochi/NOCHI/M2_PAR/Apprenyissage_Pointcloud/Pointclouds-classification-with-the-POINTNET-Neural-network/PointNetLab/data/ModelNet10_PLY/sofa/test/sofa_0725.ply,7,7,sofa,sofa,0.9989149570465088
baseline,1,653,/home/nochi/NOCHI/M2_PAR/Apprenyissage_Pointcloud/Pointclouds-classification-with-the-POINTNET-Neural-network/PointNetLab/data/ModelNet10_PLY/sofa/test/sofa_0726.ply,7,7,sofa,sofa,0.9990843534469604
baseline,1,654,/home/nochi/NOCHI/M2_PAR/Apprenyissage_Pointcloud/Pointclouds-classification-with-the-POINTNET-Neural-network/PointNetLab/data/ModelNet10_PLY/sofa/test/sofa_0727.ply,7,7,sofa,sofa,0.9993190765380859
baseline,1,655,/home/nochi/NOCHI/M2_PAR/Apprenyissage_Pointcloud/Pointclouds-classification-with-the-POINTNET-Neural-network/PointNetLab/data/ModelNet10_PLY/sofa/test/sofa_0728.ply,7,7,sofa,sofa,0.9511907696723938
baseline,1,656,/home/nochi/NOCHI/M2_PAR/Apprenyissage_Pointcloud/Pointclouds-classification-with-the-POINTNET-Neural-network/PointNetLab/data/ModelNet10_PLY/sofa/test/sofa_0729.ply,7,7,sofa,sofa,0.9983878135681152
baseline,1,657,/home/nochi/NOCHI/M2_PAR/Apprenyissage_Pointcloud/Pointclouds-classification-with-the-POINTNET-Neural-network/PointNetLab/data/ModelNet10_PLY/sofa/test/sofa_0730.ply,7,7,sofa,sofa,0.9975256323814392
baseline,1,658,/home/nochi/NOCHI/M2_PAR/Apprenyissage_Pointcloud/Pointclouds-classification-with-the-POINTNET-Neural-network/PointNetLab/data/ModelNet10_PLY/sofa/test/sofa_0731.ply,7,7,sofa,sofa,0.9977957010269165
baseline,1,659,/home/nochi/NOCHI/M2_PAR/Apprenyissage_Pointcloud/Pointclouds-classification-with-the-POINTNET-Neural-network/PointNetLab/data/ModelNet10_PLY/sofa/test/sofa_0732.ply,7,7,sofa,sofa,0.9257879257202148
baseline,1,660,/home/nochi/NOCHI/M2_PAR/Apprenyissage_Pointcloud/Pointclouds-classification-with-the-POINTNET-Neural-network/PointNetLab/data/ModelNet10_PLY/sofa/test/sofa_0733.ply,7,7,sofa,sofa,0.9765874147415161
baseline,1,661,/home/nochi/NOCHI/M2_PAR/Apprenyissage_Pointcloud/Pointclouds-classification-with-the-POINTNET-Neural-network/PointNetLab/data/ModelNet10_PLY/sofa/test/sofa_0734.ply,7,7,sofa,sofa,0.9628747701644897
baseline,1,662,/home/nochi/NOCHI/M2_PAR/Apprenyissage_Pointcloud/Pointclouds-classification-with-the-POINTNET-Neural-network/PointNetLab/data/ModelNet10_PLY/sofa/test/sofa_0735.ply,7,7,sofa,sofa,0.9990232586860657
baseline,1,663,/home/nochi/NOCHI/M2_PAR/Apprenyissage_Pointcloud/Pointclouds-classification-with-the-POINTNET-Neural-network/PointNetLab/data/ModelNet10_PLY/sofa/test/sofa_0736.ply,7,7,sofa,sofa,0.9560588002204895
baseline,1,664,/home/nochi/NOCHI/M2_PAR/Apprenyissage_Pointcloud/Pointclouds-classification-with-the-POINTNET-Neural-network/PointNetLab/data/ModelNet10_PLY/sofa/test/sofa_0737.ply,7,7,sofa,sofa,0.9988837838172913
baseline,1,665,/home/nochi/NOCHI/M2_PAR/Apprenyissage_Pointcloud/Pointclouds-classification-with-the-POINTNET-Neural-network/PointNetLab/data/ModelNet10_PLY/sofa/test/sofa_0738.ply,7,7,sofa,sofa,0.9969115853309631
baseline,1,666,/home/nochi/NOCHI/M2_PAR/Apprenyissage_Pointcloud/Pointclouds-classification-with-the-POINTNET-Neural-network/PointNetLab/data/ModelNet10_PLY/sofa/test/sofa_0739.ply,7,7,sofa,sofa,0.9994411468505859
baseline,1,667,/home/nochi/NOCHI/M2_PAR/Apprenyissage_Pointcloud/Pointclouds-classification-with-the-POINTNET-Neural-network/PointNetLab/data/ModelNet10_PLY/sofa/test/sofa_0740.ply,7,7,sofa,sofa,0.9962270855903625
baseline,1,668,/home/nochi/NOCHI/M2_PAR/Apprenyissage_Pointcloud/Pointclouds-classification-with-the-POINTNET-Neural-network/PointNetLab/data/ModelNet10_PLY/sofa/test/sofa_0741.ply,7,7,sofa,sofa,0.9983933568000793
baseline,1,669,/home/nochi/NOCHI/M2_PAR/Apprenyissage_Pointcloud/Pointclouds-classification-with-the-POINTNET-Neural-network/PointNetLab/data/ModelNet10_PLY/sofa/test/sofa_0742.ply,7,7,sofa,sofa,0.9734992384910583
baseline,1,670,/home/nochi/NOCHI/M2_PAR/Apprenyissage_Pointcloud/Pointclouds-classification-with-the-POINTNET-Neural-network/PointNetLab/data/ModelNet10_PLY/sofa/test/sofa_0743.ply,7,7,sofa,sofa,0.9968128204345703
baseline,1,671,/home/nochi/NOCHI/M2_PAR/Apprenyissage_Pointcloud/Pointclouds-classification-with-the-POINTNET-Neural-network/PointNetLab/data/ModelNet10_PLY/sofa/test/sofa_0744.ply,7,7,sofa,sofa,0.9963924288749695
baseline,1,672,/home/nochi/NOCHI/M2_PAR/Apprenyissage_Pointcloud/Pointclouds-classification-with-the-POINTNET-Neural-network/PointNetLab/data/ModelNet10_PLY/sofa/test/sofa_0745.ply,7,7,sofa,sofa,0.9669907689094543
baseline,1,673,/home/nochi/NOCHI/M2_PAR/Apprenyissage_Pointcloud/Pointclouds-classification-with-the-POINTNET-Neural-network/PointNetLab/data/ModelNet10_PLY/sofa/test/sofa_0746.ply,7,7,sofa,sofa,0.9896255135536194
baseline,1,674,/home/nochi/NOCHI/M2_PAR/Apprenyissage_Pointcloud/Pointclouds-classification-with-the-POINTNET-Neural-network/PointNetLab/data/ModelNet10_PLY/sofa/test/sofa_0747.ply,7,7,sofa,sofa,0.9980753064155579
baseline,1,675,/home/nochi/NOCHI/M2_PAR/Apprenyissage_Pointcloud/Pointclouds-classification-with-the-POINTNET-Neural-network/PointNetLab/data/ModelNet10_PLY/sofa/test/sofa_0748.ply,7,7,sofa,sofa,0.9572403430938721
baseline,1,676,/home/nochi/NOCHI/M2_PAR/Apprenyissage_Pointcloud/Pointclouds-classification-with-the-POINTNET-Neural-network/PointNetLab/data/ModelNet10_PLY/sofa/test/sofa_0749.ply,7,7,sofa,sofa,0.9714118242263794
baseline,1,677,/home/nochi/NOCHI/M2_PAR/Apprenyissage_Pointcloud/Pointclouds-classification-with-the-POINTNET-Neural-network/PointNetLab/data/ModelNet10_PLY/sofa/test/sofa_0750.ply,7,7,sofa,sofa,0.9940450191497803
baseline,1,678,/home/nochi/NOCHI/M2_PAR/Apprenyissage_Pointcloud/Pointclouds-classification-with-the-POINTNET-Neural-network/PointNetLab/data/ModelNet10_PLY/sofa/test/sofa_0751.ply,7,7,sofa,sofa,0.9921515583992004
baseline,1,679,/home/nochi/NOCHI/M2_PAR/Apprenyissage_Pointcloud/Pointclouds-classification-with-the-POINTNET-Neural-network/PointNetLab/data/ModelNet10_PLY/sofa/test/sofa_0752.ply,7,7,sofa,sofa,0.9817022085189819
baseline,1,680,/home/nochi/NOCHI/M2_PAR/Apprenyissage_Pointcloud/Pointclouds-classification-with-the-POINTNET-Neural-network/PointNetLab/data/ModelNet10_PLY/sofa/test/sofa_0753.ply,7,7,sofa,sofa,0.997575044631958
baseline,1,681,/home/nochi/NOCHI/M2_PAR/Apprenyissage_Pointcloud/Pointclouds-classification-with-the-POINTNET-Neural-network/PointNetLab/data/ModelNet10_PLY/sofa/test/sofa_0754.ply,7,7,sofa,sofa,0.9951689839363098
baseline,1,682,/home/nochi/NOCHI/M2_PAR/Apprenyissage_Pointcloud/Pointclouds-classification-with-the-POINTNET-Neural-network/PointNetLab/data/ModelNet10_PLY/sofa/test/sofa_0755.ply,7,7,sofa,sofa,0.936475932598114
baseline,1,683,/home/nochi/NOCHI/M2_PAR/Apprenyissage_Pointcloud/Pointclouds-classification-with-the-POINTNET-Neural-network/PointNetLab/data/ModelNet10_PLY/sofa/test/sofa_0756.ply,7,7,sofa,sofa,0.9987190961837769
baseline,1,684,/home/nochi/NOCHI/M2_PAR/Apprenyissage_Pointcloud/Pointclouds-classification-with-the-POINTNET-Neural-network/PointNetLab/data/ModelNet10_PLY/sofa/test/sofa_0757.ply,7,7,sofa,sofa,0.9994182586669922
baseline,1,685,/home/nochi/NOCHI/M2_PAR/Apprenyissage_Pointcloud/Pointclouds-classification-with-the-POINTNET-Neural-network/PointNetLab/data/ModelNet10_PLY/sofa/test/sofa_0758.ply,7,7,sofa,sofa,0.9987797737121582
baseline,1,686,/home/nochi/NOCHI/M2_PAR/Apprenyissage_Pointcloud/Pointclouds-classification-with-the-POINTNET-Neural-network/PointNetLab/data/ModelNet10_PLY/sofa/test/sofa_0759.ply,7,7,sofa,sofa,0.9982348680496216
baseline,1,687,/home/nochi/NOCHI/M2_PAR/Apprenyissage_Pointcloud/Pointclouds-classification-with-the-POINTNET-Neural-network/PointNetLab/data/ModelNet10_PLY/sofa/test/sofa_0760.ply,7,7,sofa,sofa,0.9505571722984314
baseline,1,688,/home/nochi/NOCHI/M2_PAR/Apprenyissage_Pointcloud/Pointclouds-classification-with-the-POINTNET-Neural-network/PointNetLab/data/ModelNet10_PLY/sofa/test/sofa_0761.ply,7,7,sofa,sofa,0.9979022145271301
baseline,1,689,/home/nochi/NOCHI/M2_PAR/Apprenyissage_Pointcloud/Pointclouds-classification-with-the-POINTNET-Neural-network/PointNetLab/data/ModelNet10_PLY/sofa/test/sofa_0762.ply,7,7,sofa,sofa,0.9906403422355652
baseline,1,690,/home/nochi/NOCHI/M2_PAR/Apprenyissage_Pointcloud/Pointclouds-classification-with-the-POINTNET-Neural-network/PointNetLab/data/ModelNet10_PLY/sofa/test/sofa_0763.ply,7,7,sofa,sofa,0.9972045421600342
baseline,1,691,/home/nochi/NOCHI/M2_PAR/Apprenyissage_Pointcloud/Pointclouds-classification-with-the-POINTNET-Neural-network/PointNetLab/data/ModelNet10_PLY/sofa/test/sofa_0764.ply,7,7,sofa,sofa,0.9991037249565125
baseline,1,692,/home/nochi/NOCHI/M2_PAR/Apprenyissage_Pointcloud/Pointclouds-classification-with-the-POINTNET-Neural-network/PointNetLab/data/ModelNet10_PLY/sofa/test/sofa_0765.ply,7,7,sofa,sofa,0.9877564907073975
baseline,1,693,/home/nochi/NOCHI/M2_PAR/Apprenyissage_Pointcloud/Pointclouds-classification-with-the-POINTNET-Neural-network/PointNetLab/data/ModelNet10_PLY/sofa/test/sofa_0766.ply,7,7,sofa,sofa,0.9982133507728577
baseline,1,694,/home/nochi/NOCHI/M2_PAR/Apprenyissage_Pointcloud/Pointclouds-classification-with-the-POINTNET-Neural-network/PointNetLab/data/ModelNet10_PLY/sofa/test/sofa_0767.ply,7,7,sofa,sofa,0.9989003539085388
baseline,1,695,/home/nochi/NOCHI/M2_PAR/Apprenyissage_Pointcloud/Pointclouds-classification-with-the-POINTNET-Neural-network/PointNetLab/data/ModelNet10_PLY/sofa/test/sofa_0768.ply,7,7,sofa,sofa,0.9974331259727478
baseline,1,696,/home/nochi/NOCHI/M2_PAR/Apprenyissage_Pointcloud/Pointclouds-classification-with-the-POINTNET-Neural-network/PointNetLab/data/ModelNet10_PLY/sofa/test/sofa_0769.ply,7,7,sofa,sofa,0.9957655668258667
baseline,1,697,/home/nochi/NOCHI/M2_PAR/Apprenyissage_Pointcloud/Pointclouds-classification-with-the-POINTNET-Neural-network/PointNetLab/data/ModelNet10_PLY/sofa/test/sofa_0770.ply,7,7,sofa,sofa,0.9971540570259094
baseline,1,698,/home/nochi/NOCHI/M2_PAR/Apprenyissage_Pointcloud/Pointclouds-classification-with-the-POINTNET-Neural-network/PointNetLab/data/ModelNet10_PLY/sofa/test/sofa_0771.ply,7,7,sofa,sofa,0.9978615641593933
baseline,1,699,/home/nochi/NOCHI/M2_PAR/Apprenyissage_Pointcloud/Pointclouds-classification-with-the-POINTNET-Neural-network/PointNetLab/data/ModelNet10_PLY/sofa/test/sofa_0772.ply,7,7,sofa,sofa,0.9907964468002319
baseline,1,700,/home/nochi/NOCHI/M2_PAR/Apprenyissage_Pointcloud/Pointclouds-classification-with-the-POINTNET-Neural-network/PointNetLab/data/ModelNet10_PLY/sofa/test/sofa_0773.ply,7,7,sofa,sofa,0.9926519393920898
baseline,1,701,/home/nochi/NOCHI/M2_PAR/Apprenyissage_Pointcloud/Pointclouds-classification-with-the-POINTNET-Neural-network/PointNetLab/data/ModelNet10_PLY/sofa/test/sofa_0774.ply,7,7,sofa,sofa,0.9866743683815002
baseline,1,702,/home/nochi/NOCHI/M2_PAR/Apprenyissage_Pointcloud/Pointclouds-classification-with-the-POINTNET-Neural-network/PointNetLab/data/ModelNet10_PLY/sofa/test/sofa_0775.ply,7,7,sofa,sofa,0.9964631199836731
baseline,1,703,/home/nochi/NOCHI/M2_PAR/Apprenyissage_Pointcloud/Pointclouds-classification-with-the-POINTNET-Neural-network/PointNetLab/data/ModelNet10_PLY/sofa/test/sofa_0776.ply,7,7,sofa,sofa,0.9951579570770264
baseline,1,704,/home/nochi/NOCHI/M2_PAR/Apprenyissage_Pointcloud/Pointclouds-classification-with-the-POINTNET-Neural-network/PointNetLab/data/ModelNet10_PLY/sofa/test/sofa_0777.ply,7,7,sofa,sofa,0.9984581470489502
baseline,1,705,/home/nochi/NOCHI/M2_PAR/Apprenyissage_Pointcloud/Pointclouds-classification-with-the-POINTNET-Neural-network/PointNetLab/data/ModelNet10_PLY/sofa/test/sofa_0778.ply,7,7,sofa,sofa,0.9988225102424622
baseline,1,706,/home/nochi/NOCHI/M2_PAR/Apprenyissage_Pointcloud/Pointclouds-classification-with-the-POINTNET-Neural-network/PointNetLab/data/ModelNet10_PLY/sofa/test/sofa_0779.ply,7,7,sofa,sofa,0.998123049736023
baseline,1,707,/home/nochi/NOCHI/M2_PAR/Apprenyissage_Pointcloud/Pointclouds-classification-with-the-POINTNET-Neural-network/PointNetLab/data/ModelNet10_PLY/sofa/test/sofa_0780.ply,7,7,sofa,sofa,0.9961762428283691
baseline,1,708,/home/nochi/NOCHI/M2_PAR/Apprenyissage_Pointcloud/Pointclouds-classification-with-the-POINTNET-Neural-network/PointNetLab/data/ModelNet10_PLY/table/test/table_0393.ply,8,3,table,desk,0.5758470892906189
baseline,1,709,/home/nochi/NOCHI/M2_PAR/Apprenyissage_Pointcloud/Pointclouds-classification-with-the-POINTNET-Neural-network/PointNetLab/data/ModelNet10_PLY/table/test/table_0394.ply,8,8,table,table,0.9768143892288208
baseline,1,710,/home/nochi/NOCHI/M2_PAR/Apprenyissage_Pointcloud/Pointclouds-classification-with-the-POINTNET-Neural-network/PointNetLab/data/ModelNet10_PLY/table/test/table_0395.ply,8,8,table,table,0.9501562118530273
baseline,1,711,/home/nochi/NOCHI/M2_PAR/Apprenyissage_Pointcloud/Pointclouds-classification-with-the-POINTNET-Neural-network/PointNetLab/data/ModelNet10_PLY/table/test/table_0396.ply,8,8,table,table,0.9337709546089172
baseline,1,712,/home/nochi/NOCHI/M2_PAR/Apprenyissage_Pointcloud/Pointclouds-classification-with-the-POINTNET-Neural-network/PointNetLab/data/ModelNet10_PLY/table/test/table_0397.ply,8,8,table,table,0.9761335849761963
baseline,1,713,/home/nochi/NOCHI/M2_PAR/Apprenyissage_Pointcloud/Pointclouds-classification-with-the-POINTNET-Neural-network/PointNetLab/data/ModelNet10_PLY/table/test/table_0398.ply,8,8,table,table,0.8527236580848694
baseline,1,714,/home/nochi/NOCHI/M2_PAR/Apprenyissage_Pointcloud/Pointclouds-classification-with-the-POINTNET-Neural-network/PointNetLab/data/ModelNet10_PLY/table/test/table_0399.ply,8,8,table,table,0.9906247854232788
baseline,1,715,/home/nochi/NOCHI/M2_PAR/Apprenyissage_Pointcloud/Pointclouds-classification-with-the-POINTNET-Neural-network/PointNetLab/data/ModelNet10_PLY/table/test/table_0400.ply,8,8,table,table,0.6203632950782776
baseline,1,716,/home/nochi/NOCHI/M2_PAR/Apprenyissage_Pointcloud/Pointclouds-classification-with-the-POINTNET-Neural-network/PointNetLab/data/ModelNet10_PLY/table/test/table_0401.ply,8,8,table,table,0.9243901968002319
baseline,1,717,/home/nochi/NOCHI/M2_PAR/Apprenyissage_Pointcloud/Pointclouds-classification-with-the-POINTNET-Neural-network/PointNetLab/data/ModelNet10_PLY/table/test/table_0402.ply,8,8,table,table,0.9927345514297485
baseline,1,718,/home/nochi/NOCHI/M2_PAR/Apprenyissage_Pointcloud/Pointclouds-classification-with-the-POINTNET-Neural-network/PointNetLab/data/ModelNet10_PLY/table/test/table_0403.ply,8,8,table,table,0.9812405705451965
baseline,1,719,/home/nochi/NOCHI/M2_PAR/Apprenyissage_Pointcloud/Pointclouds-classification-with-the-POINTNET-Neural-network/PointNetLab/data/ModelNet10_PLY/table/test/table_0404.ply,8,8,table,table,0.9979360103607178
baseline,1,720,/home/nochi/NOCHI/M2_PAR/Apprenyissage_Pointcloud/Pointclouds-classification-with-the-POINTNET-Neural-network/PointNetLab/data/ModelNet10_PLY/table/test/table_0405.ply,8,8,table,table,0.9864742159843445
baseline,1,721,/home/nochi/NOCHI/M2_PAR/Apprenyissage_Pointcloud/Pointclouds-classification-with-the-POINTNET-Neural-network/PointNetLab/data/ModelNet10_PLY/table/test/table_0406.ply,8,8,table,table,0.996343195438385
baseline,1,722,/home/nochi/NOCHI/M2_PAR/Apprenyissage_Pointcloud/Pointclouds-classification-with-the-POINTNET-Neural-network/PointNetLab/data/ModelNet10_PLY/table/test/table_0407.ply,8,8,table,table,0.9442663192749023
baseline,1,723,/home/nochi/NOCHI/M2_PAR/Apprenyissage_Pointcloud/Pointclouds-classification-with-the-POINTNET-Neural-network/PointNetLab/data/ModelNet10_PLY/table/test/table_0408.ply,8,8,table,table,0.9830405712127686
baseline,1,724,/home/nochi/NOCHI/M2_PAR/Apprenyissage_Pointcloud/Pointclouds-classification-with-the-POINTNET-Neural-network/PointNetLab/data/ModelNet10_PLY/table/test/table_0409.ply,8,3,table,desk,0.6908369064331055
baseline,1,725,/home/nochi/NOCHI/M2_PAR/Apprenyissage_Pointcloud/Pointclouds-classification-with-the-POINTNET-Neural-network/PointNetLab/data/ModelNet10_PLY/table/test/table_0410.ply,8,8,table,table,0.8953085541725159
baseline,1,726,/home/nochi/NOCHI/M2_PAR/Apprenyissage_Pointcloud/Pointclouds-classification-with-the-POINTNET-Neural-network/PointNetLab/data/ModelNet10_PLY/table/test/table_0411.ply,8,8,table,table,0.9567714333534241
baseline,1,727,/home/nochi/NOCHI/M2_PAR/Apprenyissage_Pointcloud/Pointclouds-classification-with-the-POINTNET-Neural-network/PointNetLab/data/ModelNet10_PLY/table/test/table_0412.ply,8,8,table,table,0.896003007888794
baseline,1,728,/home/nochi/NOCHI/M2_PAR/Apprenyissage_Pointcloud/Pointclouds-classification-with-the-POINTNET-Neural-network/PointNetLab/data/ModelNet10_PLY/table/test/table_0413.ply,8,8,table,table,0.988655149936676
baseline,1,729,/home/nochi/NOCHI/M2_PAR/Apprenyissage_Pointcloud/Pointclouds-classification-with-the-POINTNET-Neural-network/PointNetLab/data/ModelNet10_PLY/table/test/table_0414.ply,8,8,table,table,0.98586505651474
baseline,1,730,/home/nochi/NOCHI/M2_PAR/Apprenyissage_Pointcloud/Pointclouds-classification-with-the-POINTNET-Neural-network/PointNetLab/data/ModelNet10_PLY/table/test/table_0415.ply,8,8,table,table,0.942771315574646
baseline,1,731,/home/nochi/NOCHI/M2_PAR/Apprenyissage_Pointcloud/Pointclouds-classification-with-the-POINTNET-Neural-network/PointNetLab/data/ModelNet10_PLY/table/test/table_0416.ply,8,8,table,table,0.9879552125930786
baseline,1,732,/home/nochi/NOCHI/M2_PAR/Apprenyissage_Pointcloud/Pointclouds-classification-with-the-POINTNET-Neural-network/PointNetLab/data/ModelNet10_PLY/table/test/table_0417.ply,8,8,table,table,0.9893438816070557
baseline,1,733,/home/nochi/NOCHI/M2_PAR/Apprenyissage_Pointcloud/Pointclouds-classification-with-the-POINTNET-Neural-network/PointNetLab/data/ModelNet10_PLY/table/test/table_0418.ply,8,8,table,table,0.8038690090179443
baseline,1,734,/home/nochi/NOCHI/M2_PAR/Apprenyissage_Pointcloud/Pointclouds-classification-with-the-POINTNET-Neural-network/PointNetLab/data/ModelNet10_PLY/table/test/table_0419.ply,8,8,table,table,0.7203530073165894
baseline,1,735,/home/nochi/NOCHI/M2_PAR/Apprenyissage_Pointcloud/Pointclouds-classification-with-the-POINTNET-Neural-network/PointNetLab/data/ModelNet10_PLY/table/test/table_0420.ply,8,8,table,table,0.8579537868499756
baseline,1,736,/home/nochi/NOCHI/M2_PAR/Apprenyissage_Pointcloud/Pointclouds-classification-with-the-POINTNET-Neural-network/PointNetLab/data/ModelNet10_PLY/table/test/table_0421.ply,8,8,table,table,0.9970626831054688
baseline,1,737,/home/nochi/NOCHI/M2_PAR/Apprenyissage_Pointcloud/Pointclouds-classification-with-the-POINTNET-Neural-network/PointNetLab/data/ModelNet10_PLY/table/test/table_0422.ply,8,8,table,table,0.972079873085022
baseline,1,738,/home/nochi/NOCHI/M2_PAR/Apprenyissage_Pointcloud/Pointclouds-classification-with-the-POINTNET-Neural-network/PointNetLab/data/ModelNet10_PLY/table/test/table_0423.ply,8,8,table,table,0.8746005892753601
baseline,1,739,/home/nochi/NOCHI/M2_PAR/Apprenyissage_Pointcloud/Pointclouds-classification-with-the-POINTNET-Neural-network/PointNetLab/data/ModelNet10_PLY/table/test/table_0424.ply,8,8,table,table,0.9422385692596436
baseline,1,740,/home/nochi/NOCHI/M2_PAR/Apprenyissage_Pointcloud/Pointclouds-classification-with-the-POINTNET-Neural-network/PointNetLab/data/ModelNet10_PLY/table/test/table_0425.ply,8,8,table,table,0.9561389088630676
baseline,1,741,/home/nochi/NOCHI/M2_PAR/Apprenyissage_Pointcloud/Pointclouds-classification-with-the-POINTNET-Neural-network/PointNetLab/data/ModelNet10_PLY/table/test/table_0426.ply,8,8,table,table,0.9872867465019226
baseline,1,742,/home/nochi/NOCHI/M2_PAR/Apprenyissage_Pointcloud/Pointclouds-classification-with-the-POINTNET-Neural-network/PointNetLab/data/ModelNet10_PLY/table/test/table_0427.ply,8,8,table,table,0.9057470560073853
baseline,1,743,/home/nochi/NOCHI/M2_PAR/Apprenyissage_Pointcloud/Pointclouds-classification-with-the-POINTNET-Neural-network/PointNetLab/data/ModelNet10_PLY/table/test/table_0428.ply,8,8,table,table,0.982915461063385
baseline,1,744,/home/nochi/NOCHI/M2_PAR/Apprenyissage_Pointcloud/Pointclouds-classification-with-the-POINTNET-Neural-network/PointNetLab/data/ModelNet10_PLY/table/test/table_0429.ply,8,8,table,table,0.7515599131584167
baseline,1,745,/home/nochi/NOCHI/M2_PAR/Apprenyissage_Pointcloud/Pointclouds-classification-with-the-POINTNET-Neural-network/PointNetLab/data/ModelNet10_PLY/table/test/table_0430.ply,8,8,table,table,0.9891718029975891
baseline,1,746,/home/nochi/NOCHI/M2_PAR/Apprenyissage_Pointcloud/Pointclouds-classification-with-the-POINTNET-Neural-network/PointNetLab/data/ModelNet10_PLY/table/test/table_0431.ply,8,8,table,table,0.9910820722579956
baseline,1,747,/home/nochi/NOCHI/M2_PAR/Apprenyissage_Pointcloud/Pointclouds-classification-with-the-POINTNET-Neural-network/PointNetLab/data/ModelNet10_PLY/table/test/table_0432.ply,8,8,table,table,0.9818474054336548
baseline,1,748,/home/nochi/NOCHI/M2_PAR/Apprenyissage_Pointcloud/Pointclouds-classification-with-the-POINTNET-Neural-network/PointNetLab/data/ModelNet10_PLY/table/test/table_0433.ply,8,8,table,table,0.9940493702888489
baseline,1,749,/home/nochi/NOCHI/M2_PAR/Apprenyissage_Pointcloud/Pointclouds-classification-with-the-POINTNET-Neural-network/PointNetLab/data/ModelNet10_PLY/table/test/table_0434.ply,8,8,table,table,0.9816188216209412
baseline,1,750,/home/nochi/NOCHI/M2_PAR/Apprenyissage_Pointcloud/Pointclouds-classification-with-the-POINTNET-Neural-network/PointNetLab/data/ModelNet10_PLY/table/test/table_0435.ply,8,8,table,table,0.5754637122154236
baseline,1,751,/home/nochi/NOCHI/M2_PAR/Apprenyissage_Pointcloud/Pointclouds-classification-with-the-POINTNET-Neural-network/PointNetLab/data/ModelNet10_PLY/table/test/table_0436.ply,8,8,table,table,0.8309638500213623
baseline,1,752,/home/nochi/NOCHI/M2_PAR/Apprenyissage_Pointcloud/Pointclouds-classification-with-the-POINTNET-Neural-network/PointNetLab/data/ModelNet10_PLY/table/test/table_0437.ply,8,8,table,table,0.9975905418395996
baseline,1,753,/home/nochi/NOCHI/M2_PAR/Apprenyissage_Pointcloud/Pointclouds-classification-with-the-POINTNET-Neural-network/PointNetLab/data/ModelNet10_PLY/table/test/table_0438.ply,8,8,table,table,0.973708987236023
baseline,1,754,/home/nochi/NOCHI/M2_PAR/Apprenyissage_Pointcloud/Pointclouds-classification-with-the-POINTNET-Neural-network/PointNetLab/data/ModelNet10_PLY/table/test/table_0439.ply,8,8,table,table,0.993503212928772
baseline,1,755,/home/nochi/NOCHI/M2_PAR/Apprenyissage_Pointcloud/Pointclouds-classification-with-the-POINTNET-Neural-network/PointNetLab/data/ModelNet10_PLY/table/test/table_0440.ply,8,8,table,table,0.9241992235183716
baseline,1,756,/home/nochi/NOCHI/M2_PAR/Apprenyissage_Pointcloud/Pointclouds-classification-with-the-POINTNET-Neural-network/PointNetLab/data/ModelNet10_PLY/table/test/table_0441.ply,8,8,table,table,0.9844681024551392
baseline,1,757,/home/nochi/NOCHI/M2_PAR/Apprenyissage_Pointcloud/Pointclouds-classification-with-the-POINTNET-Neural-network/PointNetLab/data/ModelNet10_PLY/table/test/table_0442.ply,8,8,table,table,0.9882105588912964
baseline,1,758,/home/nochi/NOCHI/M2_PAR/Apprenyissage_Pointcloud/Pointclouds-classification-with-the-POINTNET-Neural-network/PointNetLab/data/ModelNet10_PLY/table/test/table_0443.ply,8,8,table,table,0.9251626133918762
baseline,1,759,/home/nochi/NOCHI/M2_PAR/Apprenyissage_Pointcloud/Pointclouds-classification-with-the-POINTNET-Neural-network/PointNetLab/data/ModelNet10_PLY/table/test/table_0444.ply,8,8,table,table,0.8887468576431274
baseline,1,760,/home/nochi/NOCHI/M2_PAR/Apprenyissage_Pointcloud/Pointclouds-classification-with-the-POINTNET-Neural-network/PointNetLab/data/ModelNet10_PLY/table/test/table_0445.ply,8,8,table,table,0.8660010099411011
baseline,1,761,/home/nochi/NOCHI/M2_PAR/Apprenyissage_Pointcloud/Pointclouds-classification-with-the-POINTNET-Neural-network/PointNetLab/data/ModelNet10_PLY/table/test/table_0446.ply,8,8,table,table,0.9885083436965942
baseline,1,762,/home/nochi/NOCHI/M2_PAR/Apprenyissage_Pointcloud/Pointclouds-classification-with-the-POINTNET-Neural-network/PointNetLab/data/ModelNet10_PLY/table/test/table_0447.ply,8,8,table,table,0.9878473281860352
baseline,1,763,/home/nochi/NOCHI/M2_PAR/Apprenyissage_Pointcloud/Pointclouds-classification-with-the-POINTNET-Neural-network/PointNetLab/data/ModelNet10_PLY/table/test/table_0448.ply,8,8,table,table,0.9775371551513672
baseline,1,764,/home/nochi/NOCHI/M2_PAR/Apprenyissage_Pointcloud/Pointclouds-classification-with-the-POINTNET-Neural-network/PointNetLab/data/ModelNet10_PLY/table/test/table_0449.ply,8,8,table,table,0.9576040506362915
baseline,1,765,/home/nochi/NOCHI/M2_PAR/Apprenyissage_Pointcloud/Pointclouds-classification-with-the-POINTNET-Neural-network/PointNetLab/data/ModelNet10_PLY/table/test/table_0450.ply,8,6,table,night_stand,0.5137109160423279
baseline,1,766,/home/nochi/NOCHI/M2_PAR/Apprenyissage_Pointcloud/Pointclouds-classification-with-the-POINTNET-Neural-network/PointNetLab/data/ModelNet10_PLY/table/test/table_0451.ply,8,8,table,table,0.8746950030326843
baseline,1,767,/home/nochi/NOCHI/M2_PAR/Apprenyissage_Pointcloud/Pointclouds-classification-with-the-POINTNET-Neural-network/PointNetLab/data/ModelNet10_PLY/table/test/table_0452.ply,8,8,table,table,0.9704242944717407
baseline,1,768,/home/nochi/NOCHI/M2_PAR/Apprenyissage_Pointcloud/Pointclouds-classification-with-the-POINTNET-Neural-network/PointNetLab/data/ModelNet10_PLY/table/test/table_0453.ply,8,8,table,table,0.9938123226165771
baseline,1,769,/home/nochi/NOCHI/M2_PAR/Apprenyissage_Pointcloud/Pointclouds-classification-with-the-POINTNET-Neural-network/PointNetLab/data/ModelNet10_PLY/table/test/table_0454.ply,8,8,table,table,0.984402060508728
baseline,1,770,/home/nochi/NOCHI/M2_PAR/Apprenyissage_Pointcloud/Pointclouds-classification-with-the-POINTNET-Neural-network/PointNetLab/data/ModelNet10_PLY/table/test/table_0455.ply,8,8,table,table,0.9797780513763428
baseline,1,771,/home/nochi/NOCHI/M2_PAR/Apprenyissage_Pointcloud/Pointclouds-classification-with-the-POINTNET-Neural-network/PointNetLab/data/ModelNet10_PLY/table/test/table_0456.ply,8,8,table,table,0.9908517003059387
baseline,1,772,/home/nochi/NOCHI/M2_PAR/Apprenyissage_Pointcloud/Pointclouds-classification-with-the-POINTNET-Neural-network/PointNetLab/data/ModelNet10_PLY/table/test/table_0457.ply,8,8,table,table,0.9854663610458374
baseline,1,773,/home/nochi/NOCHI/M2_PAR/Apprenyissage_Pointcloud/Pointclouds-classification-with-the-POINTNET-Neural-network/PointNetLab/data/ModelNet10_PLY/table/test/table_0458.ply,8,8,table,table,0.9624944925308228
baseline,1,774,/home/nochi/NOCHI/M2_PAR/Apprenyissage_Pointcloud/Pointclouds-classification-with-the-POINTNET-Neural-network/PointNetLab/data/ModelNet10_PLY/table/test/table_0459.ply,8,8,table,table,0.967451274394989
baseline,1,775,/home/nochi/NOCHI/M2_PAR/Apprenyissage_Pointcloud/Pointclouds-classification-with-the-POINTNET-Neural-network/PointNetLab/data/ModelNet10_PLY/table/test/table_0460.ply,8,8,table,table,0.8215726613998413
baseline,1,776,/home/nochi/NOCHI/M2_PAR/Apprenyissage_Pointcloud/Pointclouds-classification-with-the-POINTNET-Neural-network/PointNetLab/data/ModelNet10_PLY/table/test/table_0461.ply,8,3,table,desk,0.5277764201164246
baseline,1,777,/home/nochi/NOCHI/M2_PAR/Apprenyissage_Pointcloud/Pointclouds-classification-with-the-POINTNET-Neural-network/PointNetLab/data/ModelNet10_PLY/table/test/table_0462.ply,8,8,table,table,0.9976648688316345
baseline,1,778,/home/nochi/NOCHI/M2_PAR/Apprenyissage_Pointcloud/Pointclouds-classification-with-the-POINTNET-Neural-network/PointNetLab/data/ModelNet10_PLY/table/test/table_0463.ply,8,8,table,table,0.987591028213501
baseline,1,779,/home/nochi/NOCHI/M2_PAR/Apprenyissage_Pointcloud/Pointclouds-classification-with-the-POINTNET-Neural-network/PointNetLab/data/ModelNet10_PLY/table/test/table_0464.ply,8,8,table,table,0.9680952429771423
baseline,1,780,/home/nochi/NOCHI/M2_PAR/Apprenyissage_Pointcloud/Pointclouds-classification-with-the-POINTNET-Neural-network/PointNetLab/data/ModelNet10_PLY/table/test/table_0465.ply,8,8,table,table,0.937658429145813
baseline,1,781,/home/nochi/NOCHI/M2_PAR/Apprenyissage_Pointcloud/Pointclouds-classification-with-the-POINTNET-Neural-network/PointNetLab/data/ModelNet10_PLY/table/test/table_0466.ply,8,8,table,table,0.9900357127189636
baseline,1,782,/home/nochi/NOCHI/M2_PAR/Apprenyissage_Pointcloud/Pointclouds-classification-with-the-POINTNET-Neural-network/PointNetLab/data/ModelNet10_PLY/table/test/table_0467.ply,8,8,table,table,0.9024593830108643
baseline,1,783,/home/nochi/NOCHI/M2_PAR/Apprenyissage_Pointcloud/Pointclouds-classification-with-the-POINTNET-Neural-network/PointNetLab/data/ModelNet10_PLY/table/test/table_0468.ply,8,8,table,table,0.9933058023452759
baseline,1,784,/home/nochi/NOCHI/M2_PAR/Apprenyissage_Pointcloud/Pointclouds-classification-with-the-POINTNET-Neural-network/PointNetLab/data/ModelNet10_PLY/table/test/table_0469.ply,8,8,table,table,0.9198169112205505
baseline,1,785,/home/nochi/NOCHI/M2_PAR/Apprenyissage_Pointcloud/Pointclouds-classification-with-the-POINTNET-Neural-network/PointNetLab/data/ModelNet10_PLY/table/test/table_0470.ply,8,8,table,table,0.9291552901268005
baseline,1,786,/home/nochi/NOCHI/M2_PAR/Apprenyissage_Pointcloud/Pointclouds-classification-with-the-POINTNET-Neural-network/PointNetLab/data/ModelNet10_PLY/table/test/table_0471.ply,8,8,table,table,0.9820666313171387
baseline,1,787,/home/nochi/NOCHI/M2_PAR/Apprenyissage_Pointcloud/Pointclouds-classification-with-the-POINTNET-Neural-network/PointNetLab/data/ModelNet10_PLY/table/test/table_0472.ply,8,8,table,table,0.9967017769813538
baseline,1,788,/home/nochi/NOCHI/M2_PAR/Apprenyissage_Pointcloud/Pointclouds-classification-with-the-POINTNET-Neural-network/PointNetLab/data/ModelNet10_PLY/table/test/table_0473.ply,8,8,table,table,0.9155946373939514
baseline,1,789,/home/nochi/NOCHI/M2_PAR/Apprenyissage_Pointcloud/Pointclouds-classification-with-the-POINTNET-Neural-network/PointNetLab/data/ModelNet10_PLY/table/test/table_0474.ply,8,3,table,desk,0.5247635841369629
baseline,1,790,/home/nochi/NOCHI/M2_PAR/Apprenyissage_Pointcloud/Pointclouds-classification-with-the-POINTNET-Neural-network/PointNetLab/data/ModelNet10_PLY/table/test/table_0475.ply,8,8,table,table,0.9472489953041077
baseline,1,791,/home/nochi/NOCHI/M2_PAR/Apprenyissage_Pointcloud/Pointclouds-classification-with-the-POINTNET-Neural-network/PointNetLab/data/ModelNet10_PLY/table/test/table_0476.ply,8,8,table,table,0.9628081321716309
baseline,1,792,/home/nochi/NOCHI/M2_PAR/Apprenyissage_Pointcloud/Pointclouds-classification-with-the-POINTNET-Neural-network/PointNetLab/data/ModelNet10_PLY/table/test/table_0477.ply,8,8,table,table,0.9806177020072937
baseline,1,793,/home/nochi/NOCHI/M2_PAR/Apprenyissage_Pointcloud/Pointclouds-classification-with-the-POINTNET-Neural-network/PointNetLab/data/ModelNet10_PLY/table/test/table_0478.ply,8,8,table,table,0.9463390707969666
baseline,1,794,/home/nochi/NOCHI/M2_PAR/Apprenyissage_Pointcloud/Pointclouds-classification-with-the-POINTNET-Neural-network/PointNetLab/data/ModelNet10_PLY/table/test/table_0479.ply,8,8,table,table,0.982133686542511
baseline,1,795,/home/nochi/NOCHI/M2_PAR/Apprenyissage_Pointcloud/Pointclouds-classification-with-the-POINTNET-Neural-network/PointNetLab/data/ModelNet10_PLY/table/test/table_0480.ply,8,8,table,table,0.9642838835716248
baseline,1,796,/home/nochi/NOCHI/M2_PAR/Apprenyissage_Pointcloud/Pointclouds-classification-with-the-POINTNET-Neural-network/PointNetLab/data/ModelNet10_PLY/table/test/table_0481.ply,8,8,table,table,0.8665934801101685
baseline,1,797,/home/nochi/NOCHI/M2_PAR/Apprenyissage_Pointcloud/Pointclouds-classification-with-the-POINTNET-Neural-network/PointNetLab/data/ModelNet10_PLY/table/test/table_0482.ply,8,8,table,table,0.9926359057426453
baseline,1,798,/home/nochi/NOCHI/M2_PAR/Apprenyissage_Pointcloud/Pointclouds-classification-with-the-POINTNET-Neural-network/PointNetLab/data/ModelNet10_PLY/table/test/table_0483.ply,8,8,table,table,0.7991909980773926
baseline,1,799,/home/nochi/NOCHI/M2_PAR/Apprenyissage_Pointcloud/Pointclouds-classification-with-the-POINTNET-Neural-network/PointNetLab/data/ModelNet10_PLY/table/test/table_0484.ply,8,8,table,table,0.7491660118103027
baseline,1,800,/home/nochi/NOCHI/M2_PAR/Apprenyissage_Pointcloud/Pointclouds-classification-with-the-POINTNET-Neural-network/PointNetLab/data/ModelNet10_PLY/table/test/table_0485.ply,8,8,table,table,0.925147294998169
baseline,1,801,/home/nochi/NOCHI/M2_PAR/Apprenyissage_Pointcloud/Pointclouds-classification-with-the-POINTNET-Neural-network/PointNetLab/data/ModelNet10_PLY/table/test/table_0486.ply,8,8,table,table,0.9915115237236023
baseline,1,802,/home/nochi/NOCHI/M2_PAR/Apprenyissage_Pointcloud/Pointclouds-classification-with-the-POINTNET-Neural-network/PointNetLab/data/ModelNet10_PLY/table/test/table_0487.ply,8,8,table,table,0.9786831736564636
baseline,1,803,/home/nochi/NOCHI/M2_PAR/Apprenyissage_Pointcloud/Pointclouds-classification-with-the-POINTNET-Neural-network/PointNetLab/data/ModelNet10_PLY/table/test/table_0488.ply,8,8,table,table,0.9893414974212646
baseline,1,804,/home/nochi/NOCHI/M2_PAR/Apprenyissage_Pointcloud/Pointclouds-classification-with-the-POINTNET-Neural-network/PointNetLab/data/ModelNet10_PLY/table/test/table_0489.ply,8,8,table,table,0.9669661521911621
baseline,1,805,/home/nochi/NOCHI/M2_PAR/Apprenyissage_Pointcloud/Pointclouds-classification-with-the-POINTNET-Neural-network/PointNetLab/data/ModelNet10_PLY/table/test/table_0490.ply,8,8,table,table,0.9887205362319946
baseline,1,806,/home/nochi/NOCHI/M2_PAR/Apprenyissage_Pointcloud/Pointclouds-classification-with-the-POINTNET-Neural-network/PointNetLab/data/ModelNet10_PLY/table/test/table_0491.ply,8,8,table,table,0.9339020252227783
baseline,1,807,/home/nochi/NOCHI/M2_PAR/Apprenyissage_Pointcloud/Pointclouds-classification-with-the-POINTNET-Neural-network/PointNetLab/data/ModelNet10_PLY/table/test/table_0492.ply,8,8,table,table,0.8756265640258789
baseline,1,808,/home/nochi/NOCHI/M2_PAR/Apprenyissage_Pointcloud/Pointclouds-classification-with-the-POINTNET-Neural-network/PointNetLab/data/ModelNet10_PLY/toilet/test/toilet_0345.ply,9,4,toilet,dresser,0.38145989179611206
baseline,1,809,/home/nochi/NOCHI/M2_PAR/Apprenyissage_Pointcloud/Pointclouds-classification-with-the-POINTNET-Neural-network/PointNetLab/data/ModelNet10_PLY/toilet/test/toilet_0346.ply,9,2,toilet,chair,0.524231493473053
baseline,1,810,/home/nochi/NOCHI/M2_PAR/Apprenyissage_Pointcloud/Pointclouds-classification-with-the-POINTNET-Neural-network/PointNetLab/data/ModelNet10_PLY/toilet/test/toilet_0347.ply,9,1,toilet,bed,0.9054568409919739
baseline,1,811,/home/nochi/NOCHI/M2_PAR/Apprenyissage_Pointcloud/Pointclouds-classification-with-the-POINTNET-Neural-network/PointNetLab/data/ModelNet10_PLY/toilet/test/toilet_0348.ply,9,9,toilet,toilet,0.9969135522842407
baseline,1,812,/home/nochi/NOCHI/M2_PAR/Apprenyissage_Pointcloud/Pointclouds-classification-with-the-POINTNET-Neural-network/PointNetLab/data/ModelNet10_PLY/toilet/test/toilet_0349.ply,9,9,toilet,toilet,0.9912949800491333
baseline,1,813,/home/nochi/NOCHI/M2_PAR/Apprenyissage_Pointcloud/Pointclouds-classification-with-the-POINTNET-Neural-network/PointNetLab/data/ModelNet10_PLY/toilet/test/toilet_0350.ply,9,9,toilet,toilet,0.9740177392959595
baseline,1,814,/home/nochi/NOCHI/M2_PAR/Apprenyissage_Pointcloud/Pointclouds-classification-with-the-POINTNET-Neural-network/PointNetLab/data/ModelNet10_PLY/toilet/test/toilet_0351.ply,9,2,toilet,chair,0.48393508791923523
baseline,1,815,/home/nochi/NOCHI/M2_PAR/Apprenyissage_Pointcloud/Pointclouds-classification-with-the-POINTNET-Neural-network/PointNetLab/data/ModelNet10_PLY/toilet/test/toilet_0352.ply,9,9,toilet,toilet,0.988433301448822
baseline,1,816,/home/nochi/NOCHI/M2_PAR/Apprenyissage_Pointcloud/Pointclouds-classification-with-the-POINTNET-Neural-network/PointNetLab/data/ModelNet10_PLY/toilet/test/toilet_0353.ply,9,9,toilet,toilet,0.6528647541999817
baseline,1,817,/home/nochi/NOCHI/M2_PAR/Apprenyissage_Pointcloud/Pointclouds-classification-with-the-POINTNET-Neural-network/PointNetLab/data/ModelNet10_PLY/toilet/test/toilet_0354.ply,9,2,toilet,chair,0.9196320176124573
baseline,1,818,/home/nochi/NOCHI/M2_PAR/Apprenyissage_Pointcloud/Pointclouds-classification-with-the-POINTNET-Neural-network/PointNetLab/data/ModelNet10_PLY/toilet/test/toilet_0355.ply,9,9,toilet,toilet,0.990917444229126
baseline,1,819,/home/nochi/NOCHI/M2_PAR/Apprenyissage_Pointcloud/Pointclouds-classification-with-the-POINTNET-Neural-network/PointNetLab/data/ModelNet10_PLY/toilet/test/toilet_0356.ply,9,9,toilet,toilet,0.8458245992660522
baseline,1,820,/home/nochi/NOCHI/M2_PAR/Apprenyissage_Pointcloud/Pointclouds-classification-with-the-POINTNET-Neural-network/PointNetLab/data/ModelNet10_PLY/toilet/test/toilet_0357.ply,9,2,toilet,chair,0.8933432698249817
baseline,1,821,/home/nochi/NOCHI/M2_PAR/Apprenyissage_Pointcloud/Pointclouds-classification-with-the-POINTNET-Neural-network/PointNetLab/data/ModelNet10_PLY/toilet/test/toilet_0358.ply,9,9,toilet,toilet,0.8825192451477051
baseline,1,822,/home/nochi/NOCHI/M2_PAR/Apprenyissage_Pointcloud/Pointclouds-classification-with-the-POINTNET-Neural-network/PointNetLab/data/ModelNet10_PLY/toilet/test/toilet_0359.ply,9,9,toilet,toilet,0.9914681911468506
baseline,1,823,/home/nochi/NOCHI/M2_PAR/Apprenyissage_Pointcloud/Pointclouds-classification-with-the-POINTNET-Neural-network/PointNetLab/data/ModelNet10_PLY/toilet/test/toilet_0360.ply,9,9,toilet,toilet,0.6717491149902344
baseline,1,824,/home/nochi/NOCHI/M2_PAR/Apprenyissage_Pointcloud/Pointclouds-classification-with-the-POINTNET-Neural-network/PointNetLab/data/ModelNet10_PLY/toilet/test/toilet_0361.ply,9,9,toilet,toilet,0.9918746948242188
baseline,1,825,/home/nochi/NOCHI/M2_PAR/Apprenyissage_Pointcloud/Pointclouds-classification-with-the-POINTNET-Neural-network/PointNetLab/data/ModelNet10_PLY/toilet/test/toilet_0362.ply,9,9,toilet,toilet,0.6439272165298462
baseline,1,826,/home/nochi/NOCHI/M2_PAR/Apprenyissage_Pointcloud/Pointclouds-classification-with-the-POINTNET-Neural-network/PointNetLab/data/ModelNet10_PLY/toilet/test/toilet_0363.ply,9,9,toilet,toilet,0.9868975281715393
baseline,1,827,/home/nochi/NOCHI/M2_PAR/Apprenyissage_Pointcloud/Pointclouds-classification-with-the-POINTNET-Neural-network/PointNetLab/data/ModelNet10_PLY/toilet/test/toilet_0364.ply,9,9,toilet,toilet,0.6247819662094116
baseline,1,828,/home/nochi/NOCHI/M2_PAR/Apprenyissage_Pointcloud/Pointclouds-classification-with-the-POINTNET-Neural-network/PointNetLab/data/ModelNet10_PLY/toilet/test/toilet_0365.ply,9,9,toilet,toilet,0.97048020362854
baseline,1,829,/home/nochi/NOCHI/M2_PAR/Apprenyissage_Pointcloud/Pointclouds-classification-with-the-POINTNET-Neural-network/PointNetLab/data/ModelNet10_PLY/toilet/test/toilet_0366.ply,9,9,toilet,toilet,0.9939619898796082
baseline,1,830,/home/nochi/NOCHI/M2_PAR/Apprenyissage_Pointcloud/Pointclouds-classification-with-the-POINTNET-Neural-network/PointNetLab/data/ModelNet10_PLY/toilet/test/toilet_0367.ply,9,9,toilet,toilet,0.979649543762207
baseline,1,831,/home/nochi/NOCHI/M2_PAR/Apprenyissage_Pointcloud/Pointclouds-classification-with-the-POINTNET-Neural-network/PointNetLab/data/ModelNet10_PLY/toilet/test/toilet_0368.ply,9,9,toilet,toilet,0.9915675520896912
baseline,1,832,/home/nochi/NOCHI/M2_PAR/Apprenyissage_Pointcloud/Pointclouds-classification-with-the-POINTNET-Neural-network/PointNetLab/data/ModelNet10_PLY/toilet/test/toilet_0369.ply,9,9,toilet,toilet,0.9908052086830139
baseline,1,833,/home/nochi/NOCHI/M2_PAR/Apprenyissage_Pointcloud/Pointclouds-classification-with-the-POINTNET-Neural-network/PointNetLab/data/ModelNet10_PLY/toilet/test/toilet_0370.ply,9,9,toilet,toilet,0.9940270185470581
baseline,1,834,/home/nochi/NOCHI/M2_PAR/Apprenyissage_Pointcloud/Pointclouds-classification-with-the-POINTNET-Neural-network/PointNetLab/data/ModelNet10_PLY/toilet/test/toilet_0371.ply,9,9,toilet,toilet,0.5781095623970032
baseline,1,835,/home/nochi/NOCHI/M2_PAR/Apprenyissage_Pointcloud/Pointclouds-classification-with-the-POINTNET-Neural-network/PointNetLab/data/ModelNet10_PLY/toilet/test/toilet_0372.ply,9,2,toilet,chair,0.9042451977729797
baseline,1,836,/home/nochi/NOCHI/M2_PAR/Apprenyissage_Pointcloud/Pointclouds-classification-with-the-POINTNET-Neural-network/PointNetLab/data/ModelNet10_PLY/toilet/test/toilet_0373.ply,9,0,toilet,bathtub,0.5255686640739441
baseline,1,837,/home/nochi/NOCHI/M2_PAR/Apprenyissage_Pointcloud/Pointclouds-classification-with-the-POINTNET-Neural-network/PointNetLab/data/ModelNet10_PLY/toilet/test/toilet_0374.ply,9,9,toilet,toilet,0.9888551235198975
baseline,1,838,/home/nochi/NOCHI/M2_PAR/Apprenyissage_Pointcloud/Pointclouds-classification-with-the-POINTNET-Neural-network/PointNetLab/data/ModelNet10_PLY/toilet/test/toilet_0375.ply,9,4,toilet,dresser,0.49642622470855713
baseline,1,839,/home/nochi/NOCHI/M2_PAR/Apprenyissage_Pointcloud/Pointclouds-classification-with-the-POINTNET-Neural-network/PointNetLab/data/ModelNet10_PLY/toilet/test/toilet_0376.ply,9,9,toilet,toilet,0.9856041669845581
baseline,1,840,/home/nochi/NOCHI/M2_PAR/Apprenyissage_Pointcloud/Pointclouds-classification-with-the-POINTNET-Neural-network/PointNetLab/data/ModelNet10_PLY/toilet/test/toilet_0377.ply,9,9,toilet,toilet,0.9836922287940979
baseline,1,841,/home/nochi/NOCHI/M2_PAR/Apprenyissage_Pointcloud/Pointclouds-classification-with-the-POINTNET-Neural-network/PointNetLab/data/ModelNet10_PLY/toilet/test/toilet_0378.ply,9,9,toilet,toilet,0.9901484251022339
baseline,1,842,/home/nochi/NOCHI/M2_PAR/Apprenyissage_Pointcloud/Pointclouds-classification-with-the-POINTNET-Neural-network/PointNetLab/data/ModelNet10_PLY/toilet/test/toilet_0379.ply,9,9,toilet,toilet,0.9930031299591064
baseline,1,843,/home/nochi/NOCHI/M2_PAR/Apprenyissage_Pointcloud/Pointclouds-classification-with-the-POINTNET-Neural-network/PointNetLab/data/ModelNet10_PLY/toilet/test/toilet_0380.ply,9,9,toilet,toilet,0.9726075530052185
baseline,1,844,/home/nochi/NOCHI/M2_PAR/Apprenyissage_Pointcloud/Pointclouds-classification-with-the-POINTNET-Neural-network/PointNetLab/data/ModelNet10_PLY/toilet/test/toilet_0381.ply,9,9,toilet,toilet,0.948448121547699
baseline,1,845,/home/nochi/NOCHI/M2_PAR/Apprenyissage_Pointcloud/Pointclouds-classification-with-the-POINTNET-Neural-network/PointNetLab/data/ModelNet10_PLY/toilet/test/toilet_0382.ply,9,9,toilet,toilet,0.9422829747200012
baseline,1,846,/home/nochi/NOCHI/M2_PAR/Apprenyissage_Pointcloud/Pointclouds-classification-with-the-POINTNET-Neural-network/PointNetLab/data/ModelNet10_PLY/toilet/test/toilet_0383.ply,9,9,toilet,toilet,0.966549813747406
baseline,1,847,/home/nochi/NOCHI/M2_PAR/Apprenyissage_Pointcloud/Pointclouds-classification-with-the-POINTNET-Neural-network/PointNetLab/data/ModelNet10_PLY/toilet/test/toilet_0384.ply,9,9,toilet,toilet,0.48518672585487366
baseline,1,848,/home/nochi/NOCHI/M2_PAR/Apprenyissage_Pointcloud/Pointclouds-classification-with-the-POINTNET-Neural-network/PointNetLab/data/ModelNet10_PLY/toilet/test/toilet_0385.ply,9,9,toilet,toilet,0.983449399471283
baseline,1,849,/home/nochi/NOCHI/M2_PAR/Apprenyissage_Pointcloud/Pointclouds-classification-with-the-POINTNET-Neural-network/PointNetLab/data/ModelNet10_PLY/toilet/test/toilet_0386.ply,9,9,toilet,toilet,0.9901683330535889
baseline,1,850,/home/nochi/NOCHI/M2_PAR/Apprenyissage_Pointcloud/Pointclouds-classification-with-the-POINTNET-Neural-network/PointNetLab/data/ModelNet10_PLY/toilet/test/toilet_0387.ply,9,9,toilet,toilet,0.98851078748703
baseline,1,851,/home/nochi/NOCHI/M2_PAR/Apprenyissage_Pointcloud/Pointclouds-classification-with-the-POINTNET-Neural-network/PointNetLab/data/ModelNet10_PLY/toilet/test/toilet_0388.ply,9,9,toilet,toilet,0.9879500269889832
baseline,1,852,/home/nochi/NOCHI/M2_PAR/Apprenyissage_Pointcloud/Pointclouds-classification-with-the-POINTNET-Neural-network/PointNetLab/data/ModelNet10_PLY/toilet/test/toilet_0389.ply,9,9,toilet,toilet,0.4713403880596161
baseline,1,853,/home/nochi/NOCHI/M2_PAR/Apprenyissage_Pointcloud/Pointclouds-classification-with-the-POINTNET-Neural-network/PointNetLab/data/ModelNet10_PLY/toilet/test/toilet_0390.ply,9,2,toilet,chair,0.7660085558891296
baseline,1,854,/home/nochi/NOCHI/M2_PAR/Apprenyissage_Pointcloud/Pointclouds-classification-with-the-POINTNET-Neural-network/PointNetLab/data/ModelNet10_PLY/toilet/test/toilet_0391.ply,9,8,toilet,table,0.938218355178833
baseline,1,855,/home/nochi/NOCHI/M2_PAR/Apprenyissage_Pointcloud/Pointclouds-classification-with-the-POINTNET-Neural-network/PointNetLab/data/ModelNet10_PLY/toilet/test/toilet_0392.ply,9,8,toilet,table,0.5391687750816345
baseline,1,856,/home/nochi/NOCHI/M2_PAR/Apprenyissage_Pointcloud/Pointclouds-classification-with-the-POINTNET-Neural-network/PointNetLab/data/ModelNet10_PLY/toilet/test/toilet_0393.ply,9,9,toilet,toilet,0.7112393975257874
baseline,1,857,/home/nochi/NOCHI/M2_PAR/Apprenyissage_Pointcloud/Pointclouds-classification-with-the-POINTNET-Neural-network/PointNetLab/data/ModelNet10_PLY/toilet/test/toilet_0394.ply,9,9,toilet,toilet,0.9962589740753174
baseline,1,858,/home/nochi/NOCHI/M2_PAR/Apprenyissage_Pointcloud/Pointclouds-classification-with-the-POINTNET-Neural-network/PointNetLab/data/ModelNet10_PLY/toilet/test/toilet_0395.ply,9,2,toilet,chair,0.8551874160766602
baseline,1,859,/home/nochi/NOCHI/M2_PAR/Apprenyissage_Pointcloud/Pointclouds-classification-with-the-POINTNET-Neural-network/PointNetLab/data/ModelNet10_PLY/toilet/test/toilet_0396.ply,9,9,toilet,toilet,0.9829055070877075
baseline,1,860,/home/nochi/NOCHI/M2_PAR/Apprenyissage_Pointcloud/Pointclouds-classification-with-the-POINTNET-Neural-network/PointNetLab/data/ModelNet10_PLY/toilet/test/toilet_0397.ply,9,9,toilet,toilet,0.9393188953399658
baseline,1,861,/home/nochi/NOCHI/M2_PAR/Apprenyissage_Pointcloud/Pointclouds-classification-with-the-POINTNET-Neural-network/PointNetLab/data/ModelNet10_PLY/toilet/test/toilet_0398.ply,9,9,toilet,toilet,0.9770740866661072
baseline,1,862,/home/nochi/NOCHI/M2_PAR/Apprenyissage_Pointcloud/Pointclouds-classification-with-the-POINTNET-Neural-network/PointNetLab/data/ModelNet10_PLY/toilet/test/toilet_0399.ply,9,9,toilet,toilet,0.9463805556297302
baseline,1,863,/home/nochi/NOCHI/M2_PAR/Apprenyissage_Pointcloud/Pointclouds-classification-with-the-POINTNET-Neural-network/PointNetLab/data/ModelNet10_PLY/toilet/test/toilet_0400.ply,9,9,toilet,toilet,0.9589349031448364
baseline,1,864,/home/nochi/NOCHI/M2_PAR/Apprenyissage_Pointcloud/Pointclouds-classification-with-the-POINTNET-Neural-network/PointNetLab/data/ModelNet10_PLY/toilet/test/toilet_0401.ply,9,9,toilet,toilet,0.8975437879562378
baseline,1,865,/home/nochi/NOCHI/M2_PAR/Apprenyissage_Pointcloud/Pointclouds-classification-with-the-POINTNET-Neural-network/PointNetLab/data/ModelNet10_PLY/toilet/test/toilet_0402.ply,9,9,toilet,toilet,0.9904841780662537
baseline,1,866,/home/nochi/NOCHI/M2_PAR/Apprenyissage_Pointcloud/Pointclouds-classification-with-the-POINTNET-Neural-network/PointNetLab/data/ModelNet10_PLY/toilet/test/toilet_0403.ply,9,9,toilet,toilet,0.9933578372001648
baseline,1,867,/home/nochi/NOCHI/M2_PAR/Apprenyissage_Pointcloud/Pointclouds-classification-with-the-POINTNET-Neural-network/PointNetLab/data/ModelNet10_PLY/toilet/test/toilet_0404.ply,9,9,toilet,toilet,0.9857974052429199
baseline,1,868,/home/nochi/NOCHI/M2_PAR/Apprenyissage_Pointcloud/Pointclouds-classification-with-the-POINTNET-Neural-network/PointNetLab/data/ModelNet10_PLY/toilet/test/toilet_0405.ply,9,8,toilet,table,0.5201188921928406
baseline,1,869,/home/nochi/NOCHI/M2_PAR/Apprenyissage_Pointcloud/Pointclouds-classification-with-the-POINTNET-Neural-network/PointNetLab/data/ModelNet10_PLY/toilet/test/toilet_0406.ply,9,9,toilet,toilet,0.9848403930664062
baseline,1,870,/home/nochi/NOCHI/M2_PAR/Apprenyissage_Pointcloud/Pointclouds-classification-with-the-POINTNET-Neural-network/PointNetLab/data/ModelNet10_PLY/toilet/test/toilet_0407.ply,9,9,toilet,toilet,0.992725133895874
baseline,1,871,/home/nochi/NOCHI/M2_PAR/Apprenyissage_Pointcloud/Pointclouds-classification-with-the-POINTNET-Neural-network/PointNetLab/data/ModelNet10_PLY/toilet/test/toilet_0408.ply,9,9,toilet,toilet,0.9746835231781006
baseline,1,872,/home/nochi/NOCHI/M2_PAR/Apprenyissage_Pointcloud/Pointclouds-classification-with-the-POINTNET-Neural-network/PointNetLab/data/ModelNet10_PLY/toilet/test/toilet_0409.ply,9,9,toilet,toilet,0.970604658126831
baseline,1,873,/home/nochi/NOCHI/M2_PAR/Apprenyissage_Pointcloud/Pointclouds-classification-with-the-POINTNET-Neural-network/PointNetLab/data/ModelNet10_PLY/toilet/test/toilet_0410.ply,9,9,toilet,toilet,0.9875444769859314
baseline,1,874,/home/nochi/NOCHI/M2_PAR/Apprenyissage_Pointcloud/Pointclouds-classification-with-the-POINTNET-Neural-network/PointNetLab/data/ModelNet10_PLY/toilet/test/toilet_0411.ply,9,9,toilet,toilet,0.992664098739624
baseline,1,875,/home/nochi/NOCHI/M2_PAR/Apprenyissage_Pointcloud/Pointclouds-classification-with-the-POINTNET-Neural-network/PointNetLab/data/ModelNet10_PLY/toilet/test/toilet_0412.ply,9,9,toilet,toilet,0.8943456411361694
baseline,1,876,/home/nochi/NOCHI/M2_PAR/Apprenyissage_Pointcloud/Pointclouds-classification-with-the-POINTNET-Neural-network/PointNetLab/data/ModelNet10_PLY/toilet/test/toilet_0413.ply,9,9,toilet,toilet,0.9902411699295044
baseline,1,877,/home/nochi/NOCHI/M2_PAR/Apprenyissage_Pointcloud/Pointclouds-classification-with-the-POINTNET-Neural-network/PointNetLab/data/ModelNet10_PLY/toilet/test/toilet_0414.ply,9,9,toilet,toilet,0.9747297167778015
baseline,1,878,/home/nochi/NOCHI/M2_PAR/Apprenyissage_Pointcloud/Pointclouds-classification-with-the-POINTNET-Neural-network/PointNetLab/data/ModelNet10_PLY/toilet/test/toilet_0415.ply,9,9,toilet,toilet,0.990247905254364
baseline,1,879,/home/nochi/NOCHI/M2_PAR/Apprenyissage_Pointcloud/Pointclouds-classification-with-the-POINTNET-Neural-network/PointNetLab/data/ModelNet10_PLY/toilet/test/toilet_0416.ply,9,9,toilet,toilet,0.9873515367507935
baseline,1,880,/home/nochi/NOCHI/M2_PAR/Apprenyissage_Pointcloud/Pointclouds-classification-with-the-POINTNET-Neural-network/PointNetLab/data/ModelNet10_PLY/toilet/test/toilet_0417.ply,9,9,toilet,toilet,0.9547725915908813
baseline,1,881,/home/nochi/NOCHI/M2_PAR/Apprenyissage_Pointcloud/Pointclouds-classification-with-the-POINTNET-Neural-network/PointNetLab/data/ModelNet10_PLY/toilet/test/toilet_0418.ply,9,9,toilet,toilet,0.7411823868751526
baseline,1,882,/home/nochi/NOCHI/M2_PAR/Apprenyissage_Pointcloud/Pointclouds-classification-with-the-POINTNET-Neural-network/PointNetLab/data/ModelNet10_PLY/toilet/test/toilet_0419.ply,9,9,toilet,toilet,0.9836698174476624
baseline,1,883,/home/nochi/NOCHI/M2_PAR/Apprenyissage_Pointcloud/Pointclouds-classification-with-the-POINTNET-Neural-network/PointNetLab/data/ModelNet10_PLY/toilet/test/toilet_0420.ply,9,9,toilet,toilet,0.7998825311660767
baseline,1,884,/home/nochi/NOCHI/M2_PAR/Apprenyissage_Pointcloud/Pointclouds-classification-with-the-POINTNET-Neural-network/PointNetLab/data/ModelNet10_PLY/toilet/test/toilet_0421.ply,9,9,toilet,toilet,0.9733020067214966
baseline,1,885,/home/nochi/NOCHI/M2_PAR/Apprenyissage_Pointcloud/Pointclouds-classification-with-the-POINTNET-Neural-network/PointNetLab/data/ModelNet10_PLY/toilet/test/toilet_0422.ply,9,9,toilet,toilet,0.9610535502433777
baseline,1,886,/home/nochi/NOCHI/M2_PAR/Apprenyissage_Pointcloud/Pointclouds-classification-with-the-POINTNET-Neural-network/PointNetLab/data/ModelNet10_PLY/toilet/test/toilet_0423.ply,9,9,toilet,toilet,0.9395798444747925
baseline,1,887,/home/nochi/NOCHI/M2_PAR/Apprenyissage_Pointcloud/Pointclouds-classification-with-the-POINTNET-Neural-network/PointNetLab/data/ModelNet10_PLY/toilet/test/toilet_0424.ply,9,9,toilet,toilet,0.8591794967651367
baseline,1,888,/home/nochi/NOCHI/M2_PAR/Apprenyissage_Pointcloud/Pointclouds-classification-with-the-POINTNET-Neural-network/PointNetLab/data/ModelNet10_PLY/toilet/test/toilet_0425.ply,9,3,toilet,desk,0.8226065039634705
baseline,1,889,/home/nochi/NOCHI/M2_PAR/Apprenyissage_Pointcloud/Pointclouds-classification-with-the-POINTNET-Neural-network/PointNetLab/data/ModelNet10_PLY/toilet/test/toilet_0426.ply,9,9,toilet,toilet,0.9730971455574036
baseline,1,890,/home/nochi/NOCHI/M2_PAR/Apprenyissage_Pointcloud/Pointclouds-classification-with-the-POINTNET-Neural-network/PointNetLab/data/ModelNet10_PLY/toilet/test/toilet_0427.ply,9,9,toilet,toilet,0.9582198858261108
baseline,1,891,/home/nochi/NOCHI/M2_PAR/Apprenyissage_Pointcloud/Pointclouds-classification-with-the-POINTNET-Neural-network/PointNetLab/data/ModelNet10_PLY/toilet/test/toilet_0428.ply,9,9,toilet,toilet,0.976895272731781
baseline,1,892,/home/nochi/NOCHI/M2_PAR/Apprenyissage_Pointcloud/Pointclouds-classification-with-the-POINTNET-Neural-network/PointNetLab/data/ModelNet10_PLY/toilet/test/toilet_0429.ply,9,9,toilet,toilet,0.9893878698348999
baseline,1,893,/home/nochi/NOCHI/M2_PAR/Apprenyissage_Pointcloud/Pointclouds-classification-with-the-POINTNET-Neural-network/PointNetLab/data/ModelNet10_PLY/toilet/test/toilet_0430.ply,9,9,toilet,toilet,0.9329735636711121
baseline,1,894,/home/nochi/NOCHI/M2_PAR/Apprenyissage_Pointcloud/Pointclouds-classification-with-the-POINTNET-Neural-network/PointNetLab/data/ModelNet10_PLY/toilet/test/toilet_0431.ply,9,9,toilet,toilet,0.9864906072616577
baseline,1,895,/home/nochi/NOCHI/M2_PAR/Apprenyissage_Pointcloud/Pointclouds-classification-with-the-POINTNET-Neural-network/PointNetLab/data/ModelNet10_PLY/toilet/test/toilet_0432.ply,9,9,toilet,toilet,0.8951408267021179
baseline,1,896,/home/nochi/NOCHI/M2_PAR/Apprenyissage_Pointcloud/Pointclouds-classification-with-the-POINTNET-Neural-network/PointNetLab/data/ModelNet10_PLY/toilet/test/toilet_0433.ply,9,9,toilet,toilet,0.9747740030288696
baseline,1,897,/home/nochi/NOCHI/M2_PAR/Apprenyissage_Pointcloud/Pointclouds-classification-with-the-POINTNET-Neural-network/PointNetLab/data/ModelNet10_PLY/toilet/test/toilet_0434.ply,9,2,toilet,chair,0.950542151927948
baseline,1,898,/home/nochi/NOCHI/M2_PAR/Apprenyissage_Pointcloud/Pointclouds-classification-with-the-POINTNET-Neural-network/PointNetLab/data/ModelNet10_PLY/toilet/test/toilet_0435.ply,9,9,toilet,toilet,0.9881242513656616
baseline,1,899,/home/nochi/NOCHI/M2_PAR/Apprenyissage_Pointcloud/Pointclouds-classification-with-the-POINTNET-Neural-network/PointNetLab/data/ModelNet10_PLY/toilet/test/toilet_0436.ply,9,9,toilet,toilet,0.9813947081565857
baseline,1,900,/home/nochi/NOCHI/M2_PAR/Apprenyissage_Pointcloud/Pointclouds-classification-with-the-POINTNET-Neural-network/PointNetLab/data/ModelNet10_PLY/toilet/test/toilet_0437.ply,9,9,toilet,toilet,0.9407303929328918
baseline,1,901,/home/nochi/NOCHI/M2_PAR/Apprenyissage_Pointcloud/Pointclouds-classification-with-the-POINTNET-Neural-network/PointNetLab/data/ModelNet10_PLY/toilet/test/toilet_0438.ply,9,9,toilet,toilet,0.9793939590454102
baseline,1,902,/home/nochi/NOCHI/M2_PAR/Apprenyissage_Pointcloud/Pointclouds-classification-with-the-POINTNET-Neural-network/PointNetLab/data/ModelNet10_PLY/toilet/test/toilet_0439.ply,9,9,toilet,toilet,0.991986870765686
baseline,1,903,/home/nochi/NOCHI/M2_PAR/Apprenyissage_Pointcloud/Pointclouds-classification-with-the-POINTNET-Neural-network/PointNetLab/data/ModelNet10_PLY/toilet/test/toilet_0440.ply,9,9,toilet,toilet,0.9841493964195251
baseline,1,904,/home/nochi/NOCHI/M2_PAR/Apprenyissage_Pointcloud/Pointclouds-classification-with-the-POINTNET-Neural-network/PointNetLab/data/ModelNet10_PLY/toilet/test/toilet_0441.ply,9,9,toilet,toilet,0.9845232963562012
baseline,1,905,/home/nochi/NOCHI/M2_PAR/Apprenyissage_Pointcloud/Pointclouds-classification-with-the-POINTNET-Neural-network/PointNetLab/data/ModelNet10_PLY/toilet/test/toilet_0442.ply,9,9,toilet,toilet,0.9903801679611206
baseline,1,906,/home/nochi/NOCHI/M2_PAR/Apprenyissage_Pointcloud/Pointclouds-classification-with-the-POINTNET-Neural-network/PointNetLab/data/ModelNet10_PLY/toilet/test/toilet_0443.ply,9,9,toilet,toilet,0.9865378141403198
baseline,1,907,/home/nochi/NOCHI/M2_PAR/Apprenyissage_Pointcloud/Pointclouds-classification-with-the-POINTNET-Neural-network/PointNetLab/data/ModelNet10_PLY/toilet/test/toilet_0444.ply,9,9,toilet,toilet,0.9850893616676331
